transaction_id,account_id,transaction_date,transaction_type,amount_gbp,transaction_country,channel
TX000001,20500,2026-01-30 11:32:12,Bank Transfer,264.33,United Kingdom,ATM
TX000002,20272,2026-05-10 23:20:03,Bank Transfer,91.42,United Kingdom,Online
TX000003,20421,2026-09-09 05:53:10,Card Purchase,12.19,United States,ATM
TX000004,20264,2026-08-11 20:56:17,Bank Transfer,487.8,Nigeria,ATM
TX000005,20323,2026-08-25 20:07:40,Card Purchase,25.04,United Kingdom,Mobile
TX000006,20439,2026-11-11 22:23:48,Deposit,131.56,United Kingdom,Mobile
TX000007,20558,2026-03-10 18:51:08,Card Purchase,18337.13,United Kingdom,Online
TX000008,20229,2026-01-18 17:46:30,Card Purchase,690.54,United Kingdom,ATM
TX000009,20641,2026-04-30 18:16:32,Card Purchase,180.85,United Kingdom,Mobile
TX000010,20052,2026-08-21 21:11:20,Cash Withdrawal,87.27,United Kingdom,Mobile
TX000011,20547,2026-05-23 15:18:02,Card Purchase,14.14,United Kingdom,Card
TX000012,20396,2026-10-01 21:28:49,Card Purchase,56.89,United Kingdom,Mobile
TX000013,20653,2026-11-06 16:39:47,Bank Transfer,105.17,Germany,ATM
TX000014,20223,2026-10-28 05:46:12,Card Purchase,26.29,United Kingdom,Card
TX000015,20479,2026-11-08 16:59:16,Cash Withdrawal,119.6,Nigeria,Mobile
TX000016,20586,2026-05-10 01:59:52,Bank Transfer,58.94,United States,Card
TX000017,20605,2026-05-01 16:50:34,Card Purchase,29.39,United Kingdom,Card
TX000018,20231,2026-11-05 04:00:18,Card Purchase,46.68,Ireland,Online
TX000019,20267,2026-01-17 08:39:26,Direct Debit,387.13,United Kingdom,Online
TX000020,20418,2026-03-02 01:46:43,Direct Debit,29.5,Netherlands,ATM
TX000021,20094,2026-09-04 05:38:11,Card Purchase,176.15,United Kingdom,Mobile
TX000022,20644,2026-04-08 02:43:33,Card Purchase,51.15,Spain,ATM
TX000023,20627,2026-07-21 16:48:30,Card Purchase,35.34,United States,Online
TX000024,20434,2026-02-11 01:43:01,Deposit,96.18,United Kingdom,ATM
TX000025,20660,2026-04-09 11:23:47,Card Purchase,6.36,United Kingdom,ATM
TX000026,20268,2026-07-14 19:37:09,Card Purchase,52.66,United Kingdom,Branch
TX000027,20673,2026-02-07 10:25:34,Bank Transfer,33.69,Singapore,Online
TX000028,20332,2026-03-23 00:55:37,Card Purchase,106.44,Singapore,Card
TX000029,20147,2026-06-30 05:20:52,Bank Transfer,67.59,United Kingdom,ATM
TX000030,20100,2026-04-25 14:24:12,Card Purchase,47.47,United Kingdom,Card
TX000031,20439,2026-11-26 10:28:08,Card Purchase,9.78,United Kingdom,ATM
TX000032,20450,2026-05-13 23:00:32,Cash Withdrawal,86.6,United Kingdom,Card
TX000033,20651,2026-12-10 04:37:11,Bank Transfer,17.97,United Kingdom,Mobile
TX000034,20476,2026-01-15 01:45:28,Bank Transfer,169.72,Nigeria,Card
TX000035,20433,2026-12-01 01:11:38,Bank Transfer,90.31,United Kingdom,Online
TX000036,20613,2026-01-20 07:55:28,Card Purchase,286.14,France,Card
TX000037,20034,2026-07-24 01:57:20,Direct Debit,73.14,United Kingdom,Card
TX000038,20659,2026-08-03 20:01:47,Deposit,503.93,United Kingdom,Card
TX000039,20246,2026-02-04 16:10:08,Bank Transfer,10856.8,United Kingdom,Online
TX000040,20220,2026-12-24 18:01:35,Bank Transfer,208.16,Nigeria,Online
TX000041,20292,2026-08-23 19:51:52,Bank Transfer,67.37,United Kingdom,Mobile
TX000042,20166,2026-09-19 18:59:08,Cash Withdrawal,39.67,Nigeria,Mobile
TX000043,20394,2026-03-13 07:38:25,Bank Transfer,101.19,Ireland,Card
TX000044,20478,2026-05-28 15:59:06,Direct Debit,168.7,United Kingdom,Mobile
TX000045,20449,2026-03-26 11:12:14,Direct Debit,281.63,United Kingdom,Card
TX000046,20162,2026-12-31 04:57:26,Deposit,107.89,Nigeria,Card
TX000047,20250,2026-06-24 22:27:23,Card Purchase,59.28,Singapore,ATM
TX000048,20370,2026-11-25 07:43:51,Card Purchase,101.5,France,Mobile
TX000049,20223,2026-04-13 22:25:12,Card Purchase,32.03,Spain,Card
TX000050,20189,2026-01-21 04:19:08,Card Purchase,78.87,United States,Mobile
TX000051,20516,2026-08-17 13:22:12,Deposit,46.35,United States,Card
TX000052,20369,2026-11-08 17:58:43,Bank Transfer,27.71,Spain,Mobile
TX000053,20216,2026-07-02 17:54:54,Direct Debit,44.15,United Kingdom,Mobile
TX000054,20592,2026-09-11 05:29:54,Card Purchase,151.58,United Kingdom,Mobile
TX000055,20162,2026-04-23 17:44:58,Cash Withdrawal,124.46,United Kingdom,Mobile
TX000056,20460,2026-07-30 01:01:50,Card Purchase,52.3,Singapore,ATM
TX000057,20373,2026-10-17 23:23:48,Direct Debit,134.26,Nigeria,Mobile
TX000058,20010,2026-08-09 08:43:39,Bank Transfer,35.76,Germany,Card
TX000059,20277,2026-07-07 21:31:30,Direct Debit,170.11,United Kingdom,Branch
TX000060,20102,2026-08-11 21:27:33,Bank Transfer,170.01,Netherlands,Card
TX000061,20201,2026-12-28 13:07:24,Card Purchase,77.38,United Kingdom,Card
TX000062,20137,2026-07-10 23:02:13,Card Purchase,420.85,Netherlands,ATM
TX000063,20403,2026-11-04 03:54:36,Direct Debit,46.73,United Kingdom,Online
TX000064,20627,2026-08-22 14:20:53,Card Purchase,25.24,United Kingdom,Mobile
TX000065,20139,2026-09-26 04:22:35,Bank Transfer,11.78,United Kingdom,Card
TX000066,20635,2026-09-30 12:46:03,Cash Withdrawal,663.61,Netherlands,Card
TX000067,20378,2026-04-20 01:30:35,Deposit,92.79,United Kingdom,ATM
TX000068,20354,2026-06-23 23:08:44,Bank Transfer,18.71,France,Mobile
TX000069,20496,2026-10-15 06:31:19,Bank Transfer,16.82,United Kingdom,Card
TX000070,20553,2026-02-27 19:10:03,Card Purchase,351.04,United Kingdom,ATM
TX000071,20506,2026-10-07 08:09:29,Card Purchase,280.36,United Kingdom,Mobile
TX000072,20160,2026-07-26 15:23:10,Card Purchase,1015.58,Spain,Online
TX000073,20363,2026-03-28 17:36:27,Deposit,138.1,Netherlands,Card
TX000074,20478,2026-08-13 15:45:26,Card Purchase,26.87,Ireland,ATM
TX000075,20171,2026-11-01 20:16:48,Bank Transfer,100.94,United Kingdom,Card
TX000076,20544,2026-03-05 14:23:31,Direct Debit,134.68,Singapore,Mobile
TX000077,20277,2026-07-23 06:27:30,Card Purchase,20325.98,UAE,Online
TX000078,20179,2026-09-25 11:05:20,Deposit,54.61,United Kingdom,Mobile
TX000079,20111,2026-05-13 12:08:59,Bank Transfer,66.93,Netherlands,Mobile
TX000080,20420,2026-10-21 12:51:26,Direct Debit,181.33,United States,Card
TX000081,20011,2026-01-01 05:01:36,Card Purchase,31.86,United Kingdom,Card
TX000082,20539,2026-03-31 23:32:51,Deposit,119.89,Singapore,ATM
TX000083,20327,2026-06-02 22:02:08,Card Purchase,19.89,Spain,Online
TX000084,20475,2026-03-05 14:29:22,Cash Withdrawal,82.15,Singapore,Online
TX000085,20395,2026-07-03 03:00:29,Card Purchase,93.9,United Kingdom,Card
TX000086,20431,2026-11-25 12:28:55,Direct Debit,31.29,United Kingdom,Branch
TX000087,20341,2026-04-27 17:19:27,Card Purchase,80.91,United Kingdom,Card
TX000088,20216,2026-11-18 01:05:02,Deposit,70.49,United Kingdom,Online
TX000089,20017,2026-11-05 12:25:50,Direct Debit,274.84,United Kingdom,Online
TX000090,20635,2026-11-26 00:27:39,Bank Transfer,77.73,United Kingdom,Mobile
TX000091,20620,2026-12-23 13:58:30,Card Purchase,27.85,Germany,Branch
TX000092,20521,2026-01-08 15:11:39,Bank Transfer,100.06,Germany,ATM
TX000093,20459,2026-01-06 14:03:15,Direct Debit,33.12,United Kingdom,ATM
TX000094,20508,2026-11-25 17:17:13,Bank Transfer,230.04,United Kingdom,Branch
TX000095,20355,2026-07-07 22:36:45,Deposit,205.92,United Kingdom,Online
TX000096,20482,2026-06-29 19:13:45,Bank Transfer,228.77,UAE,Mobile
TX000097,20640,2026-11-26 10:56:35,Card Purchase,72.84,Singapore,ATM
TX000098,20468,2026-09-18 22:27:50,Card Purchase,78.3,France,Card
TX000099,20327,2026-04-02 15:46:26,Bank Transfer,131.12,United Kingdom,Mobile
TX000100,20248,2026-10-19 09:52:24,Card Purchase,63.74,United Kingdom,Mobile
TX000101,20501,2026-03-10 08:19:25,Card Purchase,97.79,United States,Mobile
TX000102,20620,2026-11-16 14:33:52,Bank Transfer,385.36,United Kingdom,Card
TX000103,20365,2026-07-17 00:29:07,Direct Debit,280.22,United Kingdom,Online
TX000104,20051,2026-04-19 23:46:02,Bank Transfer,236.5,United Kingdom,ATM
TX000105,20602,2026-10-16 11:41:38,Cash Withdrawal,73.72,United Kingdom,Online
TX000106,20504,2026-03-10 07:02:36,Direct Debit,64.66,UAE,Mobile
TX000107,20083,2026-07-24 20:03:25,Deposit,104.47,United Kingdom,Online
TX000108,20213,2026-07-20 07:19:27,Deposit,311.39,United Kingdom,Card
TX000109,20177,2026-07-17 23:58:50,Direct Debit,101.97,Spain,ATM
TX000110,20034,2026-10-19 18:29:03,Deposit,52.29,Singapore,Mobile
TX000111,20573,2026-05-26 18:35:36,Card Purchase,23.93,United Kingdom,Card
TX000112,20569,2026-07-26 09:57:53,Direct Debit,10.13,Spain,Mobile
TX000113,20028,2026-12-09 03:26:42,Direct Debit,101.85,France,ATM
TX000114,20222,2026-03-06 17:22:41,Bank Transfer,30.19,United Kingdom,Branch
TX000115,20193,2026-12-15 13:19:18,Direct Debit,629.66,United Kingdom,ATM
TX000116,20158,2026-10-12 07:20:14,Card Purchase,23.99,United Kingdom,Mobile
TX000117,20504,2026-02-22 15:24:42,Card Purchase,413.87,United Kingdom,Card
TX000118,20048,2026-04-30 10:34:01,Cash Withdrawal,19.96,Nigeria,Mobile
TX000119,20333,2026-02-19 05:04:41,Bank Transfer,38.6,Netherlands,Branch
TX000120,20073,2026-09-04 00:09:01,Card Purchase,110.31,United Kingdom,Mobile
TX000121,20233,2026-09-17 13:33:35,Card Purchase,66.13,United Kingdom,Online
TX000122,20018,2026-07-17 03:36:16,Direct Debit,210.59,United Kingdom,Online
TX000123,20424,2026-10-22 19:00:38,Card Purchase,35.64,United Kingdom,Card
TX000124,20177,2026-01-02 05:02:50,Cash Withdrawal,32.12,United Kingdom,Mobile
TX000125,20208,2026-10-02 21:01:29,Bank Transfer,67.2,United Kingdom,Online
TX000126,20009,2026-11-24 16:40:44,Card Purchase,177.22,Netherlands,Online
TX000127,20615,2026-04-25 22:19:20,Card Purchase,161.64,United Kingdom,Mobile
TX000128,20164,2026-07-23 03:01:00,Card Purchase,91.98,United States,Branch
TX000129,20302,2026-12-19 21:24:51,Card Purchase,116.55,Netherlands,Online
TX000130,20075,2026-12-26 06:10:40,Direct Debit,27.95,France,Online
TX000131,20499,2026-04-19 23:45:28,Card Purchase,136.09,United Kingdom,Card
TX000132,20607,2026-07-06 11:12:48,Bank Transfer,192.1,United Kingdom,Card
TX000133,20427,2026-08-16 14:50:11,Card Purchase,46.24,United Kingdom,Online
TX000134,20168,2026-10-10 01:17:00,Deposit,64.17,France,Mobile
TX000135,20323,2026-04-11 01:08:01,Card Purchase,56.88,Germany,Card
TX000136,20464,2026-08-16 00:36:02,Card Purchase,49.06,United Kingdom,Mobile
TX000137,20572,2026-12-09 20:52:49,Cash Withdrawal,161.75,United States,Mobile
TX000138,20161,2026-09-04 02:56:50,Bank Transfer,139.05,Netherlands,Mobile
TX000139,20003,2026-03-28 12:13:12,Card Purchase,217.25,United Kingdom,Card
TX000140,20337,2026-01-05 14:51:27,Card Purchase,39.01,UAE,Card
TX000141,20473,2026-11-22 14:37:53,Card Purchase,16.39,UAE,Card
TX000142,20445,2026-09-05 10:16:37,Bank Transfer,13.01,UAE,Card
TX000143,20150,2026-07-16 21:12:07,Card Purchase,84.87,Spain,Mobile
TX000144,20019,2026-04-10 07:55:14,Card Purchase,67.14,Netherlands,Branch
TX000145,20151,2026-03-25 16:05:16,Direct Debit,8.26,United Kingdom,Mobile
TX000146,20155,2026-09-21 19:48:50,Bank Transfer,61.41,Netherlands,Branch
TX000147,20606,2026-08-30 17:38:45,Card Purchase,68.31,United Kingdom,Card
TX000148,20548,2026-04-22 00:34:24,Card Purchase,66.52,United Kingdom,Mobile
TX000149,20271,2026-11-10 15:03:36,Direct Debit,75.66,United Kingdom,Mobile
TX000150,20530,2026-07-30 11:56:39,Direct Debit,130.28,Nigeria,Mobile
TX000151,20192,2026-05-03 00:51:09,Card Purchase,253.23,France,ATM
TX000152,20040,2026-10-08 12:37:54,Card Purchase,279.9,United Kingdom,Card
TX000153,20425,2026-10-29 09:28:52,Bank Transfer,1376.67,United Kingdom,ATM
TX000154,20280,2026-02-04 22:07:38,Card Purchase,49.61,United Kingdom,Online
TX000155,20457,2026-06-09 04:50:17,Deposit,40.5,Netherlands,Card
TX000156,20435,2026-11-20 00:48:36,Direct Debit,200.43,United Kingdom,ATM
TX000157,20030,2026-08-26 10:01:33,Deposit,90.29,Ireland,Online
TX000158,20075,2026-08-26 19:47:52,Card Purchase,140.81,United Kingdom,Card
TX000159,20054,2026-04-05 00:54:53,Card Purchase,166.53,France,Card
TX000160,20508,2026-10-15 14:47:53,Card Purchase,14.73,United States,Mobile
TX000161,20496,2026-11-10 02:39:54,Card Purchase,62.61,France,Branch
TX000162,20210,2026-01-20 19:00:47,Bank Transfer,167.26,Singapore,Online
TX000163,20091,2026-05-12 11:59:44,Card Purchase,271.09,Spain,Mobile
TX000164,20228,2026-01-27 09:46:18,Card Purchase,195.79,United Kingdom,Mobile
TX000165,20517,2026-03-11 21:14:54,Bank Transfer,53.08,United Kingdom,Branch
TX000166,20445,2026-12-17 08:19:16,Bank Transfer,85.35,France,Mobile
TX000167,20197,2026-07-26 01:31:42,Bank Transfer,216.28,UAE,Card
TX000168,20182,2026-10-28 12:56:38,Card Purchase,17.48,United Kingdom,Card
TX000169,20461,2026-06-28 09:50:44,Bank Transfer,439.79,United Kingdom,Online
TX000170,20472,2026-03-26 17:42:40,Card Purchase,40.62,United Kingdom,Mobile
TX000171,20331,2026-10-07 17:11:26,Deposit,226.15,United Kingdom,Online
TX000172,20260,2026-06-20 15:29:16,Card Purchase,886.21,Ireland,ATM
TX000173,20566,2026-11-26 16:06:59,Card Purchase,423.21,Nigeria,ATM
TX000174,20131,2026-12-03 23:47:48,Bank Transfer,29.53,France,Online
TX000175,20149,2026-06-30 04:24:16,Bank Transfer,280.5,United Kingdom,Online
TX000176,20274,2026-06-12 01:26:38,Card Purchase,39.07,United Kingdom,Mobile
TX000177,20490,2026-01-08 03:18:58,Card Purchase,403.29,United Kingdom,ATM
TX000178,20363,2026-09-10 02:30:31,Card Purchase,91.9,Ireland,Online
TX000179,20044,2026-08-23 12:57:54,Card Purchase,14.44,United Kingdom,Mobile
TX000180,20675,2026-03-08 14:58:50,Bank Transfer,161.74,United States,Card
TX000181,20646,2026-01-22 12:37:48,Bank Transfer,92.18,United Kingdom,Mobile
TX000182,20610,2026-03-30 15:11:59,Direct Debit,102.63,United States,Card
TX000183,20524,2026-02-09 04:03:40,Bank Transfer,14.52,United States,Online
TX000184,20320,2026-04-17 13:25:00,Direct Debit,170.06,United Kingdom,Mobile
TX000185,20164,2026-01-14 18:16:06,Card Purchase,281.27,United Kingdom,Card
TX000186,20488,2026-04-14 05:52:21,Card Purchase,90.91,United States,Mobile
TX000187,20312,2026-04-25 17:41:16,Deposit,96.54,France,Mobile
TX000188,20631,2026-05-11 03:37:53,Card Purchase,74.78,United Kingdom,Mobile
TX000189,20317,2026-03-26 10:07:49,Cash Withdrawal,41.16,United States,Mobile
TX000190,20528,2026-07-08 04:39:05,Bank Transfer,80.79,United Kingdom,ATM
TX000191,20205,2026-09-17 18:21:55,Card Purchase,55.51,United Kingdom,Mobile
TX000192,20533,2026-06-09 06:43:03,Card Purchase,690.33,United Kingdom,Mobile
TX000193,20020,2026-01-23 07:47:57,Bank Transfer,123.44,Nigeria,Online
TX000194,20058,2026-12-08 05:37:47,Cash Withdrawal,90.21,United Kingdom,Mobile
TX000195,20132,2026-02-07 06:57:00,Card Purchase,120.7,United Kingdom,Mobile
TX000196,20069,2026-05-20 05:36:09,Direct Debit,24.7,Nigeria,Online
TX000197,20029,2026-11-10 16:33:28,Cash Withdrawal,14342.71,United Kingdom,ATM
TX000198,20629,2026-05-19 05:50:28,Card Purchase,81.38,Nigeria,Online
TX000199,20364,2026-09-14 19:15:54,Deposit,173.46,United States,Branch
TX000200,20376,2026-12-04 16:38:13,Cash Withdrawal,6.21,United Kingdom,Online
TX000201,20466,2026-06-05 06:31:18,Card Purchase,328.89,United Kingdom,Online
TX000202,20458,2026-09-24 04:17:13,Card Purchase,48.19,France,Online
TX000203,20010,2026-06-22 07:02:45,Card Purchase,42.94,Spain,Online
TX000204,20662,2026-10-21 09:36:03,Bank Transfer,192.19,United Kingdom,ATM
TX000205,20099,2026-08-26 12:17:30,Deposit,2.19,United Kingdom,ATM
TX000206,20146,2026-03-15 04:35:18,Bank Transfer,229.55,United Kingdom,Mobile
TX000207,20181,2026-08-09 01:44:50,Cash Withdrawal,36.73,Netherlands,Branch
TX000208,20433,2026-06-27 08:56:20,Bank Transfer,96.27,United Kingdom,ATM
TX000209,20667,2026-07-02 17:53:18,Card Purchase,68.96,UAE,Branch
TX000210,20015,2026-01-20 18:17:50,Bank Transfer,56.45,United Kingdom,ATM
TX000211,20327,2026-09-26 17:26:39,Cash Withdrawal,152.52,United Kingdom,Mobile
TX000212,20414,2026-09-23 22:46:42,Bank Transfer,140.26,United Kingdom,Online
TX000213,20029,2026-04-04 09:25:59,Card Purchase,495.55,Nigeria,ATM
TX000214,20231,2026-04-02 10:26:09,Card Purchase,83.25,United Kingdom,Mobile
TX000215,20337,2026-07-22 11:44:26,Direct Debit,458.44,Netherlands,Mobile
TX000216,20312,2026-09-10 23:37:49,Bank Transfer,279.1,United Kingdom,Card
TX000217,20223,2026-03-06 02:12:11,Direct Debit,200.54,Nigeria,Card
TX000218,20503,2026-07-16 07:54:58,Bank Transfer,55.52,France,Card
TX000219,20286,2026-03-23 23:41:06,Bank Transfer,230.42,United Kingdom,Mobile
TX000220,20185,2026-05-12 05:39:29,Card Purchase,145.85,United Kingdom,Online
TX000221,20400,2026-02-10 14:49:04,Card Purchase,44.65,Nigeria,Mobile
TX000222,20403,2026-07-06 19:37:51,Card Purchase,95.34,United Kingdom,Mobile
TX000223,20646,2026-08-06 16:41:56,Card Purchase,30.1,United Kingdom,Card
TX000224,20265,2026-05-16 11:01:42,Card Purchase,137.12,United Kingdom,Online
TX000225,20426,2026-05-07 14:55:57,Card Purchase,63.45,United Kingdom,Online
TX000226,20370,2026-07-31 00:34:50,Cash Withdrawal,23.68,United Kingdom,Card
TX000227,20098,2026-08-24 10:04:54,Card Purchase,225.44,United Kingdom,Online
TX000228,20439,2026-11-23 22:22:38,Bank Transfer,532.81,France,Online
TX000229,20352,2026-07-24 01:08:30,Card Purchase,71.46,France,Online
TX000230,20391,2026-04-01 00:23:34,Direct Debit,80.81,United Kingdom,Online
TX000231,20310,2026-04-06 16:33:45,Bank Transfer,135.51,United Kingdom,Mobile
TX000232,20002,2026-03-26 06:12:39,Card Purchase,229.85,Nigeria,Branch
TX000233,20186,2026-12-14 10:39:17,Card Purchase,209.35,Ireland,Card
TX000234,20354,2026-04-26 04:00:52,Bank Transfer,12.34,France,Mobile
TX000235,20459,2026-12-24 20:54:59,Card Purchase,27.62,Ireland,Card
TX000236,20298,2026-01-06 11:46:15,Card Purchase,32.01,United Kingdom,Card
TX000237,20116,2026-11-16 19:59:16,Card Purchase,61.82,United Kingdom,Mobile
TX000238,20130,2026-10-11 18:12:05,Bank Transfer,68.12,United States,Online
TX000239,20112,2026-12-08 05:34:26,Direct Debit,42.54,United States,ATM
TX000240,20205,2026-05-30 06:25:42,Card Purchase,220.83,Nigeria,Branch
TX000241,20495,2026-05-16 03:57:21,Direct Debit,248.9,France,Online
TX000242,20274,2026-11-29 12:23:51,Deposit,373.62,Singapore,Mobile
TX000243,20276,2026-12-20 18:23:30,Card Purchase,2.53,France,Online
TX000244,20423,2026-06-27 12:56:14,Direct Debit,128.75,United Kingdom,Online
TX000245,20013,2026-07-08 06:30:33,Card Purchase,40.06,United Kingdom,Online
TX000246,20602,2026-07-24 06:34:41,Card Purchase,45.31,United Kingdom,Mobile
TX000247,20088,2026-12-20 10:00:35,Cash Withdrawal,1447.47,United Kingdom,Mobile
TX000248,20514,2026-03-21 04:57:08,Card Purchase,14.88,United Kingdom,Mobile
TX000249,20198,2026-10-31 16:20:48,Deposit,8.01,Ireland,Online
TX000250,20659,2026-11-19 09:44:19,Direct Debit,242.98,United Kingdom,Mobile
TX000251,20556,2026-07-10 15:38:04,Bank Transfer,307.29,United Kingdom,Mobile
TX000252,20432,2026-09-10 09:12:15,Direct Debit,264.79,Singapore,Mobile
TX000253,20331,2026-03-26 01:34:12,Card Purchase,78.02,Spain,Mobile
TX000254,20008,2026-11-18 01:05:40,Direct Debit,89.21,United Kingdom,Online
TX000255,20381,2026-12-06 05:15:38,Bank Transfer,90.61,United Kingdom,Card
TX000256,20401,2026-04-15 21:44:42,Deposit,66.36,Netherlands,Online
TX000257,20483,2026-04-25 16:47:11,Direct Debit,162.97,United States,Mobile
TX000258,20190,2026-07-29 00:33:09,Card Purchase,76.98,United Kingdom,Mobile
TX000259,20631,2026-01-19 21:20:15,Card Purchase,11931.62,Netherlands,Online
TX000260,20621,2026-09-09 00:17:40,Card Purchase,66.63,United Kingdom,Mobile
TX000261,20005,2026-01-25 18:19:17,Card Purchase,22.18,United Kingdom,Online
TX000262,20529,2026-10-12 11:40:19,Bank Transfer,83.35,United States,Mobile
TX000263,20483,2026-01-12 23:11:54,Direct Debit,19.89,United Kingdom,Branch
TX000264,20095,2026-06-26 09:21:27,Card Purchase,56.06,United Kingdom,Branch
TX000265,20062,2026-09-08 09:50:58,Card Purchase,157.03,United Kingdom,Mobile
TX000266,20546,2026-10-08 18:34:58,Bank Transfer,285.47,United Kingdom,Mobile
TX000267,20030,2026-06-21 20:14:58,Cash Withdrawal,367.75,United States,Card
TX000268,20089,2026-05-09 23:40:34,Card Purchase,32.43,United Kingdom,Card
TX000269,20123,2026-08-01 16:54:02,Card Purchase,48.49,United Kingdom,Mobile
TX000270,20577,2026-07-29 22:19:17,Direct Debit,32.09,United Kingdom,Mobile
TX000271,20146,2026-11-16 21:29:32,Card Purchase,125.2,UAE,Mobile
TX000272,20060,2026-01-21 01:15:13,Card Purchase,70.83,United Kingdom,Mobile
TX000273,20643,2026-06-01 15:56:51,Card Purchase,160.84,Singapore,Mobile
TX000274,20636,2026-08-09 17:46:24,Card Purchase,441.53,United Kingdom,Card
TX000275,20202,2026-09-13 08:41:34,Card Purchase,49.93,Germany,Mobile
TX000276,20452,2026-07-23 18:54:06,Direct Debit,359.72,United Kingdom,Card
TX000277,20135,2026-11-10 09:40:21,Bank Transfer,8.22,United Kingdom,Online
TX000278,20051,2026-09-29 11:35:49,Card Purchase,11.51,United Kingdom,ATM
TX000279,20641,2026-06-01 06:51:04,Bank Transfer,129.14,United Kingdom,Branch
TX000280,20412,2026-12-16 20:05:45,Deposit,129.68,United Kingdom,Mobile
TX000281,20042,2026-10-31 03:38:10,Bank Transfer,351.02,United Kingdom,Online
TX000282,20038,2026-07-25 00:42:30,Bank Transfer,282.16,United Kingdom,ATM
TX000283,20576,2026-04-13 18:59:23,Cash Withdrawal,30.56,Ireland,Mobile
TX000284,20283,2026-12-31 11:28:04,Card Purchase,246.81,Nigeria,Card
TX000285,20417,2026-07-27 09:29:09,Bank Transfer,254.9,Spain,Mobile
TX000286,20423,2026-11-29 07:57:50,Bank Transfer,61.73,Ireland,Mobile
TX000287,20640,2026-09-10 10:09:40,Direct Debit,12.29,United Kingdom,Mobile
TX000288,20104,2026-05-13 10:35:26,Bank Transfer,159.98,United Kingdom,Online
TX000289,20320,2026-01-23 16:30:52,Deposit,100.93,United Kingdom,Card
TX000290,20252,2026-01-31 11:55:48,Card Purchase,458.61,Germany,Card
TX000291,20386,2026-02-27 01:15:39,Deposit,89.64,United Kingdom,Card
TX000292,20525,2026-01-22 14:40:29,Cash Withdrawal,41.33,United Kingdom,Mobile
TX000293,20061,2026-02-09 20:27:06,Deposit,29.53,United Kingdom,Card
TX000294,20406,2026-08-08 19:54:01,Card Purchase,133.89,United Kingdom,Mobile
TX000295,20044,2026-02-22 20:25:37,Direct Debit,77.17,Germany,Mobile
TX000296,20381,2026-05-12 10:03:21,Bank Transfer,38.54,United Kingdom,Branch
TX000297,20546,2026-08-21 03:40:11,Card Purchase,414.2,United Kingdom,Card
TX000298,20435,2026-10-31 09:31:46,Card Purchase,20.86,United Kingdom,Mobile
TX000299,20033,2026-02-11 02:51:50,Direct Debit,183.08,United Kingdom,Mobile
TX000300,20156,2026-10-17 12:41:27,Card Purchase,51.79,United Kingdom,Branch
TX000301,20053,2026-03-26 03:23:26,Cash Withdrawal,26.16,United States,Card
TX000302,20357,2026-09-07 11:10:45,Deposit,98.42,United Kingdom,Online
TX000303,20183,2026-01-17 21:56:45,Direct Debit,87.92,United Kingdom,Mobile
TX000304,20170,2026-08-09 17:58:02,Card Purchase,66.17,United Kingdom,Branch
TX000305,20200,2026-06-03 00:21:26,Direct Debit,94.73,United Kingdom,Mobile
TX000306,20404,2026-11-16 16:04:43,Deposit,70.68,United Kingdom,Branch
TX000307,20477,2026-02-12 10:09:09,Bank Transfer,242.23,UAE,Mobile
TX000308,20073,2026-09-21 11:22:49,Direct Debit,31.13,UAE,Card
TX000309,20279,2026-12-09 23:07:11,Card Purchase,265.18,United Kingdom,Mobile
TX000310,20395,2026-10-23 06:31:58,Card Purchase,28.3,Netherlands,Mobile
TX000311,20391,2026-01-11 07:43:54,Cash Withdrawal,164.77,United Kingdom,Mobile
TX000312,20346,2026-06-26 20:52:00,Bank Transfer,55.34,United Kingdom,Mobile
TX000313,20574,2026-06-03 19:53:14,Card Purchase,12.81,United Kingdom,Mobile
TX000314,20327,2026-03-14 20:59:37,Card Purchase,417.59,United Kingdom,Online
TX000315,20670,2026-11-02 21:01:23,Bank Transfer,216.42,United Kingdom,Mobile
TX000316,20080,2026-09-18 04:15:13,Bank Transfer,84.22,United Kingdom,Card
TX000317,20113,2026-04-13 12:19:26,Bank Transfer,33.94,United Kingdom,Card
TX000318,20463,2026-04-05 10:15:07,Card Purchase,75.55,United Kingdom,Mobile
TX000319,20165,2026-06-12 22:15:11,Card Purchase,79.61,United States,ATM
TX000320,20624,2026-03-22 21:08:08,Card Purchase,334.59,United Kingdom,Branch
TX000321,20675,2026-10-08 03:14:07,Card Purchase,48.63,Netherlands,Card
TX000322,20515,2026-08-17 20:00:22,Direct Debit,21.05,United Kingdom,ATM
TX000323,20490,2026-09-30 13:29:08,Card Purchase,151.22,France,Mobile
TX000324,20006,2026-11-02 07:18:43,Card Purchase,91.9,Spain,Card
TX000325,20365,2026-08-20 17:11:48,Card Purchase,104.86,Nigeria,Mobile
TX000326,20135,2026-12-21 03:14:50,Bank Transfer,39.89,UAE,Online
TX000327,20393,2026-04-21 16:08:33,Bank Transfer,242.84,Ireland,Mobile
TX000328,20107,2026-07-27 16:13:55,Direct Debit,81.81,Ireland,Online
TX000329,20579,2026-02-08 12:54:35,Direct Debit,12.97,United Kingdom,Mobile
TX000330,20307,2026-12-19 02:15:58,Card Purchase,206.42,Singapore,Mobile
TX000331,20025,2026-03-18 20:08:40,Direct Debit,304.27,United Kingdom,Online
TX000332,20035,2026-10-21 00:40:17,Bank Transfer,42.52,United Kingdom,Online
TX000333,20325,2026-05-07 05:26:13,Card Purchase,323.43,United Kingdom,Online
TX000334,20296,2026-04-10 13:51:32,Card Purchase,49.08,United Kingdom,Mobile
TX000335,20010,2026-08-13 23:59:22,Bank Transfer,91.27,Ireland,Mobile
TX000336,20241,2026-01-24 14:44:23,Cash Withdrawal,42.9,United Kingdom,ATM
TX000337,20140,2026-01-01 06:27:13,Bank Transfer,36.25,Spain,Mobile
TX000338,20285,2026-03-19 21:21:03,Bank Transfer,54.79,United Kingdom,Mobile
TX000339,20621,2026-11-24 01:32:08,Card Purchase,94.93,Ireland,Mobile
TX000340,20545,2026-10-18 00:56:28,Card Purchase,166.99,UAE,ATM
TX000341,20460,2026-03-23 14:25:51,Deposit,7.83,UAE,Branch
TX000342,20079,2026-10-30 23:23:27,Card Purchase,336.82,United Kingdom,Online
TX000343,20243,2026-05-16 13:44:50,Bank Transfer,236.92,United Kingdom,Branch
TX000344,20218,2026-06-05 16:19:12,Direct Debit,5.3,United Kingdom,Branch
TX000345,20555,2026-10-18 00:50:56,Bank Transfer,264.05,United Kingdom,Mobile
TX000346,20416,2026-05-13 05:14:53,Bank Transfer,46.0,Spain,Card
TX000347,20155,2026-06-11 12:41:41,Card Purchase,249.58,United Kingdom,Online
TX000348,20205,2026-08-09 06:20:26,Bank Transfer,404.96,United Kingdom,Card
TX000349,20167,2026-09-04 00:17:36,Bank Transfer,6.06,United Kingdom,Branch
TX000350,20100,2026-05-15 05:30:39,Card Purchase,25.01,United Kingdom,Mobile
TX000351,20328,2026-01-21 12:58:46,Card Purchase,70.87,Spain,ATM
TX000352,20028,2026-06-29 06:34:13,Bank Transfer,41.21,United Kingdom,Online
TX000353,20565,2026-04-09 13:04:14,Deposit,719.02,United Kingdom,Card
TX000354,20483,2026-01-17 03:50:06,Direct Debit,23.89,United Kingdom,Mobile
TX000355,20533,2026-07-16 20:07:37,Card Purchase,439.31,United Kingdom,Card
TX000356,20128,2026-06-05 11:01:19,Deposit,139.3,United Kingdom,Mobile
TX000357,20410,2026-09-16 21:04:49,Card Purchase,80.75,United Kingdom,Mobile
TX000358,20534,2026-07-19 18:44:50,Card Purchase,60.53,United Kingdom,Mobile
TX000359,20074,2026-04-29 11:50:33,Card Purchase,192.38,Spain,Card
TX000360,20228,2026-08-31 23:33:29,Card Purchase,243.22,United Kingdom,Card
TX000361,20250,2026-06-27 02:12:19,Bank Transfer,13.27,United Kingdom,Online
TX000362,20315,2026-07-29 21:34:58,Card Purchase,48.67,United States,ATM
TX000363,20440,2026-07-01 02:00:19,Direct Debit,1073.75,Spain,Online
TX000364,20278,2026-08-08 15:39:06,Card Purchase,43.33,United Kingdom,Online
TX000365,20022,2026-06-17 02:36:07,Card Purchase,220.85,United Kingdom,Card
TX000366,20094,2026-03-24 15:15:09,Cash Withdrawal,244.45,United Kingdom,Branch
TX000367,20340,2026-12-26 00:08:14,Card Purchase,187.36,United Kingdom,Mobile
TX000368,20395,2026-06-04 04:52:38,Card Purchase,67.53,Netherlands,Online
TX000369,20024,2026-01-28 23:44:53,Deposit,133.96,France,Mobile
TX000370,20356,2026-12-24 19:37:22,Cash Withdrawal,205.74,United Kingdom,ATM
TX000371,20151,2026-08-08 20:44:18,Card Purchase,6.79,Spain,Mobile
TX000372,20566,2026-04-26 09:22:38,Deposit,109.2,United Kingdom,Online
TX000373,20424,2026-02-07 18:10:33,Cash Withdrawal,183.89,United Kingdom,ATM
TX000374,20202,2026-10-15 19:10:35,Deposit,347.14,France,Card
TX000375,20312,2026-08-13 11:11:20,Bank Transfer,66.43,Germany,ATM
TX000376,20438,2026-09-04 23:17:45,Bank Transfer,129.2,United Kingdom,Online
TX000377,20554,2026-10-12 21:01:41,Cash Withdrawal,146.51,UAE,Mobile
TX000378,20257,2026-06-14 14:54:30,Bank Transfer,79.96,United Kingdom,Mobile
TX000379,20325,2026-07-20 04:40:30,Deposit,527.73,United Kingdom,ATM
TX000380,20658,2026-09-25 00:22:04,Direct Debit,107.93,Nigeria,Online
TX000381,20286,2026-04-18 05:14:56,Deposit,226.67,United Kingdom,Card
TX000382,20005,2026-08-24 00:12:34,Cash Withdrawal,27.36,United Kingdom,Online
TX000383,20510,2026-08-14 15:50:06,Card Purchase,126.27,United Kingdom,Card
TX000384,20425,2026-03-15 00:18:55,Card Purchase,139.07,United Kingdom,Card
TX000385,20518,2026-02-09 10:10:10,Card Purchase,293.71,United Kingdom,Card
TX000386,20002,2026-10-27 10:33:45,Card Purchase,692.66,United States,Online
TX000387,20517,2026-07-24 02:26:19,Bank Transfer,249.41,United Kingdom,Mobile
TX000388,20516,2026-09-18 05:43:34,Card Purchase,109.17,UAE,Card
TX000389,20491,2026-08-10 12:01:57,Bank Transfer,130.99,United Kingdom,Branch
TX000390,20291,2026-07-06 03:25:27,Card Purchase,19.34,France,Mobile
TX000391,20579,2026-01-17 18:57:02,Direct Debit,3.79,Germany,Card
TX000392,20519,2026-09-22 10:23:02,Direct Debit,10.09,United Kingdom,Online
TX000393,20176,2026-01-01 00:46:53,Card Purchase,26.15,UAE,Mobile
TX000394,20509,2026-06-02 00:52:42,Direct Debit,868.94,Germany,Card
TX000395,20151,2026-09-20 10:41:01,Card Purchase,44.04,United States,Card
TX000396,20406,2026-01-22 16:46:17,Card Purchase,591.08,Germany,Branch
TX000397,20242,2026-03-06 17:35:24,Cash Withdrawal,107.56,Singapore,Online
TX000398,20664,2026-03-05 09:21:24,Card Purchase,175.46,United States,Card
TX000399,20069,2026-03-01 15:00:47,Card Purchase,41.95,United Kingdom,Card
TX000400,20261,2026-03-24 16:23:36,Card Purchase,38.39,United Kingdom,Branch
TX000401,20564,2026-07-31 18:42:55,Card Purchase,2688.69,United Kingdom,Online
TX000402,20360,2026-07-08 21:39:14,Bank Transfer,78.35,United Kingdom,Card
TX000403,20672,2026-01-07 21:07:19,Card Purchase,44.97,Spain,Card
TX000404,20231,2026-01-28 20:33:38,Direct Debit,42.96,United Kingdom,Mobile
TX000405,20207,2026-08-31 10:17:25,Bank Transfer,6.7,Ireland,Branch
TX000406,20357,2026-04-15 12:47:34,Bank Transfer,107.37,Nigeria,Card
TX000407,20115,2026-09-04 21:32:29,Card Purchase,511.61,United Kingdom,Online
TX000408,20390,2026-04-04 09:14:01,Bank Transfer,191.63,United Kingdom,Card
TX000409,20636,2026-09-11 10:14:07,Card Purchase,60.02,Germany,ATM
TX000410,20650,2026-05-10 11:24:32,Card Purchase,20.39,Nigeria,Online
TX000411,20356,2026-02-12 08:48:05,Cash Withdrawal,106.64,Ireland,Online
TX000412,20210,2026-10-27 08:08:25,Bank Transfer,93.32,United Kingdom,Mobile
TX000413,20502,2026-07-19 11:33:49,Card Purchase,63.3,Germany,Online
TX000414,20334,2026-11-19 01:23:50,Card Purchase,32.88,United Kingdom,ATM
TX000415,20296,2026-11-11 23:35:59,Direct Debit,334.01,Singapore,ATM
TX000416,20518,2026-12-29 15:28:44,Card Purchase,127.61,Netherlands,Card
TX000417,20137,2026-10-02 02:57:59,Bank Transfer,382.66,Ireland,Mobile
TX000418,20461,2026-11-23 17:24:20,Card Purchase,122.24,United Kingdom,Mobile
TX000419,20623,2026-05-26 03:11:47,Card Purchase,34.21,United Kingdom,Online
TX000420,20454,2026-03-16 08:23:11,Deposit,536.76,Nigeria,Card
TX000421,20369,2026-05-13 13:31:58,Card Purchase,52.71,Ireland,Online
TX000422,20597,2026-12-27 05:35:45,Card Purchase,168.7,UAE,Online
TX000423,20108,2026-10-17 06:23:20,Deposit,33.14,Germany,Card
TX000424,20534,2026-07-13 22:58:48,Card Purchase,108.74,United Kingdom,Online
TX000425,20541,2026-10-20 17:28:44,Card Purchase,33.39,United Kingdom,Card
TX000426,20043,2026-07-24 08:36:56,Cash Withdrawal,995.89,United Kingdom,Mobile
TX000427,20386,2026-04-04 03:49:18,Card Purchase,307.15,Nigeria,Mobile
TX000428,20266,2026-07-20 22:51:18,Bank Transfer,198.22,Germany,Card
TX000429,20598,2026-09-04 13:20:10,Cash Withdrawal,111.03,United Kingdom,Card
TX000430,20555,2026-07-24 01:51:13,Card Purchase,91.58,Singapore,Online
TX000431,20192,2026-10-20 13:43:34,Deposit,299.36,United Kingdom,Card
TX000432,20488,2026-03-04 07:04:11,Bank Transfer,48.03,Ireland,Online
TX000433,20619,2026-03-03 09:14:38,Cash Withdrawal,254.17,Singapore,ATM
TX000434,20413,2026-12-22 15:10:43,Deposit,367.76,United Kingdom,Card
TX000435,20205,2026-05-24 02:58:36,Direct Debit,173.49,United States,Card
TX000436,20173,2026-11-29 06:20:16,Direct Debit,165.62,United Kingdom,Online
TX000437,20637,2026-07-25 21:07:55,Card Purchase,22.21,Ireland,Online
TX000438,20559,2026-01-15 08:22:06,Cash Withdrawal,75.46,Singapore,Mobile
TX000439,20479,2026-08-07 22:07:56,Card Purchase,223.02,France,Mobile
TX000440,20634,2026-10-17 17:16:47,Deposit,692.91,Netherlands,Mobile
TX000441,20425,2026-04-15 20:49:02,Card Purchase,234.33,United Kingdom,Card
TX000442,20654,2026-12-13 09:46:10,Direct Debit,43.73,United Kingdom,ATM
TX000443,20491,2026-06-02 04:05:33,Bank Transfer,83.39,United Kingdom,Online
TX000444,20578,2026-12-19 10:53:18,Cash Withdrawal,35.7,United Kingdom,Mobile
TX000445,20408,2026-04-06 03:30:24,Direct Debit,299.16,United States,Mobile
TX000446,20434,2026-02-05 22:36:32,Direct Debit,164.35,United Kingdom,Online
TX000447,20333,2026-08-17 17:10:58,Card Purchase,106.47,United Kingdom,Card
TX000448,20643,2026-02-14 18:57:42,Card Purchase,112.79,United Kingdom,Mobile
TX000449,20252,2026-03-24 13:52:40,Deposit,43.04,United Kingdom,Mobile
TX000450,20499,2026-12-01 19:32:49,Card Purchase,99.42,United Kingdom,Card
TX000451,20008,2026-08-04 04:16:25,Card Purchase,115.59,France,Online
TX000452,20614,2026-09-24 11:02:10,Card Purchase,531.86,Netherlands,Branch
TX000453,20337,2026-06-02 07:51:05,Bank Transfer,515.59,Germany,Online
TX000454,20085,2026-02-26 11:46:58,Bank Transfer,120.29,United Kingdom,Mobile
TX000455,20223,2026-02-21 16:02:08,Cash Withdrawal,77.95,United Kingdom,Mobile
TX000456,20196,2026-01-25 21:04:22,Card Purchase,128.54,United Kingdom,Card
TX000457,20390,2026-08-24 22:17:32,Card Purchase,46.56,Germany,Online
TX000458,20339,2026-12-22 18:20:23,Card Purchase,315.4,United Kingdom,Branch
TX000459,20127,2026-07-18 20:35:24,Bank Transfer,105.54,United Kingdom,Online
TX000460,20559,2026-01-26 11:24:22,Bank Transfer,195.34,United Kingdom,Online
TX000461,20451,2026-05-26 19:35:03,Card Purchase,243.03,United Kingdom,Card
TX000462,20185,2026-04-26 04:36:34,Card Purchase,47.53,Netherlands,Mobile
TX000463,20205,2026-05-30 10:55:44,Direct Debit,151.71,United Kingdom,Mobile
TX000464,20500,2026-12-17 22:53:34,Card Purchase,287.74,United Kingdom,Branch
TX000465,20496,2026-07-13 13:16:36,Deposit,78.94,Germany,ATM
TX000466,20529,2026-05-29 09:18:04,Cash Withdrawal,78.49,United Kingdom,ATM
TX000467,20157,2026-04-25 22:23:18,Card Purchase,94.61,Germany,ATM
TX000468,20454,2026-02-01 17:11:15,Card Purchase,120.42,Ireland,Online
TX000469,20068,2026-11-09 08:52:16,Card Purchase,54.04,United Kingdom,Mobile
TX000470,20317,2026-09-04 00:36:29,Card Purchase,109.19,United States,Card
TX000471,20603,2026-08-05 11:39:00,Card Purchase,111.98,United Kingdom,Card
TX000472,20535,2026-02-11 04:58:21,Bank Transfer,56.93,United Kingdom,Online
TX000473,20043,2026-11-24 10:51:26,Card Purchase,18.24,Germany,Card
TX000474,20317,2026-11-06 00:09:30,Bank Transfer,166.22,Ireland,Mobile
TX000475,20493,2026-09-30 04:24:19,Bank Transfer,70.14,United States,Card
TX000476,20516,2026-12-06 01:48:47,Card Purchase,141.92,UAE,Online
TX000477,20252,2026-05-23 17:07:30,Bank Transfer,22.52,Netherlands,ATM
TX000478,20031,2026-03-14 05:40:00,Deposit,99.28,United Kingdom,Mobile
TX000479,20289,2026-07-15 04:40:02,Direct Debit,48.97,Nigeria,Branch
TX000480,20103,2026-09-09 13:12:53,Card Purchase,85.35,United Kingdom,Online
TX000481,20095,2026-10-11 14:30:02,Cash Withdrawal,865.67,United Kingdom,Card
TX000482,20053,2026-03-15 01:23:10,Card Purchase,16.13,Netherlands,Mobile
TX000483,20104,2026-03-16 04:46:23,Card Purchase,86.87,United Kingdom,Card
TX000484,20198,2026-05-25 07:38:40,Direct Debit,334.96,United Kingdom,Online
TX000485,20466,2026-12-10 06:03:05,Card Purchase,215.35,Singapore,Online
TX000486,20184,2026-07-30 20:15:00,Deposit,320.46,United Kingdom,Card
TX000487,20176,2026-08-31 12:14:11,Bank Transfer,163.95,United Kingdom,Card
TX000488,20568,2026-09-04 08:04:29,Bank Transfer,68.24,UAE,Card
TX000489,20333,2026-08-10 14:09:16,Cash Withdrawal,1774.06,United Kingdom,Mobile
TX000490,20077,2026-06-05 09:19:27,Card Purchase,40.97,Spain,Online
TX000491,20615,2026-04-21 21:12:01,Bank Transfer,500.65,Singapore,Online
TX000492,20476,2026-06-27 21:07:47,Bank Transfer,119.35,Netherlands,Mobile
TX000493,20548,2026-10-11 13:01:05,Card Purchase,1250.38,United Kingdom,Card
TX000494,20214,2026-08-29 12:13:31,Direct Debit,90.66,United Kingdom,Mobile
TX000495,20617,2026-09-26 03:46:48,Cash Withdrawal,12.04,Netherlands,Online
TX000496,20348,2026-05-09 03:16:19,Direct Debit,216.24,United Kingdom,ATM
TX000497,20163,2026-05-26 09:38:43,Cash Withdrawal,66.12,Singapore,Online
TX000498,20272,2026-10-01 10:34:28,Direct Debit,849.99,United Kingdom,Branch
TX000499,20020,2026-11-10 05:16:36,Bank Transfer,722.43,Netherlands,Card
TX000500,20525,2026-03-16 05:31:34,Cash Withdrawal,10377.48,United Kingdom,Card
TX000501,20214,2026-11-07 21:19:33,Card Purchase,99.51,Ireland,Online
TX000502,20140,2026-08-10 03:28:20,Card Purchase,6.39,Ireland,Mobile
TX000503,20285,2026-08-27 14:14:12,Card Purchase,25.25,France,Online
TX000504,20252,2026-08-05 16:49:34,Direct Debit,85.46,United Kingdom,Mobile
TX000505,20060,2026-09-26 02:29:34,Deposit,36.77,United Kingdom,Card
TX000506,20123,2026-03-16 10:35:54,Card Purchase,42.23,Ireland,Online
TX000507,20086,2026-02-17 08:50:52,Card Purchase,221.23,United Kingdom,Card
TX000508,20207,2026-11-04 08:00:29,Card Purchase,105.45,United Kingdom,Online
TX000509,20061,2026-03-21 11:48:53,Bank Transfer,45.66,United States,Mobile
TX000510,20498,2026-09-16 08:48:38,Cash Withdrawal,75.96,Germany,Card
TX000511,20408,2026-12-05 16:32:03,Card Purchase,275.38,Spain,Card
TX000512,20152,2026-03-13 11:56:22,Card Purchase,186.02,Nigeria,Online
TX000513,20215,2026-04-18 20:54:23,Card Purchase,61.65,United Kingdom,Mobile
TX000514,20119,2026-10-10 15:01:01,Bank Transfer,25.93,Ireland,Card
TX000515,20069,2026-03-22 16:24:54,Bank Transfer,69.33,United Kingdom,Mobile
TX000516,20297,2026-04-13 11:35:57,Cash Withdrawal,86.4,United Kingdom,Card
TX000517,20223,2026-06-17 20:05:39,Card Purchase,35.05,United Kingdom,Card
TX000518,20526,2026-04-12 08:03:57,Bank Transfer,564.29,United Kingdom,Card
TX000519,20591,2026-08-09 00:05:10,Bank Transfer,69.46,France,Online
TX000520,20140,2026-11-06 23:24:36,Card Purchase,284.59,Spain,Online
TX000521,20168,2026-03-21 11:55:53,Card Purchase,148.47,United Kingdom,Card
TX000522,20602,2026-01-24 11:06:47,Card Purchase,45.09,United Kingdom,Mobile
TX000523,20536,2026-11-21 19:49:26,Deposit,62.46,United Kingdom,ATM
TX000524,20309,2026-11-21 22:37:29,Card Purchase,113.7,United Kingdom,ATM
TX000525,20593,2026-08-17 14:16:03,Card Purchase,126.5,United States,ATM
TX000526,20507,2026-04-30 10:24:26,Card Purchase,12.72,United States,Mobile
TX000527,20420,2026-01-01 23:18:02,Card Purchase,22.52,Netherlands,Mobile
TX000528,20594,2026-11-16 12:48:09,Bank Transfer,744.44,United Kingdom,Card
TX000529,20387,2026-06-17 21:19:34,Cash Withdrawal,32.29,United Kingdom,Card
TX000530,20458,2026-04-22 08:50:55,Card Purchase,6.85,United Kingdom,Mobile
TX000531,20574,2026-07-07 11:40:05,Cash Withdrawal,725.68,United Kingdom,Mobile
TX000532,20445,2026-02-27 05:01:58,Card Purchase,18.09,United Kingdom,Online
TX000533,20569,2026-04-12 08:12:22,Cash Withdrawal,295.79,United Kingdom,Mobile
TX000534,20628,2026-05-10 09:01:38,Card Purchase,177.24,United Kingdom,Online
TX000535,20336,2026-05-31 09:13:29,Bank Transfer,49.15,United Kingdom,Online
TX000536,20217,2026-02-13 21:05:13,Card Purchase,110.63,United Kingdom,ATM
TX000537,20506,2026-02-27 03:26:30,Card Purchase,184.7,United Kingdom,Mobile
TX000538,20355,2026-10-10 22:56:26,Card Purchase,82.13,United Kingdom,Mobile
TX000539,20294,2026-03-28 01:42:40,Card Purchase,276.23,United Kingdom,Mobile
TX000540,20571,2026-03-23 23:29:37,Card Purchase,18.2,United Kingdom,Card
TX000541,20506,2026-12-17 15:05:26,Bank Transfer,200.96,Germany,Mobile
TX000542,20058,2026-06-25 04:40:59,Card Purchase,120.27,Singapore,Card
TX000543,20614,2026-03-20 18:12:31,Direct Debit,412.35,UAE,Online
TX000544,20489,2026-11-23 00:44:06,Card Purchase,503.73,United Kingdom,Mobile
TX000545,20654,2026-01-28 10:28:48,Bank Transfer,31.86,United Kingdom,ATM
TX000546,20067,2026-08-20 04:39:47,Card Purchase,44.67,France,ATM
TX000547,20088,2026-06-03 19:11:09,Cash Withdrawal,78.13,Spain,Mobile
TX000548,20635,2026-11-09 14:34:46,Card Purchase,64.62,Spain,Card
TX000549,20589,2026-08-15 12:10:58,Card Purchase,67.4,Nigeria,Online
TX000550,20420,2026-03-19 11:21:24,Bank Transfer,20.49,United Kingdom,Mobile
TX000551,20141,2026-08-07 09:06:14,Card Purchase,28.06,United Kingdom,ATM
TX000552,20410,2026-11-23 15:46:51,Card Purchase,69.61,Spain,Online
TX000553,20324,2026-05-10 10:44:59,Card Purchase,136.74,Germany,Online
TX000554,20639,2026-04-30 05:54:02,Bank Transfer,10.55,France,Card
TX000555,20242,2026-09-21 21:44:12,Bank Transfer,28.86,France,Online
TX000556,20328,2026-06-13 17:41:15,Card Purchase,18.67,United Kingdom,Online
TX000557,20482,2026-06-14 17:24:14,Card Purchase,39.02,Ireland,Card
TX000558,20362,2026-02-15 11:32:00,Card Purchase,267.45,United Kingdom,ATM
TX000559,20459,2026-01-29 22:39:43,Direct Debit,83.25,United Kingdom,Online
TX000560,20229,2026-12-16 19:49:33,Card Purchase,44.51,United Kingdom,Online
TX000561,20547,2026-09-01 11:58:19,Cash Withdrawal,151.19,United Kingdom,Branch
TX000562,20414,2026-08-12 10:01:27,Direct Debit,76.66,United States,Mobile
TX000563,20425,2026-11-09 16:37:17,Deposit,24.78,United Kingdom,ATM
TX000564,20288,2026-05-28 16:56:57,Bank Transfer,71.82,United Kingdom,Card
TX000565,20409,2026-12-02 16:14:06,Card Purchase,43.34,UAE,Mobile
TX000566,20303,2026-08-25 23:36:43,Cash Withdrawal,92.16,Germany,Online
TX000567,20174,2026-08-20 13:29:30,Direct Debit,31.41,United States,Card
TX000568,20603,2026-07-05 06:10:27,Card Purchase,57.66,United Kingdom,Online
TX000569,20135,2026-11-18 05:51:43,Card Purchase,173.51,United Kingdom,Card
TX000570,20508,2026-08-19 04:32:12,Card Purchase,102.56,Netherlands,Card
TX000571,20244,2026-07-01 08:03:53,Cash Withdrawal,103.09,Netherlands,Card
TX000572,20442,2026-02-27 23:41:38,Bank Transfer,17.03,Singapore,Online
TX000573,20506,2026-05-27 06:29:53,Direct Debit,85.9,United Kingdom,Mobile
TX000574,20136,2026-09-16 17:02:54,Card Purchase,41.28,Singapore,Online
TX000575,20577,2026-11-14 16:59:52,Card Purchase,127.11,United Kingdom,Online
TX000576,20499,2026-07-25 13:02:03,Bank Transfer,553.45,Nigeria,Online
TX000577,20061,2026-11-29 01:12:17,Cash Withdrawal,13.49,United Kingdom,Mobile
TX000578,20626,2026-02-02 13:10:50,Card Purchase,198.17,Ireland,Online
TX000579,20482,2026-08-30 01:37:16,Bank Transfer,13.29,United Kingdom,Online
TX000580,20665,2026-11-04 18:02:38,Card Purchase,228.66,United Kingdom,Mobile
TX000581,20065,2026-11-03 15:58:19,Cash Withdrawal,117.67,United Kingdom,Mobile
TX000582,20437,2026-06-27 10:33:11,Card Purchase,164.17,United Kingdom,Card
TX000583,20317,2026-12-23 16:32:04,Card Purchase,22.98,United Kingdom,Online
TX000584,20099,2026-08-25 14:18:18,Card Purchase,151.75,United Kingdom,Card
TX000585,20635,2026-11-16 20:34:22,Bank Transfer,42.73,Spain,Mobile
TX000586,20354,2026-02-27 08:52:49,Bank Transfer,8.24,UAE,ATM
TX000587,20312,2026-03-04 14:41:02,Card Purchase,81.22,United Kingdom,Card
TX000588,20568,2026-07-22 06:05:47,Card Purchase,140.37,United Kingdom,Branch
TX000589,20526,2026-10-22 23:40:27,Bank Transfer,25.09,United Kingdom,Online
TX000590,20468,2026-10-06 07:30:53,Card Purchase,162.14,Netherlands,Online
TX000591,20337,2026-10-18 12:32:53,Card Purchase,59.53,United Kingdom,Online
TX000592,20240,2026-05-28 17:04:19,Direct Debit,278.7,Nigeria,Card
TX000593,20352,2026-04-30 11:58:56,Card Purchase,147.64,United Kingdom,Card
TX000594,20118,2026-09-20 10:18:24,Cash Withdrawal,116.85,Germany,Card
TX000595,20518,2026-03-18 18:38:56,Card Purchase,123.26,Germany,Online
TX000596,20652,2026-08-02 23:37:54,Card Purchase,41.56,United Kingdom,Online
TX000597,20415,2026-09-18 17:59:42,Card Purchase,7.53,United States,Mobile
TX000598,20638,2026-12-01 01:49:31,Direct Debit,307.6,United Kingdom,Card
TX000599,20533,2026-11-10 17:01:42,Bank Transfer,123.5,Ireland,Online
TX000600,20507,2026-07-21 18:57:53,Direct Debit,85.59,United States,Mobile
TX000601,20044,2026-07-17 01:17:28,Direct Debit,137.9,United Kingdom,Card
TX000602,20644,2026-01-27 10:20:10,Bank Transfer,120.23,Singapore,Mobile
TX000603,20299,2026-10-23 11:52:58,Direct Debit,49.99,United Kingdom,Online
TX000604,20318,2026-07-31 01:40:14,Direct Debit,13.45,France,Mobile
TX000605,20445,2026-06-05 17:29:25,Direct Debit,322.68,United Kingdom,Mobile
TX000606,20022,2026-02-17 02:11:06,Card Purchase,12.57,United Kingdom,Card
TX000607,20524,2026-04-17 06:03:15,Bank Transfer,53.43,Spain,Card
TX000608,20155,2026-03-26 23:57:47,Bank Transfer,87.2,United Kingdom,Mobile
TX000609,20605,2026-05-12 13:57:55,Deposit,45.21,United Kingdom,Mobile
TX000610,20133,2026-04-18 15:29:47,Cash Withdrawal,288.07,France,Mobile
TX000611,20299,2026-04-03 05:59:45,Bank Transfer,49.59,United States,Mobile
TX000612,20625,2026-07-25 14:08:25,Card Purchase,39.14,Singapore,Mobile
TX000613,20388,2026-12-18 23:49:29,Bank Transfer,76.43,United Kingdom,ATM
TX000614,20335,2026-04-10 14:13:35,Card Purchase,35.89,United Kingdom,Mobile
TX000615,20233,2026-01-03 05:14:10,Card Purchase,20.99,United Kingdom,Card
TX000616,20471,2026-03-11 03:54:42,Deposit,32.41,United Kingdom,Online
TX000617,20108,2026-03-06 19:20:44,Card Purchase,83.12,Netherlands,Online
TX000618,20142,2026-01-09 08:27:50,Bank Transfer,59.84,Singapore,Mobile
TX000619,20031,2026-07-16 16:03:11,Card Purchase,351.11,Ireland,Mobile
TX000620,20522,2026-11-24 15:03:11,Bank Transfer,54.69,United Kingdom,Mobile
TX000621,20060,2026-09-04 05:03:31,Card Purchase,313.31,UAE,Mobile
TX000622,20025,2026-08-15 13:09:29,Cash Withdrawal,11.0,Nigeria,Online
TX000623,20428,2026-08-18 07:55:09,Deposit,132.46,United Kingdom,Online
TX000624,20642,2026-10-17 15:17:38,Card Purchase,62.89,United Kingdom,Mobile
TX000625,20324,2026-05-20 00:01:17,Card Purchase,210.23,United Kingdom,Branch
TX000626,20088,2026-11-03 01:50:35,Bank Transfer,58.95,United Kingdom,Card
TX000627,20381,2026-10-16 21:07:30,Direct Debit,295.91,United States,Mobile
TX000628,20379,2026-09-21 22:15:45,Deposit,53.87,United Kingdom,Online
TX000629,20519,2026-06-13 17:40:37,Card Purchase,84.98,Nigeria,Online
TX000630,20649,2026-07-30 10:57:09,Deposit,38.53,United Kingdom,Branch
TX000631,20198,2026-01-01 05:05:48,Direct Debit,8.09,Ireland,Online
TX000632,20018,2026-07-24 22:19:18,Bank Transfer,59.43,United Kingdom,Mobile
TX000633,20436,2026-02-19 04:39:58,Cash Withdrawal,37.1,United Kingdom,Mobile
TX000634,20270,2026-03-05 04:26:49,Cash Withdrawal,111.61,United Kingdom,ATM
TX000635,20431,2026-11-13 05:19:52,Bank Transfer,7024.7,United Kingdom,Mobile
TX000636,20669,2026-02-09 06:10:23,Card Purchase,74.03,France,ATM
TX000637,20088,2026-02-19 16:42:43,Deposit,186.66,United Kingdom,Online
TX000638,20658,2026-07-03 11:21:18,Cash Withdrawal,113.96,Spain,Mobile
TX000639,20327,2026-10-26 13:54:55,Direct Debit,2094.23,United States,Mobile
TX000640,20636,2026-02-06 09:32:11,Deposit,82.22,United States,Online
TX000641,20630,2026-01-23 09:17:31,Deposit,149.92,United States,Online
TX000642,20168,2026-06-25 06:30:12,Card Purchase,53.98,United Kingdom,Mobile
TX000643,20104,2026-11-09 20:26:18,Card Purchase,70.06,United Kingdom,ATM
TX000644,20456,2026-05-20 15:14:17,Card Purchase,50.66,United Kingdom,Card
TX000645,20288,2026-09-01 10:36:25,Cash Withdrawal,591.32,United Kingdom,ATM
TX000646,20577,2026-12-03 07:36:22,Card Purchase,172.33,United States,Card
TX000647,20273,2026-04-30 12:16:05,Card Purchase,108.91,United States,Card
TX000648,20654,2026-03-18 04:17:39,Bank Transfer,62.36,United Kingdom,ATM
TX000649,20590,2026-12-24 22:56:31,Card Purchase,134.97,United Kingdom,Card
TX000650,20101,2026-03-16 05:44:09,Card Purchase,403.67,United Kingdom,Mobile
TX000651,20669,2026-12-17 17:32:48,Bank Transfer,42.55,United States,Mobile
TX000652,20555,2026-06-16 14:11:02,Bank Transfer,90.49,United Kingdom,Online
TX000653,20019,2026-06-13 14:56:30,Card Purchase,68.07,United States,ATM
TX000654,20223,2026-08-31 03:29:12,Card Purchase,47.96,United Kingdom,Mobile
TX000655,20026,2026-10-08 11:09:54,Card Purchase,135.7,Ireland,Mobile
TX000656,20188,2026-02-01 09:11:03,Deposit,191.15,Spain,ATM
TX000657,20087,2026-10-13 13:49:17,Direct Debit,74.43,Netherlands,Online
TX000658,20188,2026-09-15 03:59:14,Direct Debit,120.41,United Kingdom,Card
TX000659,20595,2026-11-17 08:43:11,Card Purchase,103.74,France,Mobile
TX000660,20005,2026-10-31 22:42:39,Card Purchase,32.07,United States,Card
TX000661,20361,2026-07-01 06:14:00,Card Purchase,241.22,United States,Card
TX000662,20518,2026-11-12 23:10:50,Card Purchase,33.37,United Kingdom,Branch
TX000663,20588,2026-02-10 03:22:36,Card Purchase,48.49,United Kingdom,Mobile
TX000664,20233,2026-07-12 01:28:17,Card Purchase,87.65,Spain,Mobile
TX000665,20065,2026-05-31 07:09:04,Bank Transfer,14.36,United Kingdom,Card
TX000666,20397,2026-03-12 08:46:18,Direct Debit,94.24,United Kingdom,Online
TX000667,20129,2026-03-16 12:14:33,Card Purchase,55.86,UAE,Mobile
TX000668,20102,2026-03-04 15:53:42,Direct Debit,231.61,Spain,Branch
TX000669,20422,2026-02-26 08:21:13,Bank Transfer,148.94,UAE,Branch
TX000670,20481,2026-10-04 10:42:50,Bank Transfer,1371.68,United Kingdom,Online
TX000671,20668,2026-09-16 23:40:25,Cash Withdrawal,55.75,United Kingdom,Mobile
TX000672,20381,2026-11-13 02:29:39,Card Purchase,47.73,United Kingdom,Card
TX000673,20400,2026-07-27 00:07:59,Card Purchase,5.43,United States,ATM
TX000674,20223,2026-04-25 02:19:59,Bank Transfer,587.94,United Kingdom,Card
TX000675,20369,2026-04-20 07:13:58,Bank Transfer,64.67,Singapore,Online
TX000676,20350,2026-09-09 00:55:59,Direct Debit,207.03,Nigeria,Mobile
TX000677,20436,2026-09-19 09:55:39,Card Purchase,91.42,Netherlands,Card
TX000678,20124,2026-02-21 22:57:41,Direct Debit,247.34,United Kingdom,Card
TX000679,20006,2026-09-14 01:17:27,Direct Debit,103.31,Singapore,Card
TX000680,20627,2026-03-24 01:29:02,Card Purchase,58.62,United Kingdom,Online
TX000681,20382,2026-04-15 07:10:16,Card Purchase,170.44,United Kingdom,Mobile
TX000682,20551,2026-10-04 09:31:57,Card Purchase,71.46,UAE,Mobile
TX000683,20653,2026-01-19 23:47:48,Bank Transfer,571.73,United Kingdom,ATM
TX000684,20031,2026-09-27 22:40:52,Bank Transfer,17.48,United Kingdom,ATM
TX000685,20068,2026-10-01 08:12:41,Bank Transfer,219.43,Spain,Mobile
TX000686,20048,2026-03-10 06:43:00,Bank Transfer,49.86,United Kingdom,Online
TX000687,20223,2026-04-03 15:52:40,Bank Transfer,72.39,UAE,Card
TX000688,20464,2026-06-24 00:43:59,Bank Transfer,181.3,France,Online
TX000689,20295,2026-09-16 03:39:32,Direct Debit,159.66,United Kingdom,Card
TX000690,20497,2026-09-08 16:59:49,Cash Withdrawal,60.42,United Kingdom,Mobile
TX000691,20424,2026-02-04 09:05:19,Card Purchase,56.95,Netherlands,Online
TX000692,20275,2026-05-21 04:40:56,Card Purchase,25.24,Nigeria,Mobile
TX000693,20341,2026-08-25 03:55:14,Card Purchase,19.09,United States,Online
TX000694,20011,2026-04-27 06:21:39,Card Purchase,136.41,United Kingdom,Online
TX000695,20178,2026-06-28 12:57:16,Direct Debit,71.25,United Kingdom,Mobile
TX000696,20356,2026-11-23 09:03:55,Card Purchase,287.94,Singapore,Branch
TX000697,20667,2026-06-20 03:30:56,Card Purchase,63.84,Spain,Card
TX000698,20147,2026-01-09 08:24:05,Direct Debit,148.25,United Kingdom,Card
TX000699,20343,2026-02-16 02:33:08,Card Purchase,83.56,UAE,Card
TX000700,20526,2026-03-22 22:12:46,Card Purchase,75.41,Singapore,Online
TX000701,20065,2026-04-24 16:06:27,Card Purchase,40.75,United Kingdom,ATM
TX000702,20575,2026-09-16 21:23:27,Card Purchase,5.5,United Kingdom,Mobile
TX000703,20285,2026-08-15 13:27:08,Bank Transfer,128.86,United Kingdom,Online
TX000704,20528,2026-02-19 22:17:19,Card Purchase,61.86,Nigeria,Mobile
TX000705,20024,2026-01-11 00:44:08,Direct Debit,73.8,United Kingdom,Online
TX000706,20125,2026-04-08 12:55:32,Bank Transfer,87.94,Germany,Card
TX000707,20661,2026-05-07 11:54:07,Bank Transfer,5.2,United Kingdom,Card
TX000708,20455,2026-10-01 07:17:29,Bank Transfer,304.74,Singapore,ATM
TX000709,20648,2026-12-13 19:39:38,Bank Transfer,112.13,Nigeria,Mobile
TX000710,20148,2026-01-07 16:19:26,Card Purchase,27.33,United Kingdom,Card
TX000711,20409,2026-05-19 04:57:53,Card Purchase,38.96,United States,ATM
TX000712,20094,2026-04-11 12:50:57,Card Purchase,7969.73,France,ATM
TX000713,20591,2026-01-18 11:10:39,Cash Withdrawal,133.56,France,Branch
TX000714,20622,2026-04-30 05:52:14,Card Purchase,77.63,United States,Card
TX000715,20097,2026-12-09 18:07:40,Bank Transfer,44.17,United Kingdom,Card
TX000716,20449,2026-07-02 14:48:36,Card Purchase,23.47,United Kingdom,Online
TX000717,20416,2026-07-07 19:36:00,Bank Transfer,217.87,UAE,Mobile
TX000718,20041,2026-10-02 02:00:49,Card Purchase,199.29,United Kingdom,ATM
TX000719,20568,2026-10-13 10:16:57,Card Purchase,164.92,United States,Online
TX000720,20618,2026-10-16 05:17:14,Direct Debit,84.45,United Kingdom,Mobile
TX000721,20117,2026-05-09 22:24:29,Cash Withdrawal,92.17,United Kingdom,Card
TX000722,20575,2026-12-10 22:53:36,Direct Debit,554.26,Netherlands,Card
TX000723,20017,2026-12-07 01:24:56,Direct Debit,185.26,United Kingdom,Mobile
TX000724,20671,2026-05-30 01:13:18,Bank Transfer,45.67,Singapore,Mobile
TX000725,20562,2026-05-27 15:25:57,Card Purchase,61.2,UAE,Card
TX000726,20057,2026-10-17 06:39:19,Card Purchase,140.95,United Kingdom,Mobile
TX000727,20436,2026-03-13 00:38:24,Direct Debit,77.63,Germany,Mobile
TX000728,20024,2026-01-20 20:10:30,Card Purchase,34.46,United Kingdom,Mobile
TX000729,20505,2026-11-05 20:44:53,Cash Withdrawal,34.52,United Kingdom,ATM
TX000730,20371,2026-02-05 11:02:58,Card Purchase,65.45,United Kingdom,Branch
TX000731,20283,2026-07-30 02:36:38,Bank Transfer,210.41,United Kingdom,Card
TX000732,20154,2026-10-03 14:25:59,Bank Transfer,188.91,United Kingdom,Mobile
TX000733,20262,2026-06-21 00:11:50,Bank Transfer,68.71,United Kingdom,Card
TX000734,20012,2026-06-06 01:49:34,Card Purchase,39.88,Germany,Mobile
TX000735,20673,2026-03-24 16:18:12,Card Purchase,55.49,United Kingdom,Mobile
TX000736,20045,2026-01-30 09:25:45,Bank Transfer,87.94,Spain,Online
TX000737,20031,2026-12-16 17:18:30,Direct Debit,6.62,United States,ATM
TX000738,20380,2026-06-24 10:00:15,Bank Transfer,115.88,United Kingdom,Mobile
TX000739,20544,2026-06-12 10:33:07,Direct Debit,206.18,Germany,Online
TX000740,20325,2026-08-01 18:01:05,Bank Transfer,47.93,United Kingdom,Card
TX000741,20341,2026-10-07 09:01:06,Bank Transfer,63.89,United Kingdom,Card
TX000742,20021,2026-12-04 18:28:14,Cash Withdrawal,446.83,France,Online
TX000743,20487,2026-12-29 14:46:05,Direct Debit,511.04,United Kingdom,Mobile
TX000744,20593,2026-08-10 12:36:05,Bank Transfer,226.39,United Kingdom,Card
TX000745,20119,2026-12-22 18:23:20,Card Purchase,66.06,United Kingdom,Mobile
TX000746,20365,2026-04-25 08:28:11,Direct Debit,133.08,United Kingdom,Online
TX000747,20118,2026-04-21 02:34:53,Card Purchase,149.64,United Kingdom,Mobile
TX000748,20632,2026-10-15 06:01:42,Cash Withdrawal,42.82,United States,Card
TX000749,20625,2026-10-01 01:38:06,Direct Debit,294.66,United Kingdom,Mobile
TX000750,20057,2026-11-07 17:31:01,Card Purchase,306.89,Spain,Card
TX000751,20194,2026-03-03 04:50:21,Direct Debit,255.59,United States,Mobile
TX000752,20602,2026-08-12 19:05:14,Bank Transfer,121.7,United Kingdom,Mobile
TX000753,20520,2026-05-21 05:20:43,Card Purchase,132.11,United States,Card
TX000754,20531,2026-12-27 11:50:14,Cash Withdrawal,177.39,United Kingdom,Online
TX000755,20533,2026-03-29 19:41:25,Card Purchase,104.08,United Kingdom,Mobile
TX000756,20361,2026-04-27 23:08:41,Cash Withdrawal,66.69,United Kingdom,Card
TX000757,20537,2026-06-18 14:43:00,Card Purchase,12.49,Ireland,Mobile
TX000758,20145,2026-06-05 17:16:04,Card Purchase,60.84,United Kingdom,Card
TX000759,20284,2026-01-02 10:18:22,Bank Transfer,92.86,United Kingdom,Mobile
TX000760,20408,2026-03-26 22:40:10,Direct Debit,128.89,Nigeria,Online
TX000761,20271,2026-02-16 06:37:37,Bank Transfer,20.84,United Kingdom,Mobile
TX000762,20351,2026-02-24 15:25:16,Bank Transfer,169.76,Singapore,Card
TX000763,20075,2026-06-26 00:58:25,Card Purchase,218.15,United Kingdom,Online
TX000764,20480,2026-08-19 23:53:05,Card Purchase,40.47,UAE,Card
TX000765,20570,2026-10-22 05:33:47,Cash Withdrawal,90.26,UAE,Card
TX000766,20494,2026-08-14 21:01:47,Cash Withdrawal,35.92,United Kingdom,Card
TX000767,20570,2026-05-14 03:58:38,Card Purchase,30.51,Nigeria,Mobile
TX000768,20667,2026-10-15 14:45:27,Cash Withdrawal,46.28,United Kingdom,Card
TX000769,20635,2026-12-02 01:33:48,Card Purchase,109.6,United Kingdom,Card
TX000770,20340,2026-12-09 03:26:48,Cash Withdrawal,77.77,Netherlands,Mobile
TX000771,20201,2026-10-10 07:05:14,Card Purchase,45.57,United Kingdom,Mobile
TX000772,20572,2026-04-25 18:16:25,Card Purchase,9.68,United States,Online
TX000773,20456,2026-05-26 23:44:42,Card Purchase,125.51,United Kingdom,Card
TX000774,20194,2026-10-11 12:01:46,Card Purchase,94.84,Nigeria,Online
TX000775,20064,2026-02-10 00:31:59,Card Purchase,36.68,Ireland,Card
TX000776,20126,2026-10-17 19:37:56,Deposit,153.37,United Kingdom,Mobile
TX000777,20601,2026-08-20 09:13:53,Deposit,56.39,Nigeria,Mobile
TX000778,20075,2026-04-11 04:21:46,Deposit,174.08,United Kingdom,Online
TX000779,20526,2026-03-03 21:10:03,Bank Transfer,183.65,Ireland,ATM
TX000780,20492,2026-03-24 10:16:12,Card Purchase,40.7,United Kingdom,Card
TX000781,20051,2026-09-10 18:47:25,Bank Transfer,52.11,Nigeria,Branch
TX000782,20410,2026-03-15 02:17:40,Direct Debit,15.39,United Kingdom,Card
TX000783,20336,2026-10-13 13:25:02,Direct Debit,47.94,United Kingdom,Mobile
TX000784,20169,2026-01-16 02:45:54,Direct Debit,305.97,United Kingdom,Online
TX000785,20643,2026-08-13 16:21:20,Bank Transfer,36.04,United Kingdom,Card
TX000786,20399,2026-01-09 13:37:26,Bank Transfer,78.34,Singapore,Online
TX000787,20428,2026-06-05 01:17:05,Bank Transfer,33.48,Spain,Mobile
TX000788,20550,2026-05-04 12:08:47,Card Purchase,31.32,United Kingdom,Online
TX000789,20469,2026-09-10 09:05:39,Card Purchase,115.04,United Kingdom,Mobile
TX000790,20637,2026-01-28 01:07:25,Cash Withdrawal,172.07,Singapore,Card
TX000791,20548,2026-12-03 02:36:46,Card Purchase,500.02,UAE,Card
TX000792,20397,2026-07-21 10:49:33,Card Purchase,167.5,Singapore,Online
TX000793,20236,2026-11-17 04:58:17,Card Purchase,166.56,United States,Online
TX000794,20188,2026-08-23 22:47:45,Card Purchase,78.6,Germany,Branch
TX000795,20324,2026-09-01 04:30:57,Bank Transfer,79.77,Singapore,Branch
TX000796,20040,2026-06-14 03:16:49,Card Purchase,201.03,United Kingdom,Card
TX000797,20560,2026-08-11 14:28:06,Direct Debit,89.31,United Kingdom,Mobile
TX000798,20285,2026-12-02 12:06:41,Bank Transfer,76.11,UAE,Card
TX000799,20066,2026-02-15 17:20:27,Card Purchase,19.32,United Kingdom,Mobile
TX000800,20385,2026-01-04 18:55:20,Card Purchase,46.41,United Kingdom,Online
TX000801,20547,2026-03-15 22:17:10,Direct Debit,139.92,Netherlands,Mobile
TX000802,20471,2026-03-16 23:56:56,Direct Debit,139.52,United Kingdom,Online
TX000803,20068,2026-04-19 12:52:42,Cash Withdrawal,81.18,United Kingdom,Mobile
TX000804,20550,2026-04-17 11:02:40,Card Purchase,283.4,United Kingdom,Mobile
TX000805,20014,2026-05-16 01:17:05,Card Purchase,559.18,United Kingdom,Online
TX000806,20147,2026-11-21 19:13:22,Card Purchase,57.92,Nigeria,ATM
TX000807,20129,2026-02-23 01:46:38,Bank Transfer,53.95,United Kingdom,Branch
TX000808,20320,2026-07-18 23:20:40,Cash Withdrawal,283.19,United Kingdom,Mobile
TX000809,20421,2026-03-12 03:55:48,Card Purchase,138.36,United Kingdom,Mobile
TX000810,20431,2026-07-03 12:30:41,Card Purchase,555.74,United Kingdom,Card
TX000811,20525,2026-06-28 05:02:24,Card Purchase,54.28,France,Mobile
TX000812,20280,2026-05-15 22:03:04,Bank Transfer,12.03,United States,Branch
TX000813,20602,2026-01-21 23:37:06,Deposit,259.08,France,Branch
TX000814,20041,2026-02-09 17:45:00,Card Purchase,46.23,United Kingdom,Online
TX000815,20311,2026-12-13 17:22:12,Card Purchase,151.52,UAE,Card
TX000816,20421,2026-07-06 15:07:29,Bank Transfer,12.7,United Kingdom,Card
TX000817,20545,2026-03-08 04:50:37,Cash Withdrawal,98.43,Nigeria,Mobile
TX000818,20628,2026-12-23 04:18:37,Card Purchase,154.4,United States,Card
TX000819,20177,2026-05-05 19:44:29,Card Purchase,22.43,United Kingdom,Card
TX000820,20387,2026-06-01 23:15:27,Card Purchase,60.32,United Kingdom,Card
TX000821,20601,2026-01-22 10:58:01,Card Purchase,36.3,United States,Branch
TX000822,20395,2026-06-28 09:09:49,Deposit,77.11,United Kingdom,Online
TX000823,20579,2026-02-10 05:47:23,Direct Debit,118.11,UAE,Branch
TX000824,20399,2026-10-05 12:07:52,Bank Transfer,228.29,United Kingdom,Online
TX000825,20523,2026-06-15 10:03:33,Deposit,89.23,United Kingdom,Mobile
TX000826,20155,2026-07-11 02:26:34,Bank Transfer,345.63,Singapore,Card
TX000827,20643,2026-01-14 01:51:26,Deposit,66.01,Nigeria,Mobile
TX000828,20199,2026-12-08 05:22:40,Card Purchase,179.77,United Kingdom,Mobile
TX000829,20604,2026-02-19 12:26:14,Bank Transfer,56.03,Nigeria,Branch
TX000830,20667,2026-08-25 18:41:38,Card Purchase,203.02,United Kingdom,Online
TX000831,20441,2026-05-16 02:05:05,Deposit,121.79,Ireland,Online
TX000832,20045,2026-02-26 18:17:27,Card Purchase,70.51,United Kingdom,Online
TX000833,20083,2026-12-22 19:31:51,Cash Withdrawal,83.77,United Kingdom,Card
TX000834,20293,2026-07-29 22:15:12,Direct Debit,44.45,United Kingdom,Card
TX000835,20422,2026-10-21 20:49:32,Direct Debit,57.95,United Kingdom,Card
TX000836,20321,2026-05-15 20:02:22,Bank Transfer,427.62,Germany,Branch
TX000837,20174,2026-12-23 15:37:18,Bank Transfer,26.29,United Kingdom,Mobile
TX000838,20137,2026-12-15 19:51:27,Card Purchase,124.71,United Kingdom,Card
TX000839,20457,2026-07-16 21:16:26,Card Purchase,101.89,United Kingdom,Card
TX000840,20070,2026-11-08 17:12:22,Card Purchase,172.74,United Kingdom,Card
TX000841,20133,2026-01-04 00:39:41,Card Purchase,92.29,Singapore,Card
TX000842,20561,2026-09-23 07:27:49,Card Purchase,90.39,United Kingdom,Card
TX000843,20057,2026-12-19 17:06:12,Card Purchase,78.14,United Kingdom,Card
TX000844,20161,2026-07-31 07:08:35,Direct Debit,71.11,Spain,ATM
TX000845,20202,2026-07-14 13:32:37,Direct Debit,59.67,Ireland,Card
TX000846,20551,2026-11-09 12:47:21,Card Purchase,81.18,United Kingdom,ATM
TX000847,20534,2026-02-19 02:21:31,Bank Transfer,127.26,United Kingdom,Mobile
TX000848,20578,2026-01-30 17:12:34,Deposit,202.7,United Kingdom,Online
TX000849,20388,2026-03-04 11:41:29,Card Purchase,38.82,Singapore,Online
TX000850,20267,2026-06-19 04:56:23,Direct Debit,278.7,Nigeria,Card
TX000851,20254,2026-01-13 21:13:51,Card Purchase,35.32,United Kingdom,Mobile
TX000852,20184,2026-10-29 07:20:03,Card Purchase,278.77,United Kingdom,Mobile
TX000853,20324,2026-11-01 06:48:52,Direct Debit,121.23,United Kingdom,Mobile
TX000854,20416,2026-07-14 05:15:46,Deposit,456.4,United Kingdom,Card
TX000855,20638,2026-09-14 14:44:21,Card Purchase,368.23,Germany,Mobile
TX000856,20181,2026-04-30 13:34:18,Bank Transfer,131.05,United Kingdom,Mobile
TX000857,20356,2026-01-11 14:55:10,Bank Transfer,41.79,United Kingdom,Online
TX000858,20026,2026-11-29 08:35:29,Bank Transfer,136.03,United Kingdom,Online
TX000859,20194,2026-09-07 13:27:24,Direct Debit,25.12,UAE,Card
TX000860,20403,2026-05-26 06:14:23,Deposit,404.73,Spain,Online
TX000861,20541,2026-11-05 09:42:31,Bank Transfer,53.3,United States,Online
TX000862,20381,2026-01-23 02:37:38,Deposit,22.66,Netherlands,Online
TX000863,20091,2026-08-27 03:52:51,Card Purchase,124.42,United States,Mobile
TX000864,20204,2026-01-13 08:51:59,Card Purchase,17.07,UAE,Mobile
TX000865,20002,2026-12-19 18:47:12,Cash Withdrawal,31.29,United Kingdom,ATM
TX000866,20522,2026-04-23 01:16:20,Bank Transfer,12.05,United Kingdom,Card
TX000867,20305,2026-12-15 00:56:25,Card Purchase,146.05,United Kingdom,Online
TX000868,20092,2026-06-10 17:20:29,Direct Debit,319.88,Spain,Mobile
TX000869,20408,2026-08-15 16:11:15,Direct Debit,513.36,Netherlands,Online
TX000870,20306,2026-05-24 07:30:55,Card Purchase,96.18,Nigeria,Mobile
TX000871,20363,2026-02-26 04:49:40,Card Purchase,112.98,Nigeria,Mobile
TX000872,20477,2026-03-13 01:39:52,Bank Transfer,57.5,United Kingdom,Mobile
TX000873,20580,2026-11-20 16:43:34,Card Purchase,74.97,United Kingdom,Mobile
TX000874,20381,2026-07-29 19:30:15,Card Purchase,353.33,Spain,Mobile
TX000875,20136,2026-11-03 04:25:09,Bank Transfer,63.07,United Kingdom,ATM
TX000876,20563,2026-06-15 06:39:08,Card Purchase,63.15,United Kingdom,Mobile
TX000877,20547,2026-05-19 14:11:23,Card Purchase,442.08,Singapore,Card
TX000878,20183,2026-05-20 07:35:21,Card Purchase,63.7,United Kingdom,Branch
TX000879,20607,2026-06-19 00:12:28,Deposit,909.71,United Kingdom,Online
TX000880,20339,2026-02-05 21:43:26,Direct Debit,171.11,United Kingdom,Online
TX000881,20588,2026-08-31 13:53:03,Deposit,54.5,United Kingdom,Mobile
TX000882,20620,2026-12-02 03:07:05,Card Purchase,609.22,Nigeria,ATM
TX000883,20260,2026-10-20 12:35:22,Bank Transfer,124.83,Spain,Online
TX000884,20460,2026-12-21 00:43:46,Direct Debit,24.06,France,ATM
TX000885,20034,2026-03-25 21:05:52,Card Purchase,8.06,United Kingdom,Mobile
TX000886,20626,2026-02-09 23:54:14,Direct Debit,64.29,United Kingdom,Mobile
TX000887,20218,2026-12-30 06:04:49,Bank Transfer,78.59,France,Mobile
TX000888,20045,2026-10-12 05:28:46,Card Purchase,333.12,United Kingdom,Card
TX000889,20597,2026-01-29 20:56:05,Deposit,329.85,United Kingdom,Mobile
TX000890,20250,2026-09-25 02:28:24,Card Purchase,148.56,United Kingdom,Card
TX000891,20540,2026-05-27 20:56:57,Card Purchase,119.85,United Kingdom,Online
TX000892,20295,2026-03-18 22:53:15,Deposit,77.87,United Kingdom,ATM
TX000893,20506,2026-12-16 14:33:46,Card Purchase,76.1,United States,Online
TX000894,20338,2026-04-10 13:18:00,Card Purchase,61.05,Singapore,Mobile
TX000895,20010,2026-04-03 00:04:48,Cash Withdrawal,10.68,Ireland,Card
TX000896,20261,2026-02-17 01:25:43,Bank Transfer,127.23,Nigeria,Online
TX000897,20105,2026-07-20 14:55:43,Bank Transfer,183.55,Singapore,Card
TX000898,20371,2026-04-10 07:55:17,Card Purchase,24.56,United Kingdom,Card
TX000899,20224,2026-10-19 05:58:58,Bank Transfer,174.34,United Kingdom,Mobile
TX000900,20444,2026-06-08 13:33:41,Card Purchase,22.82,United Kingdom,ATM
TX000901,20380,2026-07-24 17:59:17,Cash Withdrawal,180.59,United Kingdom,Card
TX000902,20080,2026-03-29 20:10:23,Bank Transfer,13.79,Germany,Online
TX000903,20211,2026-07-08 18:20:21,Card Purchase,63.75,United States,Online
TX000904,20523,2026-07-10 18:45:41,Card Purchase,58.94,United Kingdom,Online
TX000905,20235,2026-08-21 16:37:06,Card Purchase,151.4,Singapore,Mobile
TX000906,20209,2026-12-25 12:06:18,Card Purchase,102.73,Spain,Mobile
TX000907,20456,2026-02-16 04:37:09,Card Purchase,23.47,United States,ATM
TX000908,20256,2026-10-20 11:21:44,Card Purchase,181.11,Germany,Card
TX000909,20505,2026-03-03 20:24:32,Deposit,392.66,Germany,Card
TX000910,20618,2026-08-15 10:57:23,Bank Transfer,95.5,Nigeria,Online
TX000911,20299,2026-03-05 14:58:32,Card Purchase,44.5,United Kingdom,ATM
TX000912,20093,2026-09-16 01:28:10,Cash Withdrawal,609.43,Spain,Mobile
TX000913,20137,2026-03-05 02:47:36,Card Purchase,20664.69,United States,Card
TX000914,20524,2026-08-02 01:01:43,Cash Withdrawal,18.8,United Kingdom,Mobile
TX000915,20142,2026-11-04 23:15:07,Cash Withdrawal,28.07,United States,Online
TX000916,20357,2026-11-16 01:49:32,Card Purchase,25.21,UAE,Online
TX000917,20399,2026-10-14 16:26:40,Card Purchase,112.16,United Kingdom,Online
TX000918,20179,2026-05-17 16:35:00,Cash Withdrawal,21.55,United Kingdom,Card
TX000919,20104,2026-05-24 16:58:08,Card Purchase,47.46,Ireland,Online
TX000920,20220,2026-07-24 06:44:48,Card Purchase,38.36,United Kingdom,Branch
TX000921,20014,2026-12-16 06:01:40,Card Purchase,33.71,United Kingdom,ATM
TX000922,20635,2026-01-04 17:32:36,Card Purchase,23.51,United Kingdom,ATM
TX000923,20008,2026-11-14 02:39:30,Cash Withdrawal,56.42,United Kingdom,Card
TX000924,20347,2026-09-09 10:29:18,Cash Withdrawal,57.4,United States,Card
TX000925,20655,2026-03-07 19:14:36,Card Purchase,89.65,France,Card
TX000926,20169,2026-12-19 18:10:44,Direct Debit,11.4,United States,Online
TX000927,20416,2026-10-08 12:30:19,Bank Transfer,268.42,United Kingdom,Mobile
TX000928,20424,2026-07-06 20:28:03,Card Purchase,176.63,United Kingdom,Mobile
TX000929,20555,2026-08-03 05:05:53,Bank Transfer,109.71,United Kingdom,Online
TX000930,20337,2026-03-09 20:36:03,Card Purchase,36.1,United Kingdom,Card
TX000931,20317,2026-01-25 12:24:12,Direct Debit,262.86,United Kingdom,ATM
TX000932,20563,2026-05-22 06:13:41,Bank Transfer,313.57,United Kingdom,Mobile
TX000933,20155,2026-03-29 00:21:57,Card Purchase,476.64,United Kingdom,Online
TX000934,20005,2026-03-08 18:04:27,Card Purchase,34.42,Nigeria,Mobile
TX000935,20478,2026-03-21 07:43:39,Card Purchase,52.94,United Kingdom,Mobile
TX000936,20592,2026-12-19 01:23:58,Cash Withdrawal,441.22,Netherlands,Mobile
TX000937,20186,2026-02-06 23:31:04,Card Purchase,261.65,United Kingdom,Online
TX000938,20185,2026-08-15 01:39:28,Card Purchase,219.21,United States,Online
TX000939,20354,2026-09-21 08:37:48,Deposit,128.69,UAE,Mobile
TX000940,20619,2026-09-26 01:35:00,Bank Transfer,651.85,Spain,Card
TX000941,20567,2026-01-30 14:37:25,Direct Debit,26.96,United Kingdom,Mobile
TX000942,20506,2026-03-01 01:42:50,Card Purchase,201.3,Singapore,Mobile
TX000943,20659,2026-08-14 00:01:37,Card Purchase,18.46,United Kingdom,Online
TX000944,20648,2026-04-07 15:05:49,Cash Withdrawal,51.23,Nigeria,Online
TX000945,20037,2026-03-22 18:23:13,Direct Debit,44.55,United Kingdom,Card
TX000946,20004,2026-06-02 00:07:05,Card Purchase,405.58,Spain,Card
TX000947,20461,2026-03-14 11:00:50,Bank Transfer,92.54,United Kingdom,Branch
TX000948,20337,2026-05-21 14:01:33,Bank Transfer,244.75,United Kingdom,Online
TX000949,20296,2026-08-19 00:58:07,Card Purchase,42.46,United Kingdom,Online
TX000950,20673,2026-06-16 18:31:35,Card Purchase,369.15,Spain,Online
TX000951,20570,2026-05-14 14:19:10,Bank Transfer,203.88,United Kingdom,Online
TX000952,20567,2026-04-22 23:13:06,Card Purchase,207.96,United Kingdom,Card
TX000953,20321,2026-03-06 23:26:02,Card Purchase,105.81,UAE,Card
TX000954,20400,2026-09-03 14:29:54,Bank Transfer,129.53,Ireland,Branch
TX000955,20552,2026-02-02 17:15:46,Card Purchase,4.51,United Kingdom,Card
TX000956,20063,2026-01-08 09:51:50,Direct Debit,329.94,Netherlands,Online
TX000957,20196,2026-11-05 09:51:15,Card Purchase,121.12,United States,Card
TX000958,20023,2026-01-03 04:19:31,Card Purchase,31.12,United Kingdom,Card
TX000959,20587,2026-05-07 00:01:19,Direct Debit,85.66,Netherlands,ATM
TX000960,20500,2026-09-05 12:45:44,Direct Debit,206.87,France,Online
TX000961,20650,2026-10-22 14:18:14,Card Purchase,50.07,United Kingdom,Online
TX000962,20171,2026-09-17 22:24:39,Card Purchase,80.4,Germany,Online
TX000963,20256,2026-03-31 22:57:18,Cash Withdrawal,80.64,United Kingdom,Online
TX000964,20147,2026-04-22 07:55:36,Card Purchase,111.09,United Kingdom,Card
TX000965,20436,2026-10-13 12:01:27,Bank Transfer,47.42,Spain,Mobile
TX000966,20208,2026-07-21 07:42:03,Card Purchase,13.69,Netherlands,Mobile
TX000967,20355,2026-03-23 02:52:47,Deposit,35.03,United Kingdom,Card
TX000968,20029,2026-10-15 11:39:49,Deposit,81.48,United Kingdom,Mobile
TX000969,20378,2026-01-05 06:39:50,Deposit,16.41,Spain,Online
TX000970,20548,2026-04-19 20:23:22,Card Purchase,134.44,United Kingdom,Mobile
TX000971,20127,2026-02-02 20:34:09,Direct Debit,568.12,United Kingdom,Card
TX000972,20664,2026-09-19 07:07:17,Card Purchase,167.38,United Kingdom,Online
TX000973,20241,2026-04-09 08:16:34,Bank Transfer,130.57,United Kingdom,Card
TX000974,20599,2026-09-08 23:35:47,Bank Transfer,103.47,Germany,Card
TX000975,20007,2026-11-08 10:18:54,Card Purchase,27.04,United States,Mobile
TX000976,20206,2026-11-28 08:07:14,Card Purchase,207.03,United Kingdom,Online
TX000977,20566,2026-11-17 23:14:06,Card Purchase,89.96,United Kingdom,Branch
TX000978,20432,2026-11-14 01:32:00,Deposit,118.31,United Kingdom,Mobile
TX000979,20600,2026-10-24 23:58:33,Deposit,109.84,United Kingdom,Online
TX000980,20350,2026-09-27 05:50:48,Direct Debit,28.65,United Kingdom,Online
TX000981,20280,2026-03-04 13:59:28,Deposit,212.88,United Kingdom,Card
TX000982,20184,2026-10-21 02:35:32,Deposit,52.91,United Kingdom,Mobile
TX000983,20413,2026-10-28 22:34:01,Cash Withdrawal,34.0,Spain,Online
TX000984,20439,2026-06-07 14:24:04,Bank Transfer,155.34,Singapore,Card
TX000985,20014,2026-10-15 08:41:25,Direct Debit,155.3,United Kingdom,Online
TX000986,20321,2026-04-30 15:51:01,Card Purchase,139.7,United Kingdom,Online
TX000987,20052,2026-05-09 21:20:04,Card Purchase,190.82,United Kingdom,Mobile
TX000988,20321,2026-02-07 08:54:17,Deposit,87.78,Ireland,Online
TX000989,20654,2026-02-20 00:15:39,Deposit,52.87,United Kingdom,Online
TX000990,20015,2026-07-23 04:03:28,Card Purchase,210.65,UAE,Mobile
TX000991,20433,2026-11-03 10:42:56,Card Purchase,43.66,United Kingdom,Card
TX000992,20478,2026-12-30 04:34:13,Card Purchase,126.38,United Kingdom,Online
TX000993,20336,2026-01-24 04:04:23,Card Purchase,42.88,Germany,ATM
TX000994,20483,2026-04-12 01:58:35,Direct Debit,242.59,Singapore,Mobile
TX000995,20329,2026-12-01 05:07:55,Cash Withdrawal,213.03,United Kingdom,Card
TX000996,20220,2026-02-17 20:12:20,Bank Transfer,53.64,United Kingdom,Card
TX000997,20232,2026-05-17 01:14:57,Deposit,547.44,United States,Branch
TX000998,20083,2026-08-08 09:35:40,Direct Debit,149.35,United Kingdom,Card
TX000999,20227,2026-06-23 17:01:08,Deposit,1502.95,Singapore,Mobile
TX001000,20162,2026-10-10 21:23:04,Card Purchase,502.76,Nigeria,Mobile
TX001001,20370,2026-07-09 05:37:00,Bank Transfer,228.63,United Kingdom,Online
TX001002,20250,2026-07-27 02:09:43,Card Purchase,104.52,United Kingdom,Card
TX001003,20108,2026-12-01 00:09:56,Deposit,5.21,United Kingdom,Card
TX001004,20270,2026-06-12 13:34:51,Card Purchase,174.97,Nigeria,Mobile
TX001005,20283,2026-10-25 13:45:27,Direct Debit,117.94,UAE,Online
TX001006,20331,2026-12-04 05:56:31,Card Purchase,91.81,United Kingdom,Online
TX001007,20274,2026-12-08 21:07:03,Direct Debit,461.09,United Kingdom,Card
TX001008,20453,2026-05-29 18:49:19,Cash Withdrawal,27.01,United States,Card
TX001009,20355,2026-09-13 01:21:24,Card Purchase,225.8,Spain,Mobile
TX001010,20380,2026-11-21 06:05:03,Card Purchase,49.07,United Kingdom,Branch
TX001011,20440,2026-10-01 18:00:17,Direct Debit,65.33,Germany,Mobile
TX001012,20659,2026-02-07 21:29:46,Card Purchase,312.92,United Kingdom,Mobile
TX001013,20351,2026-07-09 17:27:19,Deposit,76.89,United Kingdom,Mobile
TX001014,20520,2026-06-14 06:51:04,Bank Transfer,18.43,United Kingdom,Online
TX001015,20238,2026-09-04 00:00:05,Card Purchase,59.35,France,Online
TX001016,20181,2026-11-08 10:41:46,Card Purchase,303.36,United Kingdom,ATM
TX001017,20039,2026-02-21 20:54:15,Bank Transfer,168.89,United Kingdom,Card
TX001018,20227,2026-10-13 04:54:29,Deposit,16.7,United Kingdom,Mobile
TX001019,20212,2026-11-14 01:28:33,Cash Withdrawal,27.68,United Kingdom,Mobile
TX001020,20012,2026-07-31 02:06:06,Bank Transfer,127.76,Spain,Card
TX001021,20255,2026-09-30 06:21:20,Direct Debit,52.75,United Kingdom,Online
TX001022,20208,2026-05-24 07:58:25,Card Purchase,56.51,United Kingdom,Online
TX001023,20376,2026-09-27 04:21:39,Direct Debit,140.64,United Kingdom,Mobile
TX001024,20079,2026-04-13 21:01:49,Deposit,2.0,Germany,Mobile
TX001025,20266,2026-09-23 21:02:14,Direct Debit,290.54,United Kingdom,Card
TX001026,20385,2026-04-10 06:59:46,Card Purchase,68.71,Singapore,ATM
TX001027,20433,2026-03-12 08:10:25,Card Purchase,93.08,Germany,Mobile
TX001028,20164,2026-08-15 17:50:24,Deposit,67.94,UAE,Branch
TX001029,20384,2026-04-17 10:17:29,Direct Debit,23.47,United Kingdom,Card
TX001030,20118,2026-05-04 23:12:47,Card Purchase,17.93,United States,Card
TX001031,20492,2026-01-04 03:28:16,Bank Transfer,138.65,United Kingdom,Online
TX001032,20479,2026-06-08 03:54:30,Direct Debit,102.54,United Kingdom,Online
TX001033,20511,2026-03-03 19:25:52,Card Purchase,34.8,United Kingdom,Mobile
TX001034,20579,2026-05-04 03:18:44,Deposit,189.29,United Kingdom,Mobile
TX001035,20516,2026-11-21 11:13:48,Card Purchase,21.18,Germany,Card
TX001036,20675,2026-09-27 22:22:20,Deposit,15.68,United Kingdom,Branch
TX001037,20610,2026-10-18 22:01:37,Bank Transfer,344.0,United Kingdom,Card
TX001038,20456,2026-10-13 00:39:55,Cash Withdrawal,123.36,United Kingdom,Online
TX001039,20059,2026-04-16 10:58:34,Card Purchase,785.33,United Kingdom,Mobile
TX001040,20198,2026-02-04 01:46:51,Deposit,33.47,France,Card
TX001041,20202,2026-03-15 22:43:31,Cash Withdrawal,157.76,United Kingdom,Online
TX001042,20531,2026-12-29 08:04:17,Deposit,12.55,United Kingdom,Branch
TX001043,20319,2026-12-19 10:25:28,Card Purchase,68.94,United Kingdom,Mobile
TX001044,20381,2026-05-30 15:25:34,Card Purchase,185.6,UAE,Card
TX001045,20053,2026-04-26 09:59:52,Direct Debit,62.42,United Kingdom,Card
TX001046,20202,2026-03-12 18:43:38,Card Purchase,195.01,Ireland,Card
TX001047,20188,2026-09-23 06:48:38,Direct Debit,505.2,United Kingdom,Card
TX001048,20650,2026-06-11 07:01:49,Bank Transfer,21.19,United Kingdom,Mobile
TX001049,20177,2026-03-17 19:33:58,Card Purchase,671.25,UAE,Online
TX001050,20290,2026-02-16 12:08:08,Cash Withdrawal,53.22,France,Online
TX001051,20486,2026-07-10 20:08:07,Bank Transfer,50.75,Ireland,Branch
TX001052,20667,2026-04-16 03:14:20,Card Purchase,57.1,Netherlands,Online
TX001053,20343,2026-10-28 00:46:22,Cash Withdrawal,122.94,Germany,Online
TX001054,20473,2026-09-19 12:33:23,Bank Transfer,107.45,United Kingdom,Card
TX001055,20492,2026-07-10 17:10:07,Direct Debit,96.98,Ireland,Card
TX001056,20367,2026-05-29 19:23:16,Card Purchase,115.28,Nigeria,Card
TX001057,20369,2026-11-18 21:49:35,Direct Debit,15.6,United States,Online
TX001058,20628,2026-01-19 15:51:01,Card Purchase,146.52,United Kingdom,Card
TX001059,20310,2026-09-08 09:17:28,Card Purchase,193.98,France,Branch
TX001060,20071,2026-05-03 14:39:41,Card Purchase,71.0,United Kingdom,Mobile
TX001061,20241,2026-02-09 22:59:03,Bank Transfer,88.9,United Kingdom,Card
TX001062,20280,2026-08-04 19:20:08,Bank Transfer,52.02,United Kingdom,Card
TX001063,20350,2026-04-23 18:29:42,Deposit,76.8,United Kingdom,Mobile
TX001064,20281,2026-11-19 21:52:51,Card Purchase,48.76,United Kingdom,Online
TX001065,20473,2026-01-11 18:21:06,Card Purchase,84.01,UAE,Mobile
TX001066,20268,2026-07-24 04:25:05,Cash Withdrawal,201.94,United Kingdom,Mobile
TX001067,20078,2026-01-24 00:56:31,Deposit,38.62,United Kingdom,Online
TX001068,20213,2026-04-02 13:43:50,Card Purchase,49.57,Germany,ATM
TX001069,20401,2026-10-29 00:21:00,Bank Transfer,164.48,United Kingdom,Online
TX001070,20273,2026-10-07 06:34:49,Card Purchase,63.15,United Kingdom,Mobile
TX001071,20359,2026-07-18 04:19:15,Deposit,87.82,United Kingdom,Branch
TX001072,20294,2026-01-13 16:39:07,Direct Debit,39.5,France,Card
TX001073,20238,2026-05-24 17:50:23,Deposit,17766.19,UAE,Card
TX001074,20666,2026-11-08 17:19:51,Card Purchase,24.3,United Kingdom,Card
TX001075,20338,2026-03-18 00:22:29,Card Purchase,120.09,Nigeria,Card
TX001076,20091,2026-10-12 08:02:01,Bank Transfer,44.58,United Kingdom,Online
TX001077,20270,2026-06-10 11:20:10,Direct Debit,83.43,United States,Mobile
TX001078,20042,2026-05-21 07:40:25,Card Purchase,59.97,Singapore,ATM
TX001079,20542,2026-01-17 08:06:54,Bank Transfer,139.14,United Kingdom,Online
TX001080,20161,2026-10-19 22:42:32,Card Purchase,76.63,United Kingdom,Mobile
TX001081,20202,2026-02-23 00:23:57,Card Purchase,225.56,United Kingdom,Mobile
TX001082,20165,2026-03-16 22:32:29,Deposit,24.91,United Kingdom,ATM
TX001083,20556,2026-11-07 07:50:25,Card Purchase,52.55,France,Mobile
TX001084,20129,2026-05-28 01:14:50,Card Purchase,144.26,Singapore,Online
TX001085,20003,2026-11-09 17:22:50,Card Purchase,30.26,United Kingdom,Online
TX001086,20396,2026-07-22 14:57:07,Direct Debit,256.67,France,Mobile
TX001087,20360,2026-07-19 23:23:09,Card Purchase,32.78,United Kingdom,Mobile
TX001088,20343,2026-07-11 05:02:34,Card Purchase,33.15,UAE,Online
TX001089,20250,2026-07-15 16:09:54,Card Purchase,488.1,Netherlands,Online
TX001090,20619,2026-06-16 22:01:14,Card Purchase,169.96,Singapore,Card
TX001091,20326,2026-01-29 19:54:59,Deposit,124.78,Spain,Online
TX001092,20359,2026-03-05 12:08:18,Direct Debit,408.68,Ireland,Card
TX001093,20664,2026-06-09 01:59:43,Card Purchase,186.85,United Kingdom,Card
TX001094,20262,2026-12-28 17:27:22,Direct Debit,129.2,UAE,Card
TX001095,20443,2026-03-15 23:48:27,Card Purchase,47.54,United Kingdom,Mobile
TX001096,20589,2026-04-30 02:33:12,Bank Transfer,15.06,Singapore,Online
TX001097,20658,2026-09-24 05:41:18,Card Purchase,26.24,United Kingdom,Card
TX001098,20273,2026-03-25 04:43:26,Bank Transfer,21.56,United Kingdom,Card
TX001099,20485,2026-06-12 09:11:43,Direct Debit,169.12,United Kingdom,Card
TX001100,20641,2026-10-09 16:50:15,Card Purchase,96.62,United Kingdom,Mobile
TX001101,20616,2026-07-31 19:25:59,Cash Withdrawal,70.49,Germany,Card
TX001102,20333,2026-12-19 11:00:38,Card Purchase,36.46,Singapore,Online
TX001103,20656,2026-10-26 19:15:13,Cash Withdrawal,163.3,United States,Online
TX001104,20635,2026-08-10 12:04:23,Bank Transfer,41.33,United Kingdom,Card
TX001105,20289,2026-05-17 18:29:22,Card Purchase,17.51,Germany,Mobile
TX001106,20195,2026-01-11 06:53:50,Card Purchase,145.17,United Kingdom,Card
TX001107,20562,2026-12-14 17:56:28,Bank Transfer,42.06,UAE,Online
TX001108,20534,2026-07-25 02:28:30,Card Purchase,58.13,United Kingdom,ATM
TX001109,20395,2026-07-21 00:52:33,Card Purchase,49.22,Nigeria,Online
TX001110,20462,2026-11-23 06:59:48,Card Purchase,214.27,United States,Card
TX001111,20399,2026-03-18 00:34:05,Direct Debit,44.5,United Kingdom,Mobile
TX001112,20525,2026-04-02 19:43:11,Bank Transfer,100.06,United Kingdom,Card
TX001113,20331,2026-11-13 21:18:46,Card Purchase,1975.84,Spain,Card
TX001114,20154,2026-12-25 13:38:43,Deposit,288.32,United Kingdom,Mobile
TX001115,20543,2026-07-13 06:32:09,Direct Debit,40.8,United Kingdom,Online
TX001116,20015,2026-11-08 03:06:27,Card Purchase,138.76,Spain,Online
TX001117,20261,2026-07-30 14:10:41,Card Purchase,29.18,United Kingdom,Mobile
TX001118,20430,2026-11-26 06:14:02,Direct Debit,558.15,United Kingdom,ATM
TX001119,20204,2026-06-27 23:06:49,Cash Withdrawal,260.28,United Kingdom,Card
TX001120,20203,2026-04-23 01:10:06,Card Purchase,43.45,UAE,Online
TX001121,20598,2026-06-07 02:39:05,Card Purchase,64.2,Ireland,Mobile
TX001122,20096,2026-04-18 02:34:56,Cash Withdrawal,51.04,United Kingdom,Mobile
TX001123,20275,2026-05-01 21:23:18,Bank Transfer,89.84,Nigeria,Card
TX001124,20211,2026-04-21 15:19:04,Direct Debit,7.7,Netherlands,Online
TX001125,20145,2026-08-03 07:27:00,Deposit,101.87,Netherlands,Card
TX001126,20377,2026-06-01 11:42:13,Direct Debit,82.17,United Kingdom,Mobile
TX001127,20266,2026-11-28 18:51:45,Card Purchase,115.31,Spain,Mobile
TX001128,20331,2026-11-17 00:39:34,Direct Debit,158.07,Germany,Mobile
TX001129,20638,2026-05-17 09:10:39,Card Purchase,243.13,United Kingdom,Mobile
TX001130,20510,2026-03-06 19:41:49,Card Purchase,610.87,United Kingdom,Mobile
TX001131,20198,2026-12-22 17:20:57,Cash Withdrawal,19.53,United Kingdom,Online
TX001132,20627,2026-01-06 06:17:03,Deposit,54.58,United Kingdom,Mobile
TX001133,20603,2026-09-04 11:00:56,Cash Withdrawal,51.46,United Kingdom,Mobile
TX001134,20288,2026-02-18 14:07:20,Cash Withdrawal,24.24,United Kingdom,ATM
TX001135,20577,2026-07-15 04:15:00,Card Purchase,211.83,United Kingdom,Card
TX001136,20526,2026-05-07 22:17:27,Bank Transfer,52.71,United Kingdom,Online
TX001137,20171,2026-02-09 01:02:08,Bank Transfer,949.73,United Kingdom,Online
TX001138,20503,2026-11-17 14:26:54,Bank Transfer,69.06,United States,Mobile
TX001139,20131,2026-07-01 10:22:32,Cash Withdrawal,359.03,United Kingdom,Card
TX001140,20194,2026-03-16 08:24:32,Bank Transfer,19.88,United States,Card
TX001141,20558,2026-11-06 23:35:11,Bank Transfer,94.72,United Kingdom,Online
TX001142,20100,2026-03-19 08:48:51,Bank Transfer,423.42,United States,Mobile
TX001143,20667,2026-08-04 23:40:33,Card Purchase,86.04,United Kingdom,ATM
TX001144,20283,2026-05-10 23:39:43,Card Purchase,8.05,United Kingdom,Mobile
TX001145,20004,2026-08-08 09:00:32,Bank Transfer,243.65,United Kingdom,Card
TX001146,20193,2026-08-09 05:46:00,Card Purchase,42.95,Ireland,Mobile
TX001147,20584,2026-09-19 01:54:55,Card Purchase,80.28,Germany,Card
TX001148,20616,2026-08-25 05:45:11,Card Purchase,58.64,United Kingdom,Online
TX001149,20497,2026-01-17 09:22:46,Card Purchase,98.05,United Kingdom,ATM
TX001150,20020,2026-10-14 22:15:02,Card Purchase,62.03,United Kingdom,Branch
TX001151,20154,2026-12-19 16:41:08,Card Purchase,9.67,Spain,Mobile
TX001152,20197,2026-03-16 16:40:12,Card Purchase,42.62,United Kingdom,Mobile
TX001153,20010,2026-04-05 19:25:38,Deposit,1419.36,United Kingdom,Mobile
TX001154,20438,2026-02-01 03:59:35,Card Purchase,41.46,Germany,Online
TX001155,20385,2026-02-17 13:59:41,Card Purchase,248.9,United Kingdom,Mobile
TX001156,20042,2026-08-03 19:36:41,Card Purchase,697.6,United Kingdom,Mobile
TX001157,20163,2026-07-04 22:34:19,Card Purchase,59.29,UAE,Branch
TX001158,20391,2026-07-14 16:35:22,Card Purchase,93.04,Nigeria,ATM
TX001159,20659,2026-01-17 23:36:43,Card Purchase,17.57,United States,Card
TX001160,20157,2026-12-07 21:54:53,Card Purchase,142.68,United Kingdom,Mobile
TX001161,20588,2026-03-10 18:56:11,Direct Debit,349.6,Germany,Card
TX001162,20329,2026-01-04 11:14:59,Cash Withdrawal,432.62,Spain,Card
TX001163,20068,2026-10-15 12:13:29,Card Purchase,25.31,UAE,Card
TX001164,20255,2026-02-06 20:23:44,Deposit,198.39,Singapore,Mobile
TX001165,20396,2026-07-28 09:17:47,Bank Transfer,238.07,United Kingdom,Mobile
TX001166,20083,2026-01-12 03:21:22,Direct Debit,26.44,Singapore,Card
TX001167,20199,2026-04-09 23:24:57,Card Purchase,9.06,United States,Online
TX001168,20526,2026-12-21 23:11:52,Deposit,383.57,Netherlands,Card
TX001169,20170,2026-09-11 05:54:29,Card Purchase,135.4,United Kingdom,Mobile
TX001170,20210,2026-11-18 17:59:33,Bank Transfer,38.34,Nigeria,Card
TX001171,20166,2026-06-24 12:37:20,Card Purchase,240.97,United Kingdom,Card
TX001172,20631,2026-08-06 06:09:38,Direct Debit,29.08,United Kingdom,Card
TX001173,20516,2026-04-11 21:18:31,Card Purchase,44.34,Spain,Card
TX001174,20217,2026-10-29 16:48:07,Card Purchase,304.67,Spain,Card
TX001175,20318,2026-11-06 01:17:30,Deposit,11.26,UAE,ATM
TX001176,20248,2026-09-14 04:12:38,Card Purchase,109.16,United Kingdom,ATM
TX001177,20507,2026-03-29 07:39:12,Card Purchase,389.37,UAE,Mobile
TX001178,20319,2026-03-15 12:39:28,Bank Transfer,19.37,France,Mobile
TX001179,20597,2026-03-21 11:45:12,Card Purchase,97.65,Spain,Card
TX001180,20145,2026-05-20 01:18:30,Card Purchase,37.12,United Kingdom,Mobile
TX001181,20520,2026-09-26 07:25:31,Card Purchase,127.83,United Kingdom,Card
TX001182,20571,2026-11-22 01:18:34,Bank Transfer,187.36,France,Online
TX001183,20423,2026-05-08 04:10:50,Deposit,34.13,Spain,ATM
TX001184,20319,2026-04-19 21:42:14,Cash Withdrawal,10.91,United Kingdom,Online
TX001185,20320,2026-01-27 15:45:50,Deposit,20.67,United Kingdom,Online
TX001186,20335,2026-10-01 19:11:46,Card Purchase,135.89,Germany,ATM
TX001187,20156,2026-05-24 09:20:57,Direct Debit,188.67,United States,Online
TX001188,20166,2026-03-20 03:48:46,Bank Transfer,60.94,United Kingdom,Mobile
TX001189,20570,2026-01-12 20:07:09,Cash Withdrawal,141.2,United Kingdom,Card
TX001190,20474,2026-05-16 02:02:20,Direct Debit,54.99,United Kingdom,Online
TX001191,20231,2026-01-20 05:19:12,Direct Debit,14.97,Spain,Card
TX001192,20185,2026-03-19 01:00:55,Cash Withdrawal,30.8,United Kingdom,Online
TX001193,20507,2026-04-07 17:35:06,Card Purchase,39.11,United Kingdom,Mobile
TX001194,20502,2026-10-10 23:51:36,Card Purchase,51.61,Singapore,Online
TX001195,20373,2026-10-01 07:17:14,Card Purchase,507.8,United Kingdom,Card
TX001196,20448,2026-06-12 00:34:05,Card Purchase,83.03,Ireland,ATM
TX001197,20361,2026-07-12 09:51:21,Deposit,277.37,United Kingdom,Mobile
TX001198,20668,2026-09-22 10:39:56,Card Purchase,176.96,United Kingdom,Online
TX001199,20514,2026-08-30 15:53:20,Bank Transfer,106.5,United Kingdom,Branch
TX001200,20122,2026-03-22 10:21:40,Card Purchase,109.56,United Kingdom,Card
TX001201,20185,2026-06-10 13:11:53,Card Purchase,112.78,United Kingdom,Branch
TX001202,20400,2026-10-10 22:52:33,Deposit,191.61,Germany,Branch
TX001203,20068,2026-04-15 00:54:13,Card Purchase,27.53,Germany,Card
TX001204,20276,2026-06-21 23:52:06,Bank Transfer,49.58,Spain,Card
TX001205,20158,2026-01-04 01:44:29,Card Purchase,87.15,United Kingdom,Card
TX001206,20428,2026-05-26 21:04:46,Deposit,274.09,Nigeria,ATM
TX001207,20462,2026-12-01 06:46:41,Cash Withdrawal,12.51,United States,Mobile
TX001208,20408,2026-03-06 21:35:31,Card Purchase,33.93,United Kingdom,Mobile
TX001209,20055,2026-05-09 20:33:56,Deposit,55.5,United Kingdom,Card
TX001210,20398,2026-03-05 06:44:52,Card Purchase,111.89,France,Mobile
TX001211,20323,2026-08-18 19:37:13,Direct Debit,174.03,United Kingdom,ATM
TX001212,20010,2026-08-20 20:08:01,Bank Transfer,90.88,United Kingdom,Card
TX001213,20069,2026-09-17 02:00:14,Card Purchase,49.51,United Kingdom,Mobile
TX001214,20305,2026-11-10 11:13:37,Card Purchase,30.18,United Kingdom,Online
TX001215,20585,2026-07-18 13:45:20,Card Purchase,157.16,United States,Mobile
TX001216,20318,2026-11-01 03:59:27,Direct Debit,63.48,Spain,Mobile
TX001217,20203,2026-09-16 09:33:41,Card Purchase,84.59,UAE,Branch
TX001218,20640,2026-05-11 21:07:52,Card Purchase,64.07,United Kingdom,Online
TX001219,20321,2026-09-08 01:55:03,Cash Withdrawal,96.35,United Kingdom,Mobile
TX001220,20671,2026-01-16 22:52:33,Card Purchase,19.38,UAE,Online
TX001221,20083,2026-09-26 16:20:33,Bank Transfer,119.56,United Kingdom,Mobile
TX001222,20054,2026-01-02 04:47:45,Card Purchase,57.1,United Kingdom,Mobile
TX001223,20025,2026-03-06 09:49:32,Bank Transfer,29.45,United States,Card
TX001224,20295,2026-08-05 10:30:31,Card Purchase,21.56,UAE,Mobile
TX001225,20431,2026-10-05 19:01:05,Card Purchase,44.51,Germany,Mobile
TX001226,20450,2026-09-20 03:00:28,Bank Transfer,377.94,United Kingdom,Online
TX001227,20321,2026-04-23 16:31:59,Card Purchase,26.44,United Kingdom,Mobile
TX001228,20603,2026-01-24 05:38:54,Direct Debit,158.59,United Kingdom,Mobile
TX001229,20091,2026-01-25 16:01:46,Bank Transfer,91.75,Nigeria,ATM
TX001230,20484,2026-05-19 12:56:50,Cash Withdrawal,437.57,Germany,Card
TX001231,20169,2026-06-07 15:48:22,Card Purchase,749.96,Nigeria,Online
TX001232,20454,2026-10-07 16:25:36,Bank Transfer,132.04,Spain,Card
TX001233,20273,2026-09-21 00:48:36,Direct Debit,75.72,United Kingdom,Mobile
TX001234,20225,2026-12-19 12:27:11,Card Purchase,47.08,Netherlands,Card
TX001235,20361,2026-07-20 15:02:35,Bank Transfer,51.06,United Kingdom,Online
TX001236,20365,2026-09-23 17:17:20,Card Purchase,9.71,United Kingdom,Card
TX001237,20218,2026-09-17 19:04:49,Direct Debit,61.5,United Kingdom,Card
TX001238,20175,2026-03-25 01:03:41,Deposit,700.66,United Kingdom,Card
TX001239,20176,2026-02-17 05:00:25,Cash Withdrawal,7.78,France,Online
TX001240,20675,2026-11-07 23:46:18,Direct Debit,116.49,United Kingdom,Card
TX001241,20551,2026-11-15 18:37:30,Bank Transfer,315.96,United Kingdom,Card
TX001242,20117,2026-04-24 05:19:23,Direct Debit,1212.64,United Kingdom,Card
TX001243,20612,2026-04-27 00:01:41,Direct Debit,79.3,United Kingdom,Mobile
TX001244,20475,2026-02-23 08:52:46,Deposit,57.52,United Kingdom,Mobile
TX001245,20651,2026-04-03 02:02:14,Direct Debit,493.24,United Kingdom,Mobile
TX001246,20590,2026-12-13 04:25:23,Card Purchase,164.68,France,Online
TX001247,20606,2026-06-15 11:23:48,Card Purchase,22.73,United Kingdom,Mobile
TX001248,20452,2026-06-04 14:06:53,Direct Debit,45.65,United States,Card
TX001249,20412,2026-01-22 09:04:31,Direct Debit,158.34,Germany,Card
TX001250,20186,2026-12-03 05:38:57,Bank Transfer,112.91,United Kingdom,Online
TX001251,20497,2026-10-25 04:05:28,Direct Debit,176.64,UAE,ATM
TX001252,20287,2026-07-31 11:58:09,Bank Transfer,189.8,United Kingdom,Card
TX001253,20030,2026-01-25 22:03:30,Bank Transfer,35.15,United Kingdom,Mobile
TX001254,20039,2026-08-05 02:28:15,Cash Withdrawal,77.19,UAE,Mobile
TX001255,20467,2026-10-30 05:35:11,Card Purchase,81.11,Netherlands,Card
TX001256,20352,2026-04-17 10:17:12,Card Purchase,85.1,United States,Mobile
TX001257,20481,2026-12-02 04:29:01,Card Purchase,6.78,United Kingdom,Branch
TX001258,20638,2026-02-06 19:04:44,Card Purchase,98.51,France,Card
TX001259,20605,2026-12-17 18:00:42,Bank Transfer,380.23,UAE,Mobile
TX001260,20332,2026-09-11 23:23:21,Card Purchase,41.01,United Kingdom,Online
TX001261,20495,2026-03-03 01:17:48,Card Purchase,50.42,United Kingdom,ATM
TX001262,20041,2026-02-07 13:46:46,Bank Transfer,20.2,United Kingdom,ATM
TX001263,20385,2026-08-07 00:06:30,Bank Transfer,93.9,Nigeria,Online
TX001264,20150,2026-06-19 16:19:36,Bank Transfer,93.82,United Kingdom,Mobile
TX001265,20550,2026-01-06 06:56:31,Card Purchase,64.79,United Kingdom,ATM
TX001266,20227,2026-08-20 23:18:26,Card Purchase,50.03,United Kingdom,Mobile
TX001267,20572,2026-12-03 15:31:44,Direct Debit,82.81,United Kingdom,Mobile
TX001268,20234,2026-11-10 23:24:29,Bank Transfer,420.49,United Kingdom,Card
TX001269,20544,2026-12-19 03:33:46,Deposit,51.25,United Kingdom,Mobile
TX001270,20642,2026-10-07 15:37:08,Card Purchase,459.26,United Kingdom,Branch
TX001271,20503,2026-04-13 12:57:12,Card Purchase,27.21,Singapore,Card
TX001272,20599,2026-04-10 18:54:38,Card Purchase,49.66,United Kingdom,ATM
TX001273,20257,2026-04-15 12:53:35,Direct Debit,261.25,United Kingdom,Mobile
TX001274,20663,2026-12-17 13:53:46,Bank Transfer,75.11,United Kingdom,Card
TX001275,20169,2026-10-05 07:20:59,Card Purchase,145.54,United Kingdom,Mobile
TX001276,20366,2026-07-04 14:27:00,Bank Transfer,38.62,Germany,Branch
TX001277,20486,2026-03-06 06:40:12,Direct Debit,439.07,France,Card
TX001278,20239,2026-09-08 10:45:48,Bank Transfer,115.1,United Kingdom,Card
TX001279,20356,2026-12-04 03:51:14,Bank Transfer,91.02,Netherlands,Mobile
TX001280,20551,2026-03-11 07:14:16,Bank Transfer,73.39,United Kingdom,Card
TX001281,20123,2026-01-10 08:13:57,Card Purchase,105.75,Germany,Mobile
TX001282,20106,2026-01-05 15:47:23,Deposit,95.52,Singapore,Branch
TX001283,20145,2026-07-18 22:23:51,Bank Transfer,60.22,United States,Card
TX001284,20401,2026-08-25 15:54:26,Card Purchase,68.63,United States,ATM
TX001285,20008,2026-06-15 22:18:51,Direct Debit,55.77,Germany,Online
TX001286,20379,2026-01-29 18:37:05,Deposit,262.73,United Kingdom,Card
TX001287,20301,2026-05-28 13:31:25,Bank Transfer,147.13,United Kingdom,Card
TX001288,20026,2026-02-01 16:34:02,Card Purchase,96.67,Netherlands,Online
TX001289,20343,2026-11-10 04:12:42,Card Purchase,133.1,United Kingdom,Mobile
TX001290,20315,2026-08-24 08:33:49,Bank Transfer,17.28,France,Mobile
TX001291,20548,2026-06-10 16:32:01,Direct Debit,129.52,United Kingdom,Branch
TX001292,20294,2026-01-28 11:23:41,Card Purchase,51.24,United Kingdom,Mobile
TX001293,20245,2026-07-07 16:45:06,Bank Transfer,265.39,Ireland,Online
TX001294,20137,2026-02-12 17:40:05,Bank Transfer,69.04,Nigeria,Mobile
TX001295,20293,2026-09-04 04:04:29,Bank Transfer,117.35,United Kingdom,Card
TX001296,20451,2026-11-28 23:30:53,Card Purchase,251.51,United Kingdom,Branch
TX001297,20290,2026-04-29 04:50:49,Card Purchase,43.5,United States,Online
TX001298,20622,2026-12-23 02:48:19,Card Purchase,39.92,United Kingdom,Online
TX001299,20506,2026-10-02 19:27:48,Deposit,23.73,France,Mobile
TX001300,20244,2026-01-21 09:21:35,Card Purchase,58.25,Ireland,Mobile
TX001301,20327,2026-05-16 14:42:54,Card Purchase,122.64,United Kingdom,Mobile
TX001302,20209,2026-09-03 06:37:39,Cash Withdrawal,342.19,United Kingdom,Mobile
TX001303,20200,2026-01-21 02:39:10,Deposit,151.28,UAE,Card
TX001304,20110,2026-07-25 06:25:46,Card Purchase,455.09,United Kingdom,Online
TX001305,20006,2026-01-04 22:42:43,Deposit,38.54,United Kingdom,Card
TX001306,20043,2026-07-02 09:19:13,Direct Debit,39.31,Singapore,Mobile
TX001307,20504,2026-04-08 03:15:22,Bank Transfer,141.78,Germany,ATM
TX001308,20405,2026-03-17 11:46:04,Card Purchase,77.25,United Kingdom,Mobile
TX001309,20190,2026-10-08 03:52:05,Card Purchase,71.47,United Kingdom,Mobile
TX001310,20121,2026-07-06 18:31:11,Bank Transfer,72.23,United Kingdom,Card
TX001311,20442,2026-11-24 16:19:20,Card Purchase,48.39,United Kingdom,ATM
TX001312,20651,2026-05-10 15:34:40,Deposit,199.86,Nigeria,Card
TX001313,20257,2026-04-29 17:56:03,Deposit,130.45,Ireland,Branch
TX001314,20334,2026-10-31 14:12:01,Card Purchase,82.29,United Kingdom,Mobile
TX001315,20066,2026-11-26 17:28:33,Deposit,389.06,United Kingdom,Online
TX001316,20352,2026-12-18 05:03:26,Direct Debit,17.5,Ireland,Online
TX001317,20466,2026-12-25 14:13:32,Card Purchase,75.49,United Kingdom,Card
TX001318,20328,2026-09-28 02:23:17,Cash Withdrawal,109.84,United Kingdom,Branch
TX001319,20273,2026-08-23 23:25:20,Card Purchase,179.9,UAE,Mobile
TX001320,20035,2026-05-29 02:42:12,Bank Transfer,70.15,France,Online
TX001321,20111,2026-07-21 12:59:36,Cash Withdrawal,420.4,Nigeria,Card
TX001322,20346,2026-05-16 10:24:35,Card Purchase,14.62,United Kingdom,Online
TX001323,20556,2026-03-14 00:14:35,Bank Transfer,42.77,United Kingdom,Card
TX001324,20599,2026-08-22 23:01:29,Cash Withdrawal,19.56,United Kingdom,Online
TX001325,20523,2026-09-19 23:19:57,Card Purchase,111.76,Singapore,Mobile
TX001326,20542,2026-09-15 10:31:40,Card Purchase,403.98,United Kingdom,Card
TX001327,20039,2026-12-04 09:46:19,Card Purchase,63.5,UAE,Online
TX001328,20140,2026-11-15 08:34:31,Direct Debit,56.46,Singapore,Card
TX001329,20489,2026-08-19 07:42:12,Card Purchase,107.74,United Kingdom,Mobile
TX001330,20292,2026-09-03 10:44:36,Card Purchase,155.15,Singapore,Card
TX001331,20507,2026-10-09 04:54:52,Card Purchase,253.18,United Kingdom,Card
TX001332,20307,2026-07-31 05:29:37,Bank Transfer,43.47,United Kingdom,Card
TX001333,20142,2026-07-11 10:13:10,Card Purchase,83.0,United Kingdom,ATM
TX001334,20428,2026-04-30 08:10:08,Direct Debit,32.51,Nigeria,Mobile
TX001335,20345,2026-04-22 16:04:20,Card Purchase,128.89,United Kingdom,Mobile
TX001336,20410,2026-09-24 04:47:52,Bank Transfer,352.7,Germany,Card
TX001337,20578,2026-02-22 22:21:32,Card Purchase,48.05,United Kingdom,Online
TX001338,20053,2026-11-23 12:03:40,Card Purchase,158.22,United Kingdom,Online
TX001339,20632,2026-01-28 23:19:01,Bank Transfer,166.17,Germany,Mobile
TX001340,20419,2026-03-19 23:48:01,Card Purchase,123.32,United Kingdom,Online
TX001341,20477,2026-01-15 12:42:17,Card Purchase,35.56,United States,ATM
TX001342,20265,2026-12-13 01:19:29,Card Purchase,39.39,United Kingdom,Mobile
TX001343,20520,2026-06-08 07:24:47,Direct Debit,49.28,Spain,Online
TX001344,20652,2026-03-01 17:18:44,Deposit,32.73,United States,Mobile
TX001345,20026,2026-12-21 03:47:22,Deposit,221.58,United Kingdom,Mobile
TX001346,20629,2026-01-30 00:27:40,Deposit,16.07,United Kingdom,Online
TX001347,20306,2026-09-05 19:05:58,Direct Debit,234.34,Germany,Card
TX001348,20410,2026-02-17 03:50:44,Bank Transfer,37.74,United Kingdom,Card
TX001349,20604,2026-09-15 01:25:00,Deposit,19.43,Germany,Card
TX001350,20419,2026-08-20 23:33:04,Direct Debit,69.07,United Kingdom,Branch
TX001351,20575,2026-10-16 19:34:27,Card Purchase,101.65,United Kingdom,Mobile
TX001352,20449,2026-04-19 10:45:13,Card Purchase,19.36,United States,Online
TX001353,20209,2026-03-25 12:26:38,Cash Withdrawal,66.45,UAE,Online
TX001354,20533,2026-11-09 15:34:19,Cash Withdrawal,386.33,Nigeria,Online
TX001355,20517,2026-06-29 03:58:38,Card Purchase,82.43,United Kingdom,Mobile
TX001356,20600,2026-06-21 01:07:44,Card Purchase,78.54,Nigeria,Branch
TX001357,20498,2026-01-06 01:53:36,Cash Withdrawal,47.21,Netherlands,Mobile
TX001358,20320,2026-07-20 15:02:35,Deposit,185.56,United Kingdom,Online
TX001359,20476,2026-08-25 02:27:30,Deposit,146.88,United Kingdom,Online
TX001360,20271,2026-08-15 01:32:03,Deposit,130.69,Nigeria,Online
TX001361,20112,2026-09-20 02:03:36,Card Purchase,82.47,United Kingdom,Card
TX001362,20056,2026-04-15 17:15:02,Bank Transfer,216.78,United Kingdom,Online
TX001363,20652,2026-02-27 01:23:14,Deposit,73.54,Ireland,Online
TX001364,20103,2026-08-13 15:26:59,Card Purchase,112.0,France,Mobile
TX001365,20196,2026-03-03 18:12:55,Bank Transfer,29.11,United Kingdom,Mobile
TX001366,20129,2026-05-09 02:43:12,Card Purchase,113.47,United Kingdom,Card
TX001367,20637,2026-10-14 01:50:29,Card Purchase,47.53,Ireland,Online
TX001368,20304,2026-08-05 15:08:01,Direct Debit,204.99,Spain,Mobile
TX001369,20241,2026-01-28 08:03:05,Card Purchase,506.53,United Kingdom,Card
TX001370,20475,2026-10-22 00:32:11,Deposit,47.83,Spain,Branch
TX001371,20060,2026-03-10 18:59:28,Bank Transfer,44.38,United Kingdom,Branch
TX001372,20150,2026-02-02 06:57:27,Cash Withdrawal,131.08,United Kingdom,Mobile
TX001373,20317,2026-02-13 09:31:48,Cash Withdrawal,37.36,Ireland,Mobile
TX001374,20515,2026-01-09 14:18:06,Card Purchase,33.83,United Kingdom,Mobile
TX001375,20245,2026-04-27 01:44:49,Card Purchase,282.04,United Kingdom,Card
TX001376,20458,2026-04-16 15:55:37,Card Purchase,188.65,UAE,ATM
TX001377,20472,2026-07-15 21:52:33,Deposit,18.83,United Kingdom,Card
TX001378,20096,2026-07-07 00:16:55,Card Purchase,282.32,UAE,ATM
TX001379,20332,2026-01-22 09:03:49,Bank Transfer,525.34,United Kingdom,Mobile
TX001380,20226,2026-01-03 08:47:26,Cash Withdrawal,49.02,United Kingdom,Online
TX001381,20130,2026-07-01 19:55:06,Direct Debit,10.26,United Kingdom,Mobile
TX001382,20219,2026-02-15 05:37:31,Deposit,94.91,Singapore,Online
TX001383,20017,2026-12-06 03:28:17,Direct Debit,69.13,Spain,Branch
TX001384,20358,2026-05-18 07:58:34,Card Purchase,29.7,United Kingdom,Mobile
TX001385,20435,2026-05-12 12:37:39,Bank Transfer,426.55,Singapore,Card
TX001386,20451,2026-03-17 01:27:18,Direct Debit,14.1,UAE,Online
TX001387,20448,2026-05-03 14:29:34,Deposit,24.94,Netherlands,Online
TX001388,20486,2026-11-03 22:41:45,Bank Transfer,38.79,Spain,ATM
TX001389,20450,2026-04-20 09:07:02,Card Purchase,341.55,United Kingdom,Online
TX001390,20097,2026-01-07 15:25:20,Card Purchase,184.9,United Kingdom,Mobile
TX001391,20048,2026-10-18 13:43:31,Card Purchase,74.78,United Kingdom,Mobile
TX001392,20421,2026-09-17 15:03:08,Card Purchase,66.63,United Kingdom,Card
TX001393,20669,2026-02-13 04:01:48,Card Purchase,9.09,United Kingdom,Online
TX001394,20136,2026-12-05 21:09:00,Bank Transfer,207.96,United States,Mobile
TX001395,20227,2026-01-18 18:52:29,Direct Debit,136.07,United Kingdom,Mobile
TX001396,20019,2026-07-05 20:09:59,Card Purchase,194.52,United Kingdom,Mobile
TX001397,20097,2026-03-20 05:10:45,Card Purchase,157.67,United Kingdom,Mobile
TX001398,20430,2026-03-01 08:59:27,Bank Transfer,46.91,United Kingdom,Card
TX001399,20221,2026-12-07 06:51:18,Bank Transfer,20.33,United Kingdom,Card
TX001400,20216,2026-11-02 11:14:06,Card Purchase,261.0,United Kingdom,Branch
TX001401,20171,2026-07-22 12:54:39,Bank Transfer,75.45,Spain,Card
TX001402,20353,2026-03-01 14:15:34,Bank Transfer,66.3,Ireland,ATM
TX001403,20173,2026-02-27 15:15:54,Card Purchase,119.57,Ireland,Card
TX001404,20032,2026-08-23 01:22:12,Bank Transfer,47.41,United Kingdom,Card
TX001405,20611,2026-09-13 21:37:15,Cash Withdrawal,95.04,United Kingdom,Card
TX001406,20531,2026-01-31 22:22:42,Card Purchase,311.54,Singapore,Card
TX001407,20450,2026-03-31 04:11:23,Bank Transfer,38.42,United Kingdom,Online
TX001408,20048,2026-09-08 05:50:07,Bank Transfer,34.44,United States,Card
TX001409,20148,2026-07-21 11:25:05,Direct Debit,289.3,Singapore,ATM
TX001410,20617,2026-06-01 22:30:40,Card Purchase,12.19,United Kingdom,Online
TX001411,20573,2026-03-22 12:24:37,Direct Debit,262.44,United States,Mobile
TX001412,20249,2026-04-24 04:56:09,Direct Debit,59.83,United Kingdom,Online
TX001413,20180,2026-07-12 12:36:26,Card Purchase,56.07,United Kingdom,Card
TX001414,20336,2026-07-10 12:26:01,Card Purchase,52.4,United States,Branch
TX001415,20405,2026-12-01 21:14:15,Direct Debit,46.23,Netherlands,Card
TX001416,20436,2026-10-16 04:05:51,Card Purchase,228.46,United Kingdom,Card
TX001417,20208,2026-08-07 10:12:37,Bank Transfer,34.13,United Kingdom,ATM
TX001418,20617,2026-06-12 10:26:16,Bank Transfer,9.48,Germany,ATM
TX001419,20415,2026-04-18 06:02:47,Bank Transfer,41.28,Ireland,Card
TX001420,20169,2026-02-11 20:42:13,Card Purchase,61.12,Spain,Card
TX001421,20541,2026-08-15 16:28:35,Direct Debit,30.34,United Kingdom,Online
TX001422,20364,2026-06-12 05:53:16,Direct Debit,39.56,Germany,ATM
TX001423,20648,2026-06-11 11:32:23,Bank Transfer,141.3,United Kingdom,Online
TX001424,20580,2026-08-31 22:09:25,Cash Withdrawal,167.62,France,Online
TX001425,20565,2026-08-05 02:02:39,Bank Transfer,9.81,United Kingdom,Mobile
TX001426,20307,2026-09-10 01:21:36,Deposit,118.95,United Kingdom,Mobile
TX001427,20094,2026-12-19 06:52:54,Bank Transfer,29.01,Nigeria,Mobile
TX001428,20321,2026-07-14 16:26:03,Card Purchase,77.5,United Kingdom,ATM
TX001429,20362,2026-05-20 12:56:22,Card Purchase,232.59,Nigeria,Online
TX001430,20645,2026-12-12 08:06:00,Card Purchase,86.56,United Kingdom,ATM
TX001431,20479,2026-11-25 15:51:54,Deposit,6.79,Singapore,Online
TX001432,20317,2026-07-18 06:26:20,Card Purchase,176.55,United States,ATM
TX001433,20047,2026-07-17 08:53:57,Card Purchase,800.11,United Kingdom,Mobile
TX001434,20390,2026-09-23 04:24:11,Direct Debit,57.55,United Kingdom,Card
TX001435,20465,2026-05-02 01:16:05,Card Purchase,201.43,Ireland,Mobile
TX001436,20298,2026-08-10 13:57:22,Card Purchase,14.31,Netherlands,Online
TX001437,20412,2026-01-14 14:43:49,Card Purchase,15.83,Germany,Mobile
TX001438,20453,2026-08-08 12:35:26,Card Purchase,60.91,United Kingdom,Mobile
TX001439,20164,2026-09-23 04:39:11,Direct Debit,78.09,United Kingdom,Mobile
TX001440,20151,2026-08-22 21:56:01,Deposit,144.08,United Kingdom,Online
TX001441,20176,2026-11-24 00:23:13,Card Purchase,301.61,UAE,Mobile
TX001442,20207,2026-02-15 15:51:07,Bank Transfer,143.41,United Kingdom,Branch
TX001443,20607,2026-08-15 19:18:10,Deposit,120.53,Netherlands,Online
TX001444,20011,2026-09-04 06:51:33,Card Purchase,1379.78,Spain,Online
TX001445,20223,2026-07-31 04:48:21,Direct Debit,39.11,United Kingdom,ATM
TX001446,20360,2026-09-05 00:29:59,Direct Debit,61.19,United Kingdom,Online
TX001447,20415,2026-06-11 14:44:51,Direct Debit,49.98,Germany,Online
TX001448,20068,2026-11-02 23:57:36,Deposit,20.26,United States,Online
TX001449,20145,2026-10-07 20:06:36,Deposit,182.94,United Kingdom,Online
TX001450,20563,2026-07-28 13:26:58,Bank Transfer,37.91,United Kingdom,Card
TX001451,20192,2026-04-06 14:48:57,Bank Transfer,246.66,United Kingdom,ATM
TX001452,20272,2026-07-18 16:13:28,Bank Transfer,35.84,Spain,Mobile
TX001453,20025,2026-03-02 13:32:45,Card Purchase,260.55,Singapore,Card
TX001454,20219,2026-01-17 23:55:00,Card Purchase,24.26,United Kingdom,Card
TX001455,20186,2026-04-13 17:46:05,Bank Transfer,114.49,United Kingdom,Online
TX001456,20015,2026-08-02 17:45:08,Card Purchase,49.16,United Kingdom,Mobile
TX001457,20521,2026-10-06 17:36:04,Cash Withdrawal,13.41,Spain,ATM
TX001458,20215,2026-02-03 14:56:53,Direct Debit,9.92,France,Mobile
TX001459,20044,2026-05-16 14:10:36,Card Purchase,25.03,United Kingdom,Online
TX001460,20452,2026-04-11 10:01:25,Card Purchase,239.47,UAE,Online
TX001461,20002,2026-08-27 08:53:15,Card Purchase,15.93,United Kingdom,ATM
TX001462,20613,2026-05-31 14:24:45,Cash Withdrawal,27.42,United Kingdom,Branch
TX001463,20539,2026-07-26 16:57:58,Card Purchase,123.07,United States,Card
TX001464,20601,2026-02-06 11:56:49,Card Purchase,57.74,United Kingdom,ATM
TX001465,20139,2026-07-10 13:25:52,Card Purchase,74.19,Singapore,ATM
TX001466,20336,2026-04-07 20:36:29,Card Purchase,27.0,United Kingdom,Card
TX001467,20175,2026-08-16 16:12:05,Direct Debit,36.86,France,Online
TX001468,20647,2026-10-07 05:57:28,Bank Transfer,27.0,United Kingdom,Branch
TX001469,20044,2026-10-28 04:28:10,Card Purchase,50.01,United Kingdom,Online
TX001470,20094,2026-01-26 09:10:13,Direct Debit,130.04,France,ATM
TX001471,20249,2026-01-18 19:17:48,Direct Debit,128.6,Germany,Online
TX001472,20070,2026-01-21 05:01:21,Card Purchase,122.28,United Kingdom,Mobile
TX001473,20250,2026-04-29 10:15:06,Card Purchase,625.92,Singapore,Card
TX001474,20522,2026-02-27 10:30:44,Card Purchase,7.31,Germany,Mobile
TX001475,20312,2026-07-31 05:27:50,Deposit,168.77,United Kingdom,Card
TX001476,20015,2026-11-06 05:13:01,Card Purchase,96.65,United Kingdom,ATM
TX001477,20226,2026-12-08 10:17:10,Bank Transfer,768.01,United Kingdom,Mobile
TX001478,20442,2026-03-25 05:29:34,Card Purchase,48.34,United Kingdom,Mobile
TX001479,20531,2026-02-03 22:55:42,Card Purchase,29.33,United Kingdom,Branch
TX001480,20121,2026-05-30 02:56:33,Card Purchase,67.79,Netherlands,ATM
TX001481,20179,2026-04-19 12:44:26,Direct Debit,87.72,UAE,Mobile
TX001482,20073,2026-07-01 10:45:26,Card Purchase,388.59,Singapore,Card
TX001483,20284,2026-10-18 21:26:37,Card Purchase,86.11,United Kingdom,Mobile
TX001484,20193,2026-10-15 21:18:56,Card Purchase,17.07,United States,Card
TX001485,20197,2026-09-14 02:08:40,Card Purchase,192.13,Ireland,Branch
TX001486,20014,2026-09-17 08:46:21,Card Purchase,49.69,France,Card
TX001487,20041,2026-06-17 22:34:22,Card Purchase,98.94,United Kingdom,ATM
TX001488,20430,2026-08-03 22:39:19,Card Purchase,22.94,United Kingdom,Online
TX001489,20382,2026-07-29 03:01:48,Card Purchase,190.81,United Kingdom,Online
TX001490,20260,2026-01-08 04:20:41,Card Purchase,123.54,United Kingdom,Mobile
TX001491,20056,2026-12-06 07:12:47,Cash Withdrawal,394.38,United Kingdom,ATM
TX001492,20412,2026-07-28 21:01:24,Card Purchase,67.71,United Kingdom,Card
TX001493,20284,2026-05-07 14:14:50,Card Purchase,17.31,Spain,Online
TX001494,20134,2026-10-21 05:08:26,Card Purchase,67.17,United Kingdom,Online
TX001495,20044,2026-07-08 17:36:26,Card Purchase,273.79,Nigeria,Mobile
TX001496,20488,2026-03-12 20:55:15,Direct Debit,335.99,United Kingdom,Online
TX001497,20058,2026-04-06 06:49:37,Bank Transfer,58.21,United Kingdom,Mobile
TX001498,20372,2026-10-03 19:35:10,Card Purchase,282.16,United Kingdom,Mobile
TX001499,20515,2026-01-29 06:49:57,Card Purchase,134.81,United Kingdom,Online
TX001500,20294,2026-02-06 14:20:38,Card Purchase,142.5,United States,Branch
TX001501,20022,2026-10-25 14:15:11,Direct Debit,269.55,United Kingdom,Card
TX001502,20582,2026-03-10 12:43:42,Card Purchase,47.31,United Kingdom,Mobile
TX001503,20089,2026-05-21 07:05:24,Cash Withdrawal,168.62,United Kingdom,Mobile
TX001504,20546,2026-05-05 22:11:27,Deposit,21231.02,Singapore,Mobile
TX001505,20282,2026-02-27 22:00:10,Direct Debit,45.82,United Kingdom,Card
TX001506,20441,2026-02-27 16:35:24,Card Purchase,41.78,United Kingdom,Mobile
TX001507,20477,2026-04-05 18:27:06,Card Purchase,19.51,United Kingdom,Branch
TX001508,20068,2026-09-18 23:00:31,Bank Transfer,154.89,United Kingdom,ATM
TX001509,20350,2026-09-15 03:42:54,Card Purchase,357.85,United Kingdom,Card
TX001510,20497,2026-12-06 18:47:26,Card Purchase,89.65,United Kingdom,Card
TX001511,20451,2026-05-05 22:03:41,Card Purchase,76.88,United Kingdom,Card
TX001512,20670,2026-05-05 20:59:33,Bank Transfer,49.97,United Kingdom,Card
TX001513,20588,2026-12-19 15:11:41,Card Purchase,340.5,United Kingdom,Online
TX001514,20450,2026-02-18 21:57:55,Card Purchase,144.03,United States,Mobile
TX001515,20369,2026-06-11 15:18:43,Cash Withdrawal,227.47,United Kingdom,Card
TX001516,20061,2026-02-19 01:48:43,Card Purchase,10.69,United States,Branch
TX001517,20484,2026-09-13 19:28:55,Cash Withdrawal,265.81,United Kingdom,Mobile
TX001518,20383,2026-03-24 12:24:21,Deposit,183.77,Spain,Mobile
TX001519,20194,2026-02-04 08:44:33,Bank Transfer,40.86,United Kingdom,Card
TX001520,20164,2026-05-16 04:32:05,Bank Transfer,109.09,UAE,Mobile
TX001521,20043,2026-05-30 06:26:06,Deposit,130.83,Spain,ATM
TX001522,20400,2026-03-29 20:41:22,Direct Debit,41.46,United Kingdom,Mobile
TX001523,20350,2026-11-29 08:13:25,Card Purchase,158.91,United Kingdom,Card
TX001524,20609,2026-12-31 04:05:56,Bank Transfer,142.19,United Kingdom,Card
TX001525,20573,2026-08-07 11:54:20,Cash Withdrawal,17.98,UAE,Online
TX001526,20587,2026-02-21 05:42:39,Card Purchase,259.34,UAE,ATM
TX001527,20244,2026-05-24 11:51:16,Deposit,116.85,France,Card
TX001528,20639,2026-07-16 01:32:27,Card Purchase,88.33,Singapore,Online
TX001529,20352,2026-06-16 22:14:57,Deposit,17.1,UAE,Mobile
TX001530,20139,2026-03-15 08:31:36,Card Purchase,175.26,United Kingdom,Online
TX001531,20485,2026-10-01 09:01:13,Bank Transfer,2.0,UAE,Online
TX001532,20344,2026-01-24 03:06:58,Card Purchase,23.09,Germany,Online
TX001533,20313,2026-12-03 10:55:02,Deposit,157.97,Ireland,Card
TX001534,20215,2026-08-22 23:14:29,Deposit,103.92,United Kingdom,Mobile
TX001535,20482,2026-12-04 01:08:07,Bank Transfer,15.05,United Kingdom,Online
TX001536,20311,2026-09-02 06:17:45,Card Purchase,356.89,UAE,Card
TX001537,20564,2026-08-02 01:36:17,Card Purchase,24.1,United Kingdom,Mobile
TX001538,20501,2026-11-14 14:33:10,Deposit,92.21,United Kingdom,ATM
TX001539,20056,2026-04-14 14:25:42,Direct Debit,103.57,United States,Online
TX001540,20566,2026-03-12 23:04:33,Card Purchase,433.53,United Kingdom,ATM
TX001541,20244,2026-07-30 15:00:00,Card Purchase,164.47,United Kingdom,Mobile
TX001542,20630,2026-05-29 15:37:46,Card Purchase,290.86,United Kingdom,Mobile
TX001543,20230,2026-12-12 12:37:08,Deposit,74.55,UAE,Mobile
TX001544,20286,2026-05-06 12:23:23,Card Purchase,84.3,Nigeria,Card
TX001545,20440,2026-10-05 14:52:59,Card Purchase,31.17,United States,Online
TX001546,20010,2026-06-10 01:00:25,Direct Debit,33.3,United Kingdom,Online
TX001547,20591,2026-09-09 19:17:02,Direct Debit,13.31,United Kingdom,Mobile
TX001548,20309,2026-11-29 11:37:59,Deposit,78.72,United Kingdom,Card
TX001549,20518,2026-03-09 17:38:55,Card Purchase,118.01,United Kingdom,ATM
TX001550,20367,2026-01-10 07:55:51,Bank Transfer,75.82,United Kingdom,Mobile
TX001551,20145,2026-11-27 17:33:43,Card Purchase,3.62,Spain,ATM
TX001552,20577,2026-04-30 15:36:01,Card Purchase,122.37,Ireland,Card
TX001553,20192,2026-05-11 05:03:30,Card Purchase,291.74,France,Mobile
TX001554,20454,2026-11-09 13:08:57,Bank Transfer,266.61,United Kingdom,Card
TX001555,20026,2026-03-21 07:16:09,Card Purchase,41.57,Spain,ATM
TX001556,20364,2026-10-07 02:46:35,Deposit,124.26,Nigeria,Mobile
TX001557,20546,2026-07-14 09:50:45,Card Purchase,11.41,United Kingdom,Branch
TX001558,20391,2026-05-23 14:34:57,Card Purchase,21.69,United Kingdom,Mobile
TX001559,20392,2026-03-24 19:33:06,Bank Transfer,109.47,France,Mobile
TX001560,20580,2026-09-27 17:44:48,Card Purchase,25.22,United Kingdom,Branch
TX001561,20531,2026-05-21 13:29:41,Direct Debit,273.39,United Kingdom,Card
TX001562,20059,2026-03-04 04:12:01,Card Purchase,11.1,Singapore,Branch
TX001563,20083,2026-07-25 04:20:44,Deposit,49.94,Netherlands,Mobile
TX001564,20397,2026-08-26 19:09:50,Card Purchase,201.96,United Kingdom,ATM
TX001565,20100,2026-10-07 20:31:13,Card Purchase,31.26,United Kingdom,Mobile
TX001566,20126,2026-11-27 03:13:16,Bank Transfer,159.37,United States,Card
TX001567,20469,2026-03-11 20:50:01,Card Purchase,32.43,United Kingdom,Online
TX001568,20024,2026-07-02 23:36:04,Deposit,17.48,Singapore,Card
TX001569,20671,2026-02-27 06:47:27,Cash Withdrawal,289.96,France,Online
TX001570,20208,2026-02-02 23:58:01,Card Purchase,39.37,United Kingdom,Online
TX001571,20299,2026-09-17 12:14:54,Cash Withdrawal,58.08,United Kingdom,Card
TX001572,20118,2026-11-10 02:54:32,Card Purchase,1243.63,United Kingdom,Card
TX001573,20355,2026-10-08 16:57:00,Card Purchase,63.64,United Kingdom,Card
TX001574,20008,2026-10-25 01:48:15,Card Purchase,301.15,United Kingdom,Card
TX001575,20373,2026-05-26 11:19:35,Card Purchase,28.4,United States,Card
TX001576,20448,2026-11-09 11:49:22,Cash Withdrawal,228.39,Spain,Branch
TX001577,20505,2026-07-06 12:26:32,Bank Transfer,5.76,United Kingdom,Online
TX001578,20268,2026-07-08 13:47:06,Card Purchase,9.96,UAE,Online
TX001579,20456,2026-08-17 18:56:30,Deposit,18.32,United Kingdom,Mobile
TX001580,20169,2026-05-20 21:01:49,Direct Debit,102.81,United Kingdom,ATM
TX001581,20071,2026-12-08 19:10:20,Bank Transfer,130.63,United Kingdom,Online
TX001582,20088,2026-08-17 19:01:42,Bank Transfer,54.72,United Kingdom,Online
TX001583,20396,2026-05-05 11:03:07,Card Purchase,677.37,United Kingdom,Card
TX001584,20064,2026-01-28 12:24:59,Card Purchase,125.6,United Kingdom,Card
TX001585,20293,2026-06-30 05:27:54,Direct Debit,11867.8,United States,ATM
TX001586,20133,2026-06-18 21:09:07,Card Purchase,56.27,United Kingdom,Card
TX001587,20107,2026-01-13 09:19:23,Bank Transfer,217.98,Nigeria,Mobile
TX001588,20132,2026-11-05 05:00:30,Card Purchase,41.18,United Kingdom,Online
TX001589,20522,2026-05-05 22:01:01,Card Purchase,61.04,United Kingdom,Online
TX001590,20142,2026-10-14 19:32:50,Bank Transfer,101.61,Nigeria,Online
TX001591,20051,2026-01-15 02:16:21,Direct Debit,238.01,Nigeria,Online
TX001592,20340,2026-05-06 16:55:15,Card Purchase,150.11,United Kingdom,Mobile
TX001593,20349,2026-10-17 08:00:50,Deposit,36.25,Spain,Mobile
TX001594,20409,2026-10-08 10:14:03,Card Purchase,103.29,United Kingdom,ATM
TX001595,20579,2026-02-01 06:15:54,Bank Transfer,116.21,United Kingdom,Card
TX001596,20275,2026-11-25 12:32:52,Cash Withdrawal,165.95,United Kingdom,Card
TX001597,20215,2026-09-01 13:23:35,Bank Transfer,31.53,United States,Mobile
TX001598,20237,2026-05-19 17:28:16,Card Purchase,582.82,Ireland,Card
TX001599,20048,2026-06-19 01:18:05,Card Purchase,172.7,United Kingdom,Card
TX001600,20273,2026-08-10 08:41:03,Card Purchase,71.43,France,Card
TX001601,20419,2026-12-13 04:22:08,Bank Transfer,253.84,United Kingdom,Mobile
TX001602,20258,2026-11-21 12:58:15,Card Purchase,61.07,United States,Card
TX001603,20514,2026-04-30 15:01:37,Direct Debit,455.54,United Kingdom,Online
TX001604,20129,2026-02-18 07:03:55,Bank Transfer,253.29,Nigeria,Mobile
TX001605,20062,2026-08-26 17:45:33,Deposit,53.09,United Kingdom,Mobile
TX001606,20363,2026-03-14 06:49:22,Bank Transfer,415.15,Netherlands,Online
TX001607,20120,2026-03-22 06:12:26,Card Purchase,222.52,Nigeria,Card
TX001608,20179,2026-05-30 10:28:44,Card Purchase,453.98,United States,ATM
TX001609,20545,2026-06-23 16:33:06,Deposit,221.3,UAE,Mobile
TX001610,20615,2026-03-06 01:22:45,Deposit,65.79,France,Card
TX001611,20354,2026-08-21 09:42:42,Card Purchase,533.81,United Kingdom,Card
TX001612,20458,2026-07-09 20:23:47,Card Purchase,245.22,United Kingdom,Online
TX001613,20571,2026-07-26 14:05:15,Card Purchase,99.42,United Kingdom,Mobile
TX001614,20102,2026-04-11 20:39:50,Card Purchase,79.99,United States,Online
TX001615,20394,2026-02-18 16:37:47,Card Purchase,272.3,United Kingdom,Mobile
TX001616,20173,2026-10-21 09:21:36,Card Purchase,11.78,United Kingdom,Mobile
TX001617,20392,2026-04-18 09:47:44,Card Purchase,402.86,Nigeria,Branch
TX001618,20346,2026-05-29 07:23:39,Bank Transfer,100.12,United Kingdom,Card
TX001619,20548,2026-12-03 06:35:03,Card Purchase,84.53,United Kingdom,Branch
TX001620,20150,2026-07-26 14:47:16,Card Purchase,336.2,United Kingdom,ATM
TX001621,20489,2026-05-08 13:45:23,Bank Transfer,47.71,United Kingdom,Branch
TX001622,20519,2026-06-21 21:14:28,Card Purchase,60.07,United Kingdom,Card
TX001623,20113,2026-01-09 16:43:31,Direct Debit,272.4,United Kingdom,Mobile
TX001624,20325,2026-01-05 22:00:13,Bank Transfer,38.26,Germany,Mobile
TX001625,20614,2026-09-12 22:33:53,Card Purchase,158.19,Netherlands,Online
TX001626,20321,2026-02-01 05:05:22,Card Purchase,30.89,United Kingdom,Card
TX001627,20119,2026-08-21 21:55:52,Card Purchase,260.82,United Kingdom,ATM
TX001628,20598,2026-10-19 10:26:09,Direct Debit,185.48,United Kingdom,Mobile
TX001629,20040,2026-08-15 02:58:20,Deposit,101.52,United Kingdom,Branch
TX001630,20226,2026-10-28 16:30:36,Direct Debit,1399.88,Germany,Online
TX001631,20475,2026-05-08 10:05:32,Cash Withdrawal,76.38,Nigeria,Online
TX001632,20450,2026-11-30 22:47:23,Card Purchase,587.86,United Kingdom,Card
TX001633,20107,2026-07-19 21:13:14,Card Purchase,119.0,United Kingdom,Mobile
TX001634,20407,2026-01-29 11:10:06,Card Purchase,177.63,United Kingdom,Card
TX001635,20135,2026-12-26 13:03:22,Card Purchase,51.17,Ireland,Mobile
TX001636,20144,2026-10-23 19:13:07,Bank Transfer,191.96,United Kingdom,Online
TX001637,20023,2026-01-27 03:57:30,Bank Transfer,24.08,France,Card
TX001638,20283,2026-03-23 05:20:50,Card Purchase,75.92,United Kingdom,Online
TX001639,20604,2026-11-16 18:33:40,Card Purchase,55.12,United Kingdom,Card
TX001640,20020,2026-02-28 22:31:45,Bank Transfer,106.94,Nigeria,Branch
TX001641,20085,2026-01-22 00:17:02,Cash Withdrawal,74.07,United Kingdom,Branch
TX001642,20393,2026-08-28 02:58:58,Card Purchase,179.92,United Kingdom,Card
TX001643,20322,2026-04-24 16:22:54,Direct Debit,78.7,United States,Branch
TX001644,20529,2026-09-29 09:57:29,Card Purchase,138.22,United Kingdom,Mobile
TX001645,20534,2026-06-28 23:23:02,Bank Transfer,34.92,Nigeria,Online
TX001646,20166,2026-01-13 10:09:17,Card Purchase,22.61,Nigeria,Online
TX001647,20357,2026-03-18 17:41:03,Cash Withdrawal,420.11,Nigeria,Mobile
TX001648,20339,2026-01-20 08:37:28,Deposit,88.2,UAE,Card
TX001649,20491,2026-02-04 23:01:40,Bank Transfer,25.84,United Kingdom,Mobile
TX001650,20257,2026-05-19 00:19:47,Direct Debit,72.63,UAE,ATM
TX001651,20258,2026-02-01 18:51:07,Direct Debit,422.17,Netherlands,Online
TX001652,20581,2026-10-25 00:43:38,Direct Debit,163.16,United Kingdom,Card
TX001653,20017,2026-12-25 11:14:37,Card Purchase,11400.97,United Kingdom,Online
TX001654,20055,2026-07-09 01:41:07,Deposit,195.1,United States,Online
TX001655,20360,2026-02-28 12:37:55,Card Purchase,131.53,United States,ATM
TX001656,20303,2026-03-21 21:43:15,Card Purchase,259.26,Netherlands,Mobile
TX001657,20426,2026-08-06 00:21:16,Bank Transfer,43.53,Singapore,Card
TX001658,20055,2026-05-30 19:04:07,Direct Debit,83.89,United Kingdom,Online
TX001659,20013,2026-06-21 19:50:03,Bank Transfer,56.85,Nigeria,Mobile
TX001660,20543,2026-06-08 04:19:19,Bank Transfer,37.59,United States,Card
TX001661,20498,2026-06-18 23:55:41,Card Purchase,230.31,UAE,ATM
TX001662,20231,2026-09-18 20:34:43,Deposit,31.83,United States,Mobile
TX001663,20240,2026-08-17 18:07:42,Bank Transfer,273.19,United Kingdom,ATM
TX001664,20432,2026-05-31 20:11:05,Bank Transfer,26.8,United Kingdom,ATM
TX001665,20336,2026-01-29 07:03:41,Card Purchase,238.62,United Kingdom,Online
TX001666,20426,2026-11-28 18:15:48,Cash Withdrawal,134.85,United Kingdom,Card
TX001667,20481,2026-09-17 23:18:17,Cash Withdrawal,31.89,Germany,Mobile
TX001668,20153,2026-07-06 04:24:38,Direct Debit,58.02,United Kingdom,Mobile
TX001669,20435,2026-08-16 03:24:15,Card Purchase,32.13,United Kingdom,Online
TX001670,20580,2026-04-18 23:12:18,Card Purchase,49.56,United Kingdom,Branch
TX001671,20498,2026-03-04 17:16:35,Bank Transfer,126.54,Singapore,ATM
TX001672,20642,2026-10-06 02:17:05,Deposit,52.41,Ireland,Online
TX001673,20150,2026-05-27 14:22:53,Card Purchase,9.06,United Kingdom,Online
TX001674,20561,2026-02-16 12:20:17,Card Purchase,144.78,United Kingdom,Mobile
TX001675,20214,2026-05-09 12:38:00,Direct Debit,21.09,France,Card
TX001676,20018,2026-03-31 08:49:07,Card Purchase,49.42,France,Online
TX001677,20182,2026-04-25 03:56:36,Card Purchase,154.16,United Kingdom,Online
TX001678,20651,2026-12-27 19:51:24,Card Purchase,113.82,Netherlands,Online
TX001679,20279,2026-11-27 16:48:42,Card Purchase,42.32,United Kingdom,Mobile
TX001680,20379,2026-04-29 20:31:07,Direct Debit,25.04,United Kingdom,Mobile
TX001681,20100,2026-08-26 07:57:21,Bank Transfer,143.81,United Kingdom,ATM
TX001682,20474,2026-02-27 22:33:18,Bank Transfer,70.1,Netherlands,Online
TX001683,20521,2026-04-27 20:09:44,Direct Debit,1411.66,United Kingdom,ATM
TX001684,20449,2026-07-24 18:00:05,Deposit,8.97,Germany,Card
TX001685,20208,2026-05-09 11:00:19,Card Purchase,42.65,France,Online
TX001686,20381,2026-07-31 08:26:43,Card Purchase,236.3,United Kingdom,Mobile
TX001687,20446,2026-04-17 00:04:07,Card Purchase,5.82,United States,Mobile
TX001688,20229,2026-10-10 21:57:20,Cash Withdrawal,26.96,Spain,Mobile
TX001689,20407,2026-06-01 11:50:33,Bank Transfer,20.07,United Kingdom,Mobile
TX001690,20541,2026-09-08 21:27:16,Card Purchase,215.71,United States,Card
TX001691,20125,2026-10-25 04:57:49,Card Purchase,287.92,United Kingdom,Mobile
TX001692,20322,2026-04-17 06:34:12,Bank Transfer,26.38,United Kingdom,Mobile
TX001693,20415,2026-12-31 19:46:09,Card Purchase,23.3,United Kingdom,Branch
TX001694,20227,2026-02-24 03:34:41,Bank Transfer,268.92,United Kingdom,Card
TX001695,20101,2026-09-04 16:13:41,Card Purchase,71.28,Netherlands,ATM
TX001696,20112,2026-11-03 09:40:23,Bank Transfer,12.32,United Kingdom,Mobile
TX001697,20297,2026-03-09 01:16:47,Card Purchase,195.78,United Kingdom,Mobile
TX001698,20478,2026-06-07 02:14:03,Direct Debit,7.7,United Kingdom,Card
TX001699,20121,2026-12-28 16:17:06,Bank Transfer,150.17,Ireland,Mobile
TX001700,20383,2026-12-06 14:14:16,Card Purchase,71.37,United States,Mobile
TX001701,20476,2026-11-20 14:27:12,Card Purchase,167.45,Nigeria,Online
TX001702,20383,2026-01-26 00:08:26,Deposit,66.6,Ireland,Card
TX001703,20065,2026-01-27 06:52:22,Bank Transfer,118.28,United Kingdom,Mobile
TX001704,20473,2026-10-29 01:18:30,Direct Debit,342.46,United Kingdom,Branch
TX001705,20563,2026-11-07 20:58:46,Card Purchase,17.72,United States,Branch
TX001706,20544,2026-03-23 02:35:16,Bank Transfer,76.16,United Kingdom,Card
TX001707,20370,2026-08-04 05:36:16,Cash Withdrawal,92.9,United Kingdom,Online
TX001708,20490,2026-10-25 03:04:34,Bank Transfer,120.62,United States,Card
TX001709,20419,2026-01-21 21:45:17,Direct Debit,19.79,Germany,ATM
TX001710,20521,2026-05-11 00:59:06,Card Purchase,32.89,UAE,Card
TX001711,20109,2026-12-21 16:37:35,Card Purchase,58.19,France,Card
TX001712,20145,2026-09-30 01:55:55,Card Purchase,625.99,United Kingdom,Mobile
TX001713,20115,2026-11-07 02:07:02,Bank Transfer,179.61,United Kingdom,Card
TX001714,20463,2026-04-07 09:16:36,Deposit,205.2,Germany,Mobile
TX001715,20568,2026-03-28 20:17:03,Card Purchase,74.41,United Kingdom,Mobile
TX001716,20540,2026-03-01 07:05:44,Cash Withdrawal,172.02,United Kingdom,Card
TX001717,20318,2026-12-16 08:30:00,Card Purchase,18.79,United Kingdom,Mobile
TX001718,20344,2026-02-13 21:28:22,Card Purchase,19.58,United Kingdom,Branch
TX001719,20435,2026-05-09 19:27:21,Card Purchase,30.03,United Kingdom,Online
TX001720,20388,2026-11-11 14:31:14,Bank Transfer,55.47,Singapore,ATM
TX001721,20183,2026-06-13 17:39:04,Deposit,498.66,United Kingdom,ATM
TX001722,20577,2026-06-13 13:45:12,Bank Transfer,41.6,United Kingdom,ATM
TX001723,20015,2026-12-19 19:20:18,Direct Debit,42.47,United Kingdom,Online
TX001724,20134,2026-12-22 17:02:57,Deposit,40.1,UAE,Mobile
TX001725,20418,2026-02-25 15:03:06,Card Purchase,67.25,United Kingdom,Mobile
TX001726,20567,2026-11-15 19:24:55,Card Purchase,24.49,United Kingdom,Online
TX001727,20420,2026-03-18 23:33:04,Bank Transfer,83.99,United Kingdom,Mobile
TX001728,20588,2026-01-21 16:08:52,Card Purchase,103.29,Nigeria,Mobile
TX001729,20571,2026-02-04 09:40:52,Card Purchase,101.99,Nigeria,Mobile
TX001730,20383,2026-07-11 00:56:23,Card Purchase,90.29,United Kingdom,Online
TX001731,20350,2026-09-01 20:50:30,Bank Transfer,90.62,United Kingdom,Card
TX001732,20088,2026-09-16 04:17:57,Bank Transfer,293.23,United Kingdom,Card
TX001733,20639,2026-03-01 19:25:08,Card Purchase,27.48,France,ATM
TX001734,20546,2026-09-10 17:11:37,Card Purchase,157.44,United Kingdom,Mobile
TX001735,20668,2026-07-18 21:31:18,Bank Transfer,1028.9,United Kingdom,Mobile
TX001736,20027,2026-07-13 07:58:14,Cash Withdrawal,40.63,United States,Mobile
TX001737,20150,2026-01-07 01:49:07,Card Purchase,303.31,Ireland,Mobile
TX001738,20132,2026-07-08 05:02:43,Direct Debit,23.13,United Kingdom,Card
TX001739,20488,2026-09-06 23:18:47,Bank Transfer,248.67,United Kingdom,Mobile
TX001740,20410,2026-09-25 23:22:12,Card Purchase,159.34,United Kingdom,Mobile
TX001741,20503,2026-01-15 20:29:54,Cash Withdrawal,116.91,United Kingdom,Card
TX001742,20080,2026-09-10 21:55:53,Card Purchase,90.14,United Kingdom,Branch
TX001743,20498,2026-12-09 23:48:55,Bank Transfer,111.78,Netherlands,Card
TX001744,20186,2026-05-17 14:35:29,Card Purchase,336.09,United States,Card
TX001745,20002,2026-06-29 06:11:42,Bank Transfer,48.36,Ireland,Online
TX001746,20411,2026-09-21 10:41:48,Card Purchase,103.43,United States,Online
TX001747,20232,2026-10-16 06:02:14,Card Purchase,95.93,United Kingdom,Card
TX001748,20017,2026-05-11 09:13:53,Deposit,302.07,United Kingdom,ATM
TX001749,20440,2026-12-05 04:35:55,Card Purchase,20.4,United Kingdom,Online
TX001750,20325,2026-06-23 08:10:19,Bank Transfer,122.91,United Kingdom,ATM
TX001751,20037,2026-06-27 01:22:12,Card Purchase,92.83,United Kingdom,Mobile
TX001752,20092,2026-10-04 01:17:27,Cash Withdrawal,78.11,United Kingdom,Mobile
TX001753,20098,2026-12-15 11:11:32,Bank Transfer,41.7,United Kingdom,Mobile
TX001754,20170,2026-06-24 18:22:16,Card Purchase,45.2,United Kingdom,Card
TX001755,20347,2026-02-27 05:01:53,Card Purchase,148.77,United Kingdom,Card
TX001756,20603,2026-11-26 05:52:42,Cash Withdrawal,802.51,United Kingdom,Mobile
TX001757,20357,2026-09-06 10:22:48,Card Purchase,98.24,United States,ATM
TX001758,20126,2026-06-20 15:35:17,Card Purchase,44.87,Singapore,Branch
TX001759,20072,2026-08-20 10:14:33,Card Purchase,34.62,United States,Mobile
TX001760,20477,2026-04-13 21:09:57,Card Purchase,19.35,United Kingdom,Mobile
TX001761,20078,2026-09-13 22:53:04,Card Purchase,39.06,Ireland,Online
TX001762,20104,2026-02-09 07:55:27,Card Purchase,16.98,United Kingdom,Card
TX001763,20130,2026-10-15 03:16:02,Card Purchase,32.81,United Kingdom,Mobile
TX001764,20403,2026-07-26 01:17:39,Cash Withdrawal,409.45,United Kingdom,Mobile
TX001765,20479,2026-03-22 20:08:55,Card Purchase,85.96,United Kingdom,Mobile
TX001766,20126,2026-11-13 08:44:23,Bank Transfer,33.31,United Kingdom,Online
TX001767,20520,2026-12-04 22:08:58,Card Purchase,224.3,United Kingdom,Mobile
TX001768,20326,2026-01-01 09:25:53,Cash Withdrawal,272.55,United States,Card
TX001769,20451,2026-07-24 10:07:52,Deposit,12.4,United Kingdom,Mobile
TX001770,20493,2026-07-12 23:33:02,Card Purchase,22.72,Spain,Card
TX001771,20533,2026-05-18 00:25:15,Bank Transfer,147.81,United Kingdom,Card
TX001772,20431,2026-06-07 12:08:20,Card Purchase,226.89,United Kingdom,Mobile
TX001773,20177,2026-10-17 16:39:56,Bank Transfer,119.7,United Kingdom,ATM
TX001774,20230,2026-07-19 17:56:16,Direct Debit,14.05,Singapore,Mobile
TX001775,20450,2026-10-03 12:02:00,Bank Transfer,524.93,Spain,Branch
TX001776,20468,2026-01-06 12:54:31,Deposit,459.77,Germany,Mobile
TX001777,20004,2026-08-04 13:50:16,Bank Transfer,401.29,United Kingdom,Online
TX001778,20039,2026-11-23 08:29:08,Card Purchase,87.01,Nigeria,Mobile
TX001779,20351,2026-03-14 14:53:20,Card Purchase,28.8,United Kingdom,Mobile
TX001780,20121,2026-08-30 00:42:56,Bank Transfer,359.76,United States,Mobile
TX001781,20638,2026-04-06 05:49:06,Card Purchase,82.66,United Kingdom,Card
TX001782,20428,2026-05-29 09:01:12,Bank Transfer,130.57,United Kingdom,Mobile
TX001783,20003,2026-05-28 10:35:59,Card Purchase,24.58,Singapore,Mobile
TX001784,20062,2026-06-05 20:43:06,Card Purchase,33.09,Singapore,Mobile
TX001785,20476,2026-02-17 03:42:20,Card Purchase,32.87,Nigeria,Online
TX001786,20350,2026-06-10 12:17:11,Card Purchase,70.05,United Kingdom,Mobile
TX001787,20353,2026-08-26 09:33:15,Bank Transfer,23.15,Ireland,ATM
TX001788,20372,2026-03-07 05:33:09,Cash Withdrawal,180.61,United Kingdom,Mobile
TX001789,20195,2026-03-13 07:06:58,Deposit,117.37,Germany,Online
TX001790,20007,2026-11-04 02:08:13,Cash Withdrawal,123.06,United Kingdom,Online
TX001791,20309,2026-08-23 21:57:08,Deposit,55.71,Ireland,Online
TX001792,20435,2026-04-27 15:50:19,Card Purchase,85.37,United States,Card
TX001793,20250,2026-09-07 19:39:23,Deposit,987.42,Germany,Mobile
TX001794,20363,2026-09-14 17:24:20,Cash Withdrawal,41.87,Spain,Branch
TX001795,20166,2026-01-30 22:02:13,Bank Transfer,15.98,Singapore,Mobile
TX001796,20269,2026-07-31 16:55:03,Card Purchase,82.54,Spain,Card
TX001797,20006,2026-04-16 20:35:03,Card Purchase,177.43,United States,Mobile
TX001798,20670,2026-07-29 20:27:08,Bank Transfer,102.3,United Kingdom,Mobile
TX001799,20149,2026-07-22 12:12:05,Direct Debit,134.98,United Kingdom,Online
TX001800,20661,2026-06-13 01:31:47,Card Purchase,96.11,United States,Mobile
TX001801,20048,2026-03-12 01:43:30,Deposit,105.51,United Kingdom,ATM
TX001802,20422,2026-03-16 22:36:43,Card Purchase,117.82,United Kingdom,Card
TX001803,20387,2026-03-06 04:34:37,Deposit,110.76,France,Mobile
TX001804,20450,2026-08-09 03:46:41,Card Purchase,99.36,United Kingdom,Card
TX001805,20386,2026-09-07 01:02:55,Card Purchase,40.14,United Kingdom,Online
TX001806,20588,2026-11-30 10:50:56,Cash Withdrawal,300.51,United Kingdom,Online
TX001807,20431,2026-08-19 20:37:59,Card Purchase,35.55,Netherlands,Card
TX001808,20467,2026-06-22 00:36:14,Card Purchase,230.05,United Kingdom,Branch
TX001809,20259,2026-02-25 09:04:48,Card Purchase,87.73,United Kingdom,Mobile
TX001810,20562,2026-04-12 12:45:40,Direct Debit,278.27,United Kingdom,Mobile
TX001811,20087,2026-01-02 10:35:11,Card Purchase,25.77,United Kingdom,Online
TX001812,20341,2026-12-27 05:50:41,Card Purchase,58.98,United Kingdom,ATM
TX001813,20429,2026-05-11 17:48:43,Cash Withdrawal,202.77,Netherlands,Mobile
TX001814,20308,2026-06-05 09:57:40,Card Purchase,15.35,Germany,Branch
TX001815,20116,2026-08-30 11:56:12,Direct Debit,114.04,United Kingdom,Mobile
TX001816,20307,2026-08-17 20:02:12,Bank Transfer,33.55,United States,Card
TX001817,20323,2026-09-02 01:01:57,Bank Transfer,238.58,Nigeria,Online
TX001818,20330,2026-02-25 12:28:42,Cash Withdrawal,47.3,Germany,Mobile
TX001819,20511,2026-06-11 00:42:57,Deposit,35.17,United States,Online
TX001820,20156,2026-12-30 07:33:09,Card Purchase,55.29,United Kingdom,ATM
TX001821,20436,2026-12-31 20:33:14,Direct Debit,172.78,United States,Online
TX001822,20518,2026-11-30 05:22:15,Bank Transfer,150.11,United Kingdom,Mobile
TX001823,20283,2026-10-13 09:26:29,Card Purchase,99.88,United Kingdom,Online
TX001824,20593,2026-10-27 06:44:42,Card Purchase,218.0,France,Online
TX001825,20047,2026-11-04 07:03:52,Bank Transfer,22.38,United Kingdom,Mobile
TX001826,20050,2026-09-12 20:07:30,Bank Transfer,283.51,United Kingdom,Branch
TX001827,20594,2026-05-08 09:44:19,Cash Withdrawal,98.09,Spain,Card
TX001828,20571,2026-01-29 03:00:04,Card Purchase,96.87,United Kingdom,Card
TX001829,20393,2026-04-05 12:30:42,Card Purchase,11.64,United Kingdom,Card
TX001830,20382,2026-12-23 15:46:59,Card Purchase,184.64,United Kingdom,Card
TX001831,20651,2026-03-05 21:17:48,Bank Transfer,47.37,United Kingdom,Card
TX001832,20348,2026-11-18 09:02:33,Card Purchase,136.6,United Kingdom,Card
TX001833,20568,2026-04-12 22:25:26,Card Purchase,792.04,Germany,Mobile
TX001834,20295,2026-03-23 04:55:58,Card Purchase,129.88,Ireland,Mobile
TX001835,20390,2026-05-03 15:03:47,Bank Transfer,295.3,Ireland,Online
TX001836,20180,2026-06-14 20:56:27,Cash Withdrawal,36.92,United Kingdom,Online
TX001837,20233,2026-03-17 01:51:31,Deposit,36.34,United Kingdom,Card
TX001838,20510,2026-08-10 03:05:27,Direct Debit,22.7,Germany,Online
TX001839,20557,2026-05-30 13:05:44,Deposit,41.52,Spain,Online
TX001840,20539,2026-07-08 11:40:04,Card Purchase,234.44,United Kingdom,Online
TX001841,20405,2026-05-31 11:35:24,Card Purchase,26.17,Nigeria,Card
TX001842,20115,2026-10-13 09:24:17,Card Purchase,27.13,France,Mobile
TX001843,20373,2026-10-15 21:03:47,Card Purchase,20.96,United Kingdom,Card
TX001844,20231,2026-03-06 16:37:38,Card Purchase,115.22,Spain,Mobile
TX001845,20451,2026-05-01 15:31:13,Bank Transfer,125.95,France,Mobile
TX001846,20043,2026-02-21 11:38:12,Card Purchase,34.25,United Kingdom,Card
TX001847,20202,2026-09-16 18:54:16,Bank Transfer,67.69,United Kingdom,Branch
TX001848,20031,2026-01-02 04:05:21,Card Purchase,89.65,United Kingdom,Card
TX001849,20170,2026-10-27 12:00:58,Card Purchase,94.48,United Kingdom,Online
TX001850,20549,2026-05-14 22:23:10,Card Purchase,147.6,United Kingdom,Branch
TX001851,20032,2026-01-02 19:54:46,Card Purchase,81.21,United Kingdom,Mobile
TX001852,20449,2026-04-24 11:36:16,Bank Transfer,54.77,United Kingdom,Mobile
TX001853,20654,2026-02-07 00:29:32,Direct Debit,102.39,United Kingdom,Card
TX001854,20418,2026-04-14 22:12:52,Direct Debit,28.04,Singapore,Mobile
TX001855,20249,2026-04-14 11:59:03,Direct Debit,31.39,United Kingdom,Card
TX001856,20584,2026-04-16 08:44:03,Card Purchase,274.59,United Kingdom,Online
TX001857,20667,2026-12-22 22:26:18,Deposit,25.18,United Kingdom,Mobile
TX001858,20464,2026-08-31 11:22:48,Direct Debit,150.37,United Kingdom,Online
TX001859,20664,2026-04-05 16:23:43,Bank Transfer,57.93,Singapore,Mobile
TX001860,20261,2026-10-21 02:11:54,Bank Transfer,205.55,United Kingdom,Online
TX001861,20013,2026-11-19 10:05:04,Card Purchase,412.31,Spain,Online
TX001862,20302,2026-04-24 10:40:21,Card Purchase,39.01,United Kingdom,Online
TX001863,20189,2026-06-18 21:12:58,Cash Withdrawal,131.88,Germany,Mobile
TX001864,20622,2026-01-28 08:29:11,Card Purchase,219.74,United Kingdom,Card
TX001865,20413,2026-01-09 08:13:18,Deposit,15.72,United States,Card
TX001866,20301,2026-12-28 04:05:04,Card Purchase,76.99,United Kingdom,Online
TX001867,20046,2026-10-30 16:30:32,Card Purchase,70.98,United Kingdom,Mobile
TX001868,20038,2026-08-15 20:03:01,Card Purchase,61.93,United Kingdom,Card
TX001869,20325,2026-09-20 05:08:26,Bank Transfer,127.05,United Kingdom,Mobile
TX001870,20437,2026-11-04 11:46:08,Direct Debit,177.46,Ireland,Mobile
TX001871,20604,2026-11-15 18:56:49,Card Purchase,219.05,United Kingdom,ATM
TX001872,20081,2026-01-06 16:03:26,Card Purchase,71.44,Nigeria,Online
TX001873,20261,2026-03-30 15:37:42,Direct Debit,580.47,United Kingdom,ATM
TX001874,20361,2026-06-14 20:17:50,Card Purchase,27.83,United Kingdom,Online
TX001875,20469,2026-03-23 08:50:16,Card Purchase,28.79,United Kingdom,Online
TX001876,20099,2026-11-25 14:12:12,Direct Debit,149.08,United Kingdom,Mobile
TX001877,20564,2026-09-20 21:53:03,Bank Transfer,74.54,France,Mobile
TX001878,20332,2026-01-16 21:41:55,Bank Transfer,148.09,UAE,Mobile
TX001879,20561,2026-05-02 07:35:27,Bank Transfer,43.52,France,ATM
TX001880,20469,2026-02-28 02:14:23,Card Purchase,589.38,Germany,Online
TX001881,20001,2026-08-15 02:35:34,Card Purchase,10.82,United Kingdom,Card
TX001882,20570,2026-06-01 04:41:17,Card Purchase,26.86,United Kingdom,Branch
TX001883,20214,2026-08-04 07:53:58,Deposit,72.5,United Kingdom,Online
TX001884,20058,2026-01-07 07:10:12,Card Purchase,220.81,UAE,Online
TX001885,20198,2026-06-17 08:44:28,Cash Withdrawal,320.68,United Kingdom,ATM
TX001886,20163,2026-09-13 00:09:06,Bank Transfer,141.26,France,Mobile
TX001887,20438,2026-05-11 10:53:42,Cash Withdrawal,314.94,United Kingdom,Mobile
TX001888,20231,2026-09-21 16:43:29,Cash Withdrawal,70.82,Spain,Online
TX001889,20367,2026-04-30 20:06:12,Direct Debit,862.19,UAE,Branch
TX001890,20031,2026-04-24 14:14:02,Bank Transfer,137.91,United Kingdom,ATM
TX001891,20043,2026-08-28 23:54:36,Card Purchase,69.61,United Kingdom,Online
TX001892,20230,2026-06-29 00:41:03,Bank Transfer,86.83,United Kingdom,Card
TX001893,20273,2026-02-20 15:45:00,Card Purchase,247.1,United Kingdom,Card
TX001894,20562,2026-11-28 22:51:26,Deposit,46.2,Germany,Mobile
TX001895,20495,2026-09-26 20:23:15,Direct Debit,416.69,United Kingdom,Card
TX001896,20454,2026-06-05 18:49:54,Card Purchase,101.43,Netherlands,Card
TX001897,20103,2026-11-01 23:30:17,Card Purchase,326.7,United States,Card
TX001898,20544,2026-06-12 02:10:30,Card Purchase,226.33,United Kingdom,Mobile
TX001899,20021,2026-01-02 14:58:02,Bank Transfer,108.16,United Kingdom,Branch
TX001900,20540,2026-01-07 16:42:02,Card Purchase,9.96,United Kingdom,Card
TX001901,20385,2026-07-24 04:02:13,Cash Withdrawal,105.7,United Kingdom,Online
TX001902,20233,2026-08-16 18:00:21,Bank Transfer,659.27,Singapore,Card
TX001903,20339,2026-12-02 08:23:43,Card Purchase,81.5,United Kingdom,ATM
TX001904,20506,2026-11-09 22:39:49,Card Purchase,911.02,Germany,ATM
TX001905,20013,2026-09-30 03:06:59,Bank Transfer,104.08,United Kingdom,Card
TX001906,20524,2026-11-09 10:41:40,Cash Withdrawal,137.62,United Kingdom,Card
TX001907,20555,2026-02-03 08:46:48,Card Purchase,107.25,United Kingdom,Mobile
TX001908,20168,2026-10-28 17:36:32,Bank Transfer,47.11,Nigeria,ATM
TX001909,20566,2026-10-06 14:52:39,Bank Transfer,9.02,Singapore,Mobile
TX001910,20663,2026-12-19 12:09:27,Card Purchase,348.05,United States,Card
TX001911,20172,2026-02-12 03:25:35,Bank Transfer,309.28,United Kingdom,ATM
TX001912,20609,2026-07-13 10:05:13,Card Purchase,77.09,United States,Card
TX001913,20471,2026-04-06 01:35:19,Card Purchase,203.88,United Kingdom,Online
TX001914,20213,2026-01-20 02:50:10,Card Purchase,81.09,Singapore,Online
TX001915,20143,2026-06-18 12:12:52,Card Purchase,789.19,United Kingdom,Online
TX001916,20174,2026-09-09 11:12:14,Card Purchase,707.1,United Kingdom,Card
TX001917,20444,2026-03-24 05:37:56,Direct Debit,34.29,UAE,Mobile
TX001918,20101,2026-01-21 12:22:16,Card Purchase,33.77,United Kingdom,Online
TX001919,20250,2026-01-05 21:54:34,Card Purchase,51.35,United Kingdom,Branch
TX001920,20461,2026-01-02 02:07:07,Card Purchase,43.37,UAE,Card
TX001921,20067,2026-09-26 02:18:56,Card Purchase,929.98,United Kingdom,Mobile
TX001922,20507,2026-03-12 01:08:58,Direct Debit,76.94,United Kingdom,Online
TX001923,20071,2026-08-11 01:57:16,Bank Transfer,70.21,Ireland,Card
TX001924,20022,2026-01-17 07:10:32,Card Purchase,52.77,France,Card
TX001925,20655,2026-01-27 23:58:23,Deposit,31.03,United Kingdom,Mobile
TX001926,20421,2026-12-13 02:06:34,Card Purchase,134.74,United Kingdom,Mobile
TX001927,20220,2026-05-22 01:47:41,Card Purchase,195.06,France,Mobile
TX001928,20094,2026-04-18 11:21:04,Direct Debit,110.76,United Kingdom,ATM
TX001929,20099,2026-03-09 06:01:58,Card Purchase,124.58,United Kingdom,Branch
TX001930,20573,2026-03-23 13:32:06,Card Purchase,82.36,United States,Mobile
TX001931,20517,2026-07-06 16:16:38,Card Purchase,96.65,United States,Card
TX001932,20144,2026-06-18 04:36:06,Card Purchase,16.57,Netherlands,Online
TX001933,20183,2026-03-12 01:20:28,Card Purchase,233.5,United Kingdom,Mobile
TX001934,20600,2026-09-29 02:54:27,Direct Debit,9.92,United Kingdom,Card
TX001935,20605,2026-12-31 09:53:06,Card Purchase,478.78,United Kingdom,ATM
TX001936,20073,2026-03-27 13:28:09,Deposit,138.82,United Kingdom,Mobile
TX001937,20552,2026-03-11 01:44:47,Card Purchase,89.26,United Kingdom,Mobile
TX001938,20228,2026-10-05 04:53:17,Direct Debit,29.72,UAE,Mobile
TX001939,20065,2026-04-12 13:23:32,Bank Transfer,194.46,United Kingdom,ATM
TX001940,20038,2026-04-02 17:31:56,Card Purchase,346.17,Ireland,Mobile
TX001941,20632,2026-04-25 15:31:35,Direct Debit,35.29,Singapore,ATM
TX001942,20372,2026-03-26 12:53:37,Bank Transfer,49.47,United Kingdom,Card
TX001943,20632,2026-06-10 04:50:31,Card Purchase,58.75,Singapore,ATM
TX001944,20343,2026-09-16 19:49:22,Deposit,227.65,Spain,Online
TX001945,20507,2026-11-02 14:55:44,Bank Transfer,43.25,Ireland,Mobile
TX001946,20347,2026-06-02 07:15:08,Card Purchase,23.86,United Kingdom,Card
TX001947,20581,2026-10-20 17:40:30,Deposit,134.61,United Kingdom,Mobile
TX001948,20525,2026-01-07 21:12:23,Direct Debit,127.75,Singapore,Mobile
TX001949,20387,2026-10-09 18:03:03,Cash Withdrawal,95.98,United Kingdom,Mobile
TX001950,20199,2026-08-07 06:14:39,Bank Transfer,59.01,United Kingdom,Branch
TX001951,20505,2026-08-08 15:09:06,Cash Withdrawal,154.0,United States,Card
TX001952,20580,2026-07-10 07:49:56,Bank Transfer,39.25,Germany,Mobile
TX001953,20363,2026-10-23 08:57:39,Card Purchase,68.84,Germany,Branch
TX001954,20041,2026-07-01 00:12:57,Cash Withdrawal,60.75,United Kingdom,Mobile
TX001955,20649,2026-03-02 05:04:33,Direct Debit,24.46,UAE,ATM
TX001956,20090,2026-07-20 05:30:29,Bank Transfer,33.35,United Kingdom,Mobile
TX001957,20053,2026-05-15 04:48:02,Direct Debit,179.97,United Kingdom,Online
TX001958,20161,2026-05-28 00:07:49,Card Purchase,87.41,United Kingdom,ATM
TX001959,20080,2026-10-12 08:52:05,Card Purchase,81.53,United Kingdom,Mobile
TX001960,20268,2026-07-08 18:48:07,Direct Debit,72.82,United Kingdom,Online
TX001961,20213,2026-04-03 13:38:14,Deposit,726.33,United Kingdom,Mobile
TX001962,20646,2026-01-15 16:50:35,Card Purchase,35.83,United States,Mobile
TX001963,20615,2026-09-16 05:41:24,Cash Withdrawal,36.32,United Kingdom,Online
TX001964,20493,2026-08-07 10:54:49,Bank Transfer,36.47,United States,Mobile
TX001965,20132,2026-08-25 04:54:05,Card Purchase,466.76,United Kingdom,Card
TX001966,20454,2026-01-05 14:47:54,Bank Transfer,150.97,United Kingdom,Card
TX001967,20540,2026-02-07 10:08:12,Direct Debit,1686.64,France,Mobile
TX001968,20292,2026-12-27 16:59:57,Card Purchase,14.22,United States,Card
TX001969,20230,2026-02-03 10:01:38,Card Purchase,578.67,United Kingdom,ATM
TX001970,20430,2026-06-07 10:02:11,Bank Transfer,358.28,Nigeria,Online
TX001971,20012,2026-02-21 19:07:28,Bank Transfer,100.34,United Kingdom,Online
TX001972,20078,2026-06-16 05:17:05,Bank Transfer,120.87,Ireland,Mobile
TX001973,20665,2026-09-05 19:27:10,Direct Debit,56.42,United Kingdom,Mobile
TX001974,20333,2026-05-17 03:58:24,Bank Transfer,590.48,Nigeria,Online
TX001975,20297,2026-05-25 07:58:29,Card Purchase,17.26,United Kingdom,Card
TX001976,20632,2026-03-02 18:29:33,Card Purchase,547.91,United Kingdom,Mobile
TX001977,20509,2026-11-10 23:31:30,Card Purchase,82.84,United Kingdom,Online
TX001978,20312,2026-05-26 10:04:32,Bank Transfer,258.57,United Kingdom,Branch
TX001979,20625,2026-12-17 02:44:27,Card Purchase,28.6,United Kingdom,Branch
TX001980,20297,2026-11-05 11:36:43,Bank Transfer,246.52,France,Branch
TX001981,20634,2026-05-03 13:44:09,Bank Transfer,215.18,Netherlands,Card
TX001982,20072,2026-01-12 08:58:40,Card Purchase,41.44,UAE,Mobile
TX001983,20502,2026-12-26 23:18:23,Card Purchase,96.06,United Kingdom,Online
TX001984,20454,2026-03-24 07:49:29,Bank Transfer,144.2,Ireland,Mobile
TX001985,20606,2026-01-13 20:21:06,Card Purchase,256.49,United States,Card
TX001986,20451,2026-06-19 08:27:18,Bank Transfer,21.14,Nigeria,Online
TX001987,20209,2026-08-19 23:56:39,Deposit,70.17,United Kingdom,Mobile
TX001988,20349,2026-08-06 09:08:42,Card Purchase,79.82,United Kingdom,Card
TX001989,20480,2026-03-23 21:36:01,Card Purchase,58.24,Singapore,Mobile
TX001990,20280,2026-03-24 09:15:01,Deposit,94.74,Nigeria,Mobile
TX001991,20169,2026-12-27 07:40:13,Card Purchase,757.12,United Kingdom,Mobile
TX001992,20156,2026-02-16 17:23:49,Card Purchase,42.55,United Kingdom,Mobile
TX001993,20119,2026-01-23 01:33:13,Deposit,39.98,United Kingdom,Mobile
TX001994,20117,2026-04-30 12:09:26,Card Purchase,304.85,Netherlands,Mobile
TX001995,20591,2026-01-04 04:10:48,Bank Transfer,54.3,United Kingdom,Mobile
TX001996,20040,2026-09-23 15:26:43,Card Purchase,13.05,United Kingdom,Mobile
TX001997,20201,2026-03-14 18:04:04,Deposit,47.53,United States,Card
TX001998,20076,2026-12-17 19:48:29,Card Purchase,65.96,Spain,Online
TX001999,20658,2026-08-07 18:36:03,Card Purchase,26.61,United Kingdom,Mobile
TX002000,20048,2026-07-23 00:00:00,Card Purchase,17.17,France,Card
TX002001,20517,2026-08-30 15:07:37,Direct Debit,41.99,France,Online
TX002002,20339,2026-03-19 16:40:22,Card Purchase,134.99,Nigeria,Mobile
TX002003,20030,2026-05-27 04:14:55,Direct Debit,484.21,United Kingdom,Branch
TX002004,20468,2026-12-27 04:24:37,Direct Debit,15.54,UAE,Online
TX002005,20463,2026-06-17 21:30:52,Direct Debit,39.86,Netherlands,Online
TX002006,20221,2026-10-02 00:33:46,Bank Transfer,39.22,United Kingdom,Card
TX002007,20426,2026-02-02 12:21:14,Deposit,124.35,France,Online
TX002008,20484,2026-09-05 16:24:17,Card Purchase,35.44,Singapore,ATM
TX002009,20380,2026-12-20 08:31:51,Card Purchase,179.13,Nigeria,Branch
TX002010,20207,2026-01-26 01:06:47,Direct Debit,69.37,United Kingdom,Mobile
TX002011,20080,2026-07-26 06:31:49,Cash Withdrawal,57.18,Nigeria,ATM
TX002012,20426,2026-11-16 04:12:25,Direct Debit,69.66,United Kingdom,Branch
TX002013,20524,2026-11-29 09:43:47,Direct Debit,171.09,Singapore,ATM
TX002014,20331,2026-05-23 00:19:01,Direct Debit,27.49,United Kingdom,Mobile
TX002015,20479,2026-03-06 21:37:53,Deposit,93.37,United Kingdom,Card
TX002016,20019,2026-05-19 03:29:42,Direct Debit,868.2,United Kingdom,Mobile
TX002017,20271,2026-10-13 23:18:00,Deposit,85.49,France,Card
TX002018,20566,2026-03-26 09:50:10,Card Purchase,207.18,United Kingdom,Mobile
TX002019,20049,2026-10-20 01:17:25,Card Purchase,103.3,United Kingdom,Branch
TX002020,20651,2026-04-30 23:36:09,Bank Transfer,274.66,France,Mobile
TX002021,20382,2026-04-21 06:09:26,Card Purchase,185.31,United Kingdom,ATM
TX002022,20423,2026-08-16 00:28:50,Deposit,8.06,United Kingdom,Online
TX002023,20406,2026-03-17 17:48:20,Card Purchase,78.32,United Kingdom,Card
TX002024,20040,2026-11-16 17:14:47,Card Purchase,107.24,United Kingdom,Mobile
TX002025,20251,2026-02-20 04:45:57,Card Purchase,80.25,United Kingdom,Mobile
TX002026,20046,2026-02-02 15:43:03,Card Purchase,199.17,France,Online
TX002027,20436,2026-01-20 14:38:01,Bank Transfer,344.62,United Kingdom,Online
TX002028,20496,2026-01-22 01:05:42,Bank Transfer,117.67,United Kingdom,Mobile
TX002029,20418,2026-02-17 08:56:38,Bank Transfer,47.97,United Kingdom,Mobile
TX002030,20125,2026-04-24 04:24:00,Card Purchase,60.99,United Kingdom,Online
TX002031,20581,2026-02-17 19:03:09,Card Purchase,99.39,United Kingdom,Online
TX002032,20161,2026-06-09 15:30:00,Deposit,65.75,United Kingdom,ATM
TX002033,20490,2026-06-26 10:44:29,Card Purchase,182.78,Germany,Mobile
TX002034,20479,2026-10-21 11:36:31,Direct Debit,106.65,United Kingdom,Card
TX002035,20318,2026-10-24 21:13:06,Deposit,136.59,Nigeria,Mobile
TX002036,20480,2026-04-04 07:42:35,Card Purchase,1226.52,United States,Branch
TX002037,20225,2026-02-23 22:34:32,Deposit,14.32,United Kingdom,Mobile
TX002038,20611,2026-05-22 18:36:36,Bank Transfer,429.33,United Kingdom,Mobile
TX002039,20547,2026-11-13 08:50:35,Cash Withdrawal,153.34,United Kingdom,Branch
TX002040,20334,2026-04-23 13:57:51,Direct Debit,40.16,France,Card
TX002041,20279,2026-05-09 10:39:29,Deposit,38.66,UAE,Card
TX002042,20327,2026-02-22 08:41:18,Card Purchase,56.96,United Kingdom,ATM
TX002043,20052,2026-10-19 06:59:03,Bank Transfer,35.84,United Kingdom,Card
TX002044,20098,2026-02-04 14:01:33,Card Purchase,60.0,Spain,Card
TX002045,20575,2026-05-12 16:57:12,Card Purchase,70.22,United Kingdom,Card
TX002046,20458,2026-08-20 12:14:27,Bank Transfer,1205.51,France,Branch
TX002047,20623,2026-08-08 10:29:08,Card Purchase,523.91,United Kingdom,Branch
TX002048,20438,2026-09-19 20:55:17,Card Purchase,9.21,United Kingdom,Branch
TX002049,20194,2026-12-13 10:06:05,Card Purchase,55.46,United Kingdom,Online
TX002050,20440,2026-11-01 05:41:20,Card Purchase,78.04,United Kingdom,Online
TX002051,20595,2026-02-20 15:32:09,Direct Debit,174.23,United Kingdom,Online
TX002052,20304,2026-01-17 12:24:23,Bank Transfer,65.68,United Kingdom,Online
TX002053,20602,2026-01-14 06:31:39,Cash Withdrawal,380.9,United States,Mobile
TX002054,20302,2026-11-03 02:55:24,Direct Debit,85.34,United Kingdom,Mobile
TX002055,20049,2026-11-26 19:46:13,Bank Transfer,50.89,Netherlands,Card
TX002056,20575,2026-11-06 03:16:43,Card Purchase,85.62,Germany,Branch
TX002057,20006,2026-01-07 21:39:03,Card Purchase,86.53,United Kingdom,Mobile
TX002058,20136,2026-03-19 10:28:33,Card Purchase,34.18,Netherlands,Mobile
TX002059,20304,2026-10-22 23:10:53,Card Purchase,23.35,United Kingdom,Mobile
TX002060,20364,2026-05-13 02:44:48,Card Purchase,39.59,Nigeria,ATM
TX002061,20279,2026-05-02 07:41:48,Deposit,130.0,United Kingdom,Online
TX002062,20537,2026-10-02 21:25:11,Card Purchase,48.82,United States,Card
TX002063,20210,2026-08-13 05:57:12,Card Purchase,71.17,Spain,Card
TX002064,20450,2026-04-08 05:16:31,Direct Debit,124.48,Ireland,Mobile
TX002065,20502,2026-03-02 12:11:35,Bank Transfer,62.64,France,Online
TX002066,20231,2026-09-03 16:23:10,Card Purchase,114.04,United Kingdom,Card
TX002067,20278,2026-01-25 18:23:23,Card Purchase,21.94,United Kingdom,Online
TX002068,20362,2026-02-26 12:02:53,Cash Withdrawal,81.91,Nigeria,Online
TX002069,20281,2026-12-01 18:04:14,Bank Transfer,413.6,United Kingdom,ATM
TX002070,20149,2026-10-12 19:01:28,Bank Transfer,82.76,Singapore,Branch
TX002071,20586,2026-04-17 12:17:14,Direct Debit,660.94,Ireland,Card
TX002072,20539,2026-12-14 12:32:05,Direct Debit,132.53,United States,Mobile
TX002073,20086,2026-03-26 04:43:33,Bank Transfer,137.24,United Kingdom,Online
TX002074,20422,2026-11-18 03:40:23,Card Purchase,111.45,France,Online
TX002075,20583,2026-04-25 19:19:23,Card Purchase,183.67,Spain,ATM
TX002076,20482,2026-02-13 05:25:34,Card Purchase,513.1,United Kingdom,Mobile
TX002077,20582,2026-06-30 10:22:14,Card Purchase,86.04,United Kingdom,Card
TX002078,20643,2026-06-26 10:32:07,Card Purchase,122.01,United Kingdom,Mobile
TX002079,20497,2026-01-17 11:55:05,Card Purchase,36.45,United Kingdom,Mobile
TX002080,20096,2026-06-08 11:48:28,Card Purchase,32.13,United Kingdom,Mobile
TX002081,20412,2026-05-04 14:19:51,Bank Transfer,22.48,United Kingdom,Mobile
TX002082,20615,2026-10-18 17:25:45,Deposit,158.81,United Kingdom,Online
TX002083,20441,2026-08-27 08:33:34,Direct Debit,44.74,United Kingdom,Online
TX002084,20355,2026-02-03 23:00:06,Bank Transfer,37.74,United Kingdom,Mobile
TX002085,20117,2026-03-20 03:55:29,Card Purchase,59.02,Nigeria,Mobile
TX002086,20060,2026-07-20 00:39:36,Card Purchase,46.71,United Kingdom,Mobile
TX002087,20407,2026-08-20 03:23:52,Card Purchase,274.58,United Kingdom,ATM
TX002088,20625,2026-06-23 01:05:10,Card Purchase,30.69,United Kingdom,Mobile
TX002089,20085,2026-05-04 06:47:19,Card Purchase,84.35,Singapore,Mobile
TX002090,20424,2026-08-29 09:49:02,Bank Transfer,50.25,Spain,Card
TX002091,20487,2026-04-14 02:45:09,Direct Debit,82.47,Singapore,Mobile
TX002092,20569,2026-07-21 00:17:23,Deposit,36.58,United Kingdom,Online
TX002093,20351,2026-09-29 07:43:23,Cash Withdrawal,38.13,United Kingdom,ATM
TX002094,20167,2026-07-10 18:17:33,Bank Transfer,89.65,Singapore,Card
TX002095,20016,2026-01-02 11:23:07,Bank Transfer,153.59,United Kingdom,Online
TX002096,20236,2026-07-28 14:36:24,Card Purchase,11.28,Netherlands,Branch
TX002097,20282,2026-04-17 12:07:44,Direct Debit,34.07,United Kingdom,ATM
TX002098,20664,2026-07-23 03:56:59,Card Purchase,42.59,United Kingdom,Online
TX002099,20647,2026-05-27 01:42:04,Direct Debit,33.13,Singapore,Mobile
TX002100,20237,2026-09-01 19:27:23,Card Purchase,531.51,United Kingdom,ATM
TX002101,20554,2026-12-25 09:53:34,Card Purchase,94.74,United Kingdom,Online
TX002102,20038,2026-08-04 01:57:47,Direct Debit,513.46,Germany,ATM
TX002103,20480,2026-07-13 11:52:26,Bank Transfer,92.71,Germany,Card
TX002104,20049,2026-07-12 17:19:35,Card Purchase,23.32,United Kingdom,Online
TX002105,20211,2026-06-19 09:33:56,Bank Transfer,61.65,United States,Mobile
TX002106,20535,2026-04-15 14:27:33,Card Purchase,16.21,United States,Mobile
TX002107,20638,2026-02-24 04:43:22,Card Purchase,98.5,United Kingdom,ATM
TX002108,20180,2026-07-15 07:12:46,Direct Debit,57.41,United Kingdom,ATM
TX002109,20668,2026-05-08 09:37:03,Card Purchase,28.97,United Kingdom,Mobile
TX002110,20204,2026-10-16 20:29:59,Card Purchase,107.03,United Kingdom,Mobile
TX002111,20080,2026-03-02 05:09:43,Bank Transfer,168.11,United Kingdom,Online
TX002112,20046,2026-05-29 20:14:04,Bank Transfer,115.58,United Kingdom,Online
TX002113,20406,2026-09-05 08:52:48,Card Purchase,57.64,United Kingdom,Card
TX002114,20525,2026-03-28 21:43:11,Card Purchase,150.27,United Kingdom,Branch
TX002115,20136,2026-02-04 02:50:13,Card Purchase,104.18,United States,Online
TX002116,20569,2026-06-11 09:00:41,Card Purchase,54.87,UAE,Mobile
TX002117,20559,2026-03-10 15:41:02,Bank Transfer,383.59,United States,Card
TX002118,20262,2026-06-01 03:06:39,Deposit,106.21,United Kingdom,Mobile
TX002119,20361,2026-08-02 15:28:54,Card Purchase,347.37,United Kingdom,Card
TX002120,20548,2026-04-20 11:26:40,Direct Debit,18.49,United Kingdom,Online
TX002121,20563,2026-09-28 17:32:57,Deposit,152.63,United Kingdom,Online
TX002122,20488,2026-11-21 12:25:43,Card Purchase,87.69,United Kingdom,Card
TX002123,20591,2026-01-19 15:37:53,Direct Debit,119.47,Singapore,Online
TX002124,20461,2026-02-12 23:47:31,Direct Debit,159.9,United Kingdom,Online
TX002125,20579,2026-08-04 10:15:44,Card Purchase,536.47,Germany,Mobile
TX002126,20359,2026-06-20 06:36:54,Deposit,58.34,United Kingdom,Card
TX002127,20322,2026-08-17 02:53:13,Card Purchase,351.83,Spain,ATM
TX002128,20669,2026-10-11 22:06:39,Card Purchase,273.43,UAE,Mobile
TX002129,20154,2026-02-10 04:36:40,Cash Withdrawal,98.48,United Kingdom,Card
TX002130,20123,2026-09-20 17:21:14,Cash Withdrawal,532.79,United States,ATM
TX002131,20502,2026-03-26 01:27:18,Bank Transfer,89.08,United Kingdom,Mobile
TX002132,20469,2026-08-10 05:28:03,Bank Transfer,429.83,United Kingdom,Mobile
TX002133,20363,2026-02-05 12:21:01,Deposit,98.64,Germany,Branch
TX002134,20499,2026-07-23 09:05:47,Card Purchase,14.87,United Kingdom,Card
TX002135,20621,2026-10-10 15:50:52,Card Purchase,485.96,United Kingdom,Card
TX002136,20150,2026-12-19 09:05:51,Card Purchase,114.28,Germany,Online
TX002137,20289,2026-03-04 13:04:23,Cash Withdrawal,50.02,Germany,Card
TX002138,20305,2026-04-28 01:44:51,Card Purchase,172.08,UAE,Mobile
TX002139,20018,2026-12-16 14:54:57,Card Purchase,48.96,Ireland,Branch
TX002140,20453,2026-12-10 12:59:32,Bank Transfer,246.05,Singapore,Card
TX002141,20369,2026-01-18 09:20:52,Cash Withdrawal,1167.98,United Kingdom,ATM
TX002142,20422,2026-06-01 13:21:05,Direct Debit,25.61,United Kingdom,Card
TX002143,20059,2026-06-25 14:11:06,Card Purchase,75.6,Netherlands,Card
TX002144,20660,2026-07-09 02:33:09,Direct Debit,121.49,United Kingdom,Online
TX002145,20134,2026-03-06 22:25:02,Bank Transfer,710.4,United Kingdom,Branch
TX002146,20290,2026-01-01 13:38:35,Bank Transfer,80.23,United Kingdom,Mobile
TX002147,20270,2026-05-01 13:31:52,Bank Transfer,229.26,United Kingdom,Card
TX002148,20493,2026-08-07 21:10:28,Card Purchase,2418.42,United Kingdom,Mobile
TX002149,20134,2026-10-29 07:07:40,Card Purchase,37.23,United Kingdom,ATM
TX002150,20576,2026-01-02 10:16:56,Cash Withdrawal,139.26,United Kingdom,Mobile
TX002151,20082,2026-08-10 11:19:07,Card Purchase,39.87,United Kingdom,Card
TX002152,20504,2026-05-01 02:43:23,Direct Debit,39.8,United Kingdom,Mobile
TX002153,20661,2026-09-24 09:28:36,Card Purchase,45.48,United Kingdom,Branch
TX002154,20063,2026-12-07 11:11:22,Card Purchase,45.27,United Kingdom,Mobile
TX002155,20405,2026-02-20 04:46:12,Bank Transfer,269.07,Ireland,Mobile
TX002156,20092,2026-10-18 09:14:35,Bank Transfer,384.78,UAE,Card
TX002157,20500,2026-12-14 23:44:02,Card Purchase,63.36,United Kingdom,Mobile
TX002158,20440,2026-05-28 00:39:31,Card Purchase,86.85,United Kingdom,ATM
TX002159,20016,2026-12-16 11:21:24,Bank Transfer,20.36,United Kingdom,Online
TX002160,20160,2026-02-03 02:08:22,Card Purchase,104.86,United Kingdom,Mobile
TX002161,20397,2026-11-03 10:05:01,Bank Transfer,164.94,United Kingdom,Online
TX002162,20088,2026-01-22 11:53:03,Deposit,159.92,United Kingdom,Mobile
TX002163,20397,2026-05-05 03:01:06,Card Purchase,45.29,United Kingdom,ATM
TX002164,20041,2026-08-02 01:02:59,Bank Transfer,185.99,Nigeria,Card
TX002165,20227,2026-03-16 00:56:14,Direct Debit,61.05,United States,ATM
TX002166,20560,2026-01-05 06:51:08,Cash Withdrawal,32.23,United Kingdom,Card
TX002167,20483,2026-12-24 21:07:02,Deposit,194.09,Spain,Online
TX002168,20655,2026-05-11 21:45:47,Card Purchase,4.74,Singapore,Card
TX002169,20040,2026-08-06 00:25:53,Bank Transfer,48.19,United Kingdom,Branch
TX002170,20657,2026-04-05 13:55:33,Cash Withdrawal,170.96,United Kingdom,Online
TX002171,20633,2026-04-19 20:22:09,Direct Debit,435.0,Netherlands,Card
TX002172,20451,2026-01-30 16:25:29,Card Purchase,163.24,France,Mobile
TX002173,20643,2026-03-01 00:22:02,Card Purchase,322.55,United Kingdom,Card
TX002174,20445,2026-03-22 08:19:15,Card Purchase,315.23,United Kingdom,Mobile
TX002175,20458,2026-11-27 03:05:20,Bank Transfer,157.13,United Kingdom,Branch
TX002176,20109,2026-12-06 00:53:24,Card Purchase,91.11,United Kingdom,Card
TX002177,20207,2026-01-24 15:36:25,Bank Transfer,209.44,United Kingdom,Online
TX002178,20433,2026-08-14 10:56:52,Cash Withdrawal,40.76,Germany,Branch
TX002179,20084,2026-08-07 04:53:42,Direct Debit,253.71,United Kingdom,Mobile
TX002180,20622,2026-03-29 23:04:12,Card Purchase,187.54,Spain,Online
TX002181,20483,2026-05-09 19:45:33,Bank Transfer,55.54,United Kingdom,Online
TX002182,20311,2026-12-14 12:23:13,Card Purchase,15.04,Netherlands,Card
TX002183,20246,2026-07-07 11:36:35,Card Purchase,25.27,United Kingdom,Card
TX002184,20175,2026-06-30 06:39:26,Card Purchase,253.23,United Kingdom,Mobile
TX002185,20374,2026-07-08 02:37:14,Bank Transfer,153.45,United Kingdom,Mobile
TX002186,20369,2026-04-01 23:15:59,Card Purchase,217.87,United Kingdom,Online
TX002187,20368,2026-03-17 14:18:18,Direct Debit,350.57,Singapore,Card
TX002188,20207,2026-05-10 05:21:34,Card Purchase,146.17,United Kingdom,Card
TX002189,20511,2026-02-24 07:11:36,Direct Debit,1302.2,Nigeria,Mobile
TX002190,20412,2026-09-08 21:08:33,Card Purchase,45.29,France,Online
TX002191,20264,2026-10-10 13:10:04,Card Purchase,40.54,United Kingdom,Mobile
TX002192,20515,2026-10-17 18:34:26,Card Purchase,36.92,United Kingdom,Card
TX002193,20112,2026-03-08 18:59:36,Cash Withdrawal,325.99,United Kingdom,Card
TX002194,20541,2026-05-09 08:53:54,Direct Debit,99.18,UAE,Online
TX002195,20130,2026-02-08 12:19:25,Card Purchase,66.05,United Kingdom,Online
TX002196,20075,2026-05-02 10:03:16,Card Purchase,87.75,United Kingdom,Online
TX002197,20675,2026-05-18 21:21:28,Card Purchase,32.02,United Kingdom,Online
TX002198,20609,2026-07-16 02:08:28,Card Purchase,729.05,United Kingdom,Online
TX002199,20274,2026-09-01 00:08:21,Card Purchase,96.46,United Kingdom,Card
TX002200,20275,2026-05-03 07:28:06,Bank Transfer,10.4,United Kingdom,Card
TX002201,20527,2026-07-25 15:00:49,Card Purchase,22.28,United Kingdom,Online
TX002202,20036,2026-10-01 01:27:35,Card Purchase,63.38,Spain,ATM
TX002203,20455,2026-12-26 02:14:30,Cash Withdrawal,17307.73,United Kingdom,Branch
TX002204,20631,2026-12-12 10:33:58,Deposit,194.05,United Kingdom,Online
TX002205,20371,2026-02-24 10:21:49,Card Purchase,136.34,Netherlands,ATM
TX002206,20571,2026-03-06 10:19:31,Bank Transfer,19.22,United Kingdom,Mobile
TX002207,20393,2026-05-06 11:04:24,Direct Debit,334.51,Germany,Branch
TX002208,20607,2026-09-01 11:30:33,Card Purchase,19.01,United Kingdom,Online
TX002209,20605,2026-09-22 09:44:11,Bank Transfer,56.9,UAE,Card
TX002210,20206,2026-04-04 16:00:07,Card Purchase,99.28,United Kingdom,Online
TX002211,20488,2026-08-24 18:20:02,Card Purchase,57.04,Germany,ATM
TX002212,20176,2026-02-24 04:19:26,Deposit,122.97,Nigeria,Card
TX002213,20497,2026-09-06 11:16:29,Card Purchase,94.31,United Kingdom,Card
TX002214,20543,2026-12-30 16:39:42,Card Purchase,26.77,United Kingdom,Online
TX002215,20584,2026-06-26 16:20:07,Card Purchase,59.04,United Kingdom,Online
TX002216,20585,2026-10-02 22:35:52,Deposit,37.61,UAE,Mobile
TX002217,20248,2026-04-21 00:07:37,Deposit,34.4,United Kingdom,Mobile
TX002218,20494,2026-04-12 16:11:43,Card Purchase,35.37,Netherlands,Mobile
TX002219,20217,2026-03-07 04:55:38,Card Purchase,18.71,Nigeria,Card
TX002220,20296,2026-03-14 18:08:24,Bank Transfer,119.52,United Kingdom,Branch
TX002221,20650,2026-07-29 09:37:27,Card Purchase,236.34,Singapore,Mobile
TX002222,20458,2026-02-12 23:03:56,Deposit,76.38,United Kingdom,Mobile
TX002223,20136,2026-06-12 22:13:07,Direct Debit,9.18,United Kingdom,Card
TX002224,20494,2026-04-19 03:26:52,Card Purchase,79.33,United Kingdom,Online
TX002225,20574,2026-10-23 17:07:59,Bank Transfer,237.04,United Kingdom,Card
TX002226,20557,2026-08-02 03:18:07,Card Purchase,66.46,United States,ATM
TX002227,20427,2026-04-30 01:39:03,Card Purchase,57.77,United Kingdom,Online
TX002228,20300,2026-07-12 13:59:50,Card Purchase,22.02,United Kingdom,Card
TX002229,20224,2026-11-16 08:09:16,Card Purchase,14910.55,United Kingdom,Online
TX002230,20062,2026-05-31 10:37:51,Card Purchase,171.9,Ireland,Online
TX002231,20094,2026-09-08 09:21:50,Card Purchase,82.82,United Kingdom,Mobile
TX002232,20171,2026-04-06 02:11:51,Card Purchase,253.87,United Kingdom,Online
TX002233,20319,2026-08-24 05:38:40,Deposit,43.24,United Kingdom,Mobile
TX002234,20619,2026-06-14 18:27:39,Bank Transfer,372.44,United Kingdom,Branch
TX002235,20483,2026-10-27 07:33:50,Card Purchase,236.53,United Kingdom,Card
TX002236,20014,2026-03-10 06:44:11,Cash Withdrawal,411.7,United Kingdom,Mobile
TX002237,20584,2026-02-21 02:17:24,Bank Transfer,11.53,United Kingdom,Card
TX002238,20591,2026-01-23 11:24:58,Card Purchase,94.34,United Kingdom,Mobile
TX002239,20374,2026-02-06 13:31:55,Card Purchase,152.32,Ireland,Online
TX002240,20573,2026-04-06 01:09:30,Deposit,89.23,United Kingdom,Online
TX002241,20238,2026-01-09 03:56:16,Card Purchase,78.55,France,ATM
TX002242,20231,2026-05-11 14:36:22,Bank Transfer,236.32,France,Online
TX002243,20270,2026-08-13 01:19:44,Bank Transfer,104.41,Netherlands,Mobile
TX002244,20477,2026-03-07 23:18:06,Card Purchase,61.72,United States,Online
TX002245,20234,2026-02-16 10:55:29,Card Purchase,13.26,Spain,Card
TX002246,20586,2026-06-23 04:07:31,Card Purchase,73.33,United Kingdom,Card
TX002247,20095,2026-12-07 04:30:33,Card Purchase,37.27,United Kingdom,Online
TX002248,20103,2026-08-10 22:54:37,Deposit,26.34,Nigeria,Card
TX002249,20524,2026-06-04 05:49:33,Direct Debit,81.27,United Kingdom,Branch
TX002250,20081,2026-06-19 21:53:22,Card Purchase,48.58,United Kingdom,Card
TX002251,20175,2026-07-10 04:07:48,Card Purchase,98.22,UAE,Mobile
TX002252,20548,2026-10-27 12:41:38,Cash Withdrawal,82.73,UAE,Online
TX002253,20332,2026-06-02 09:02:14,Card Purchase,118.27,United Kingdom,Online
TX002254,20403,2026-07-24 12:58:55,Direct Debit,95.73,United Kingdom,Online
TX002255,20221,2026-06-25 23:58:21,Bank Transfer,49.08,United Kingdom,Mobile
TX002256,20195,2026-11-01 13:28:35,Direct Debit,39.16,United Kingdom,Branch
TX002257,20272,2026-07-10 17:04:32,Deposit,31.94,Germany,Card
TX002258,20266,2026-11-22 12:03:50,Card Purchase,74.02,United States,Mobile
TX002259,20641,2026-09-07 13:56:49,Card Purchase,7.66,United Kingdom,Mobile
TX002260,20591,2026-01-24 22:42:05,Deposit,17.62,United Kingdom,Mobile
TX002261,20448,2026-08-02 23:59:35,Bank Transfer,233.79,France,Online
TX002262,20248,2026-07-03 00:07:09,Card Purchase,17.79,United Kingdom,Online
TX002263,20672,2026-07-03 23:05:37,Direct Debit,351.72,Netherlands,Online
TX002264,20181,2026-06-12 03:00:46,Card Purchase,28.8,United Kingdom,Mobile
TX002265,20037,2026-01-12 16:37:55,Direct Debit,766.07,Germany,Mobile
TX002266,20574,2026-04-26 14:42:18,Cash Withdrawal,39.45,United Kingdom,Card
TX002267,20665,2026-03-25 21:38:59,Bank Transfer,178.27,United Kingdom,Card
TX002268,20655,2026-06-12 13:46:43,Deposit,294.97,United Kingdom,Branch
TX002269,20419,2026-11-28 16:38:04,Cash Withdrawal,386.29,United Kingdom,Card
TX002270,20267,2026-02-02 16:03:04,Cash Withdrawal,210.06,France,Online
TX002271,20312,2026-06-23 04:19:52,Card Purchase,50.57,United States,Online
TX002272,20536,2026-12-10 08:49:52,Deposit,68.51,Ireland,Branch
TX002273,20516,2026-12-16 18:26:06,Direct Debit,101.51,UAE,Mobile
TX002274,20153,2026-05-28 19:58:44,Card Purchase,274.8,United Kingdom,Card
TX002275,20112,2026-01-01 17:09:52,Card Purchase,185.18,United Kingdom,Online
TX002276,20138,2026-06-12 05:20:32,Bank Transfer,35.18,United Kingdom,Mobile
TX002277,20366,2026-06-11 12:46:42,Bank Transfer,119.57,Singapore,ATM
TX002278,20520,2026-06-21 12:03:13,Card Purchase,123.1,Singapore,Mobile
TX002279,20302,2026-10-01 15:20:46,Card Purchase,98.2,United Kingdom,Mobile
TX002280,20590,2026-09-13 05:44:42,Card Purchase,47.75,France,Online
TX002281,20339,2026-11-28 02:53:29,Card Purchase,162.07,United States,Mobile
TX002282,20468,2026-10-16 02:29:54,Bank Transfer,265.5,United States,ATM
TX002283,20106,2026-06-06 17:27:45,Deposit,62.24,United Kingdom,Card
TX002284,20045,2026-01-25 10:01:07,Direct Debit,29.04,United Kingdom,Branch
TX002285,20395,2026-06-22 17:06:44,Bank Transfer,71.26,United Kingdom,Card
TX002286,20156,2026-03-29 21:29:16,Bank Transfer,18.13,United Kingdom,Card
TX002287,20315,2026-12-26 10:37:49,Card Purchase,98.58,Netherlands,Mobile
TX002288,20072,2026-05-17 01:20:30,Card Purchase,182.55,United Kingdom,ATM
TX002289,20030,2026-08-18 02:32:55,Bank Transfer,52.54,United Kingdom,Branch
TX002290,20131,2026-03-27 00:46:48,Card Purchase,149.43,Netherlands,Card
TX002291,20658,2026-12-11 10:49:28,Card Purchase,89.61,Germany,Card
TX002292,20132,2026-01-22 11:50:02,Card Purchase,214.9,France,Online
TX002293,20535,2026-07-11 19:35:26,Card Purchase,193.41,United Kingdom,Mobile
TX002294,20540,2026-03-31 07:54:12,Direct Debit,43.99,Netherlands,Card
TX002295,20015,2026-03-13 09:10:39,Bank Transfer,30.37,Nigeria,Mobile
TX002296,20177,2026-03-04 14:32:07,Direct Debit,237.4,UAE,Mobile
TX002297,20554,2026-06-15 17:51:58,Card Purchase,166.26,Netherlands,Mobile
TX002298,20092,2026-09-07 21:59:40,Cash Withdrawal,68.24,UAE,Mobile
TX002299,20335,2026-08-13 09:51:55,Cash Withdrawal,23.59,United Kingdom,Card
TX002300,20632,2026-07-07 09:43:11,Card Purchase,322.83,United Kingdom,Card
TX002301,20052,2026-05-15 09:56:51,Card Purchase,167.81,United Kingdom,Online
TX002302,20105,2026-02-17 07:40:32,Card Purchase,37.7,Ireland,Online
TX002303,20577,2026-08-28 12:12:39,Bank Transfer,38.74,United Kingdom,ATM
TX002304,20656,2026-10-19 03:44:53,Card Purchase,201.54,Singapore,Card
TX002305,20046,2026-08-07 01:58:15,Card Purchase,114.43,France,Online
TX002306,20200,2026-08-28 00:24:27,Bank Transfer,878.28,Germany,Card
TX002307,20380,2026-04-15 07:19:22,Card Purchase,203.17,Nigeria,ATM
TX002308,20400,2026-08-06 00:11:17,Bank Transfer,18.51,Nigeria,Card
TX002309,20322,2026-09-19 08:00:12,Card Purchase,92.12,United Kingdom,Card
TX002310,20130,2026-01-25 20:05:55,Card Purchase,30.37,United Kingdom,Mobile
TX002311,20470,2026-01-18 03:23:46,Card Purchase,589.27,Nigeria,Online
TX002312,20158,2026-10-28 04:46:35,Bank Transfer,258.11,Nigeria,Mobile
TX002313,20413,2026-06-26 08:12:26,Card Purchase,149.11,United Kingdom,Online
TX002314,20186,2026-07-16 10:05:12,Card Purchase,12.38,United Kingdom,Mobile
TX002315,20286,2026-04-30 06:42:44,Card Purchase,14.45,Germany,Card
TX002316,20628,2026-05-12 20:41:39,Card Purchase,227.42,France,Mobile
TX002317,20202,2026-12-07 19:28:24,Card Purchase,103.25,United Kingdom,Mobile
TX002318,20085,2026-02-14 10:53:29,Card Purchase,8.75,United Kingdom,Online
TX002319,20634,2026-06-27 16:20:34,Direct Debit,51.77,United Kingdom,Online
TX002320,20108,2026-07-06 23:17:28,Card Purchase,59.49,UAE,Online
TX002321,20611,2026-01-05 23:27:59,Deposit,103.88,United Kingdom,Mobile
TX002322,20225,2026-10-04 11:49:38,Direct Debit,38.42,Germany,Mobile
TX002323,20463,2026-10-25 10:44:34,Bank Transfer,82.45,Spain,Online
TX002324,20191,2026-03-13 21:50:38,Card Purchase,12231.37,France,Mobile
TX002325,20579,2026-07-12 14:52:38,Card Purchase,189.48,United Kingdom,Mobile
TX002326,20082,2026-02-20 17:00:50,Card Purchase,87.42,Ireland,Mobile
TX002327,20145,2026-04-05 08:32:58,Bank Transfer,396.68,Singapore,Card
TX002328,20298,2026-05-06 18:02:05,Card Purchase,147.42,United Kingdom,Online
TX002329,20127,2026-04-25 04:07:23,Card Purchase,242.84,United Kingdom,Card
TX002330,20225,2026-07-29 05:42:04,Card Purchase,38.55,United Kingdom,Mobile
TX002331,20447,2026-10-30 13:19:42,Deposit,52.49,UAE,Mobile
TX002332,20593,2026-12-27 08:27:31,Card Purchase,97.56,Spain,Card
TX002333,20519,2026-04-18 09:45:58,Direct Debit,38.69,United Kingdom,Card
TX002334,20405,2026-12-25 09:50:35,Direct Debit,169.09,United Kingdom,Mobile
TX002335,20369,2026-10-08 13:44:09,Bank Transfer,42.94,United Kingdom,ATM
TX002336,20561,2026-12-15 12:54:46,Direct Debit,43.96,United Kingdom,Mobile
TX002337,20328,2026-01-11 02:38:11,Card Purchase,19555.67,United Kingdom,Online
TX002338,20656,2026-07-24 05:48:28,Deposit,15.15,Ireland,Mobile
TX002339,20514,2026-08-14 16:30:54,Direct Debit,35.82,United Kingdom,ATM
TX002340,20275,2026-07-31 16:05:31,Card Purchase,239.83,Nigeria,Online
TX002341,20504,2026-08-26 10:58:57,Card Purchase,74.84,United Kingdom,Card
TX002342,20299,2026-02-20 03:20:31,Card Purchase,290.67,Germany,Online
TX002343,20025,2026-10-31 20:52:17,Bank Transfer,88.64,United Kingdom,Card
TX002344,20627,2026-06-12 15:22:10,Card Purchase,58.74,United Kingdom,Card
TX002345,20506,2026-06-20 17:40:51,Card Purchase,277.98,United States,Online
TX002346,20225,2026-05-17 15:57:07,Bank Transfer,38.52,United Kingdom,Mobile
TX002347,20021,2026-03-12 02:41:01,Card Purchase,86.77,United Kingdom,Mobile
TX002348,20293,2026-01-26 07:24:37,Bank Transfer,62.15,France,Online
TX002349,20596,2026-02-04 10:46:25,Card Purchase,32.94,UAE,ATM
TX002350,20456,2026-02-01 15:05:42,Deposit,96.87,Ireland,Card
TX002351,20493,2026-01-07 12:47:42,Card Purchase,130.33,United Kingdom,Card
TX002352,20370,2026-03-15 06:41:32,Card Purchase,1651.51,United Kingdom,Mobile
TX002353,20469,2026-06-13 12:23:09,Card Purchase,91.97,Ireland,ATM
TX002354,20308,2026-03-27 11:06:40,Direct Debit,81.08,Spain,Branch
TX002355,20458,2026-02-16 02:54:44,Cash Withdrawal,174.38,France,Mobile
TX002356,20525,2026-11-26 21:51:35,Card Purchase,195.31,United Kingdom,Mobile
TX002357,20184,2026-10-21 21:09:14,Bank Transfer,40.3,United Kingdom,Card
TX002358,20350,2026-05-08 17:41:56,Bank Transfer,53.03,United Kingdom,Online
TX002359,20530,2026-04-14 21:27:56,Card Purchase,155.55,United Kingdom,Card
TX002360,20051,2026-12-13 09:00:07,Direct Debit,50.56,France,Mobile
TX002361,20056,2026-09-07 03:35:02,Card Purchase,433.12,UAE,Card
TX002362,20542,2026-02-25 19:31:21,Bank Transfer,228.23,United Kingdom,Mobile
TX002363,20523,2026-06-07 07:17:38,Direct Debit,47.22,United Kingdom,ATM
TX002364,20401,2026-12-15 09:08:26,Direct Debit,16.17,Germany,Online
TX002365,20556,2026-08-03 21:15:26,Bank Transfer,89.34,United Kingdom,Online
TX002366,20030,2026-06-15 21:21:37,Card Purchase,120.71,United Kingdom,Online
TX002367,20546,2026-12-14 16:41:54,Direct Debit,53.0,United Kingdom,Online
TX002368,20601,2026-12-15 12:21:09,Bank Transfer,149.89,United Kingdom,Mobile
TX002369,20571,2026-03-29 23:10:29,Cash Withdrawal,68.5,United Kingdom,Mobile
TX002370,20542,2026-09-01 05:32:25,Direct Debit,20.99,UAE,Online
TX002371,20662,2026-08-09 15:57:28,Bank Transfer,336.93,United Kingdom,Mobile
TX002372,20641,2026-03-26 13:59:49,Deposit,228.45,Germany,Card
TX002373,20292,2026-06-10 10:54:20,Deposit,104.85,United Kingdom,Card
TX002374,20280,2026-08-22 13:36:15,Bank Transfer,76.69,United Kingdom,Online
TX002375,20430,2026-09-14 04:02:17,Card Purchase,94.29,Ireland,Card
TX002376,20475,2026-12-07 18:08:20,Bank Transfer,10.64,United States,ATM
TX002377,20424,2026-05-31 00:31:55,Deposit,99.15,United Kingdom,Mobile
TX002378,20397,2026-09-26 01:01:36,Bank Transfer,37.02,Nigeria,Online
TX002379,20277,2026-04-13 22:32:35,Card Purchase,158.67,United Kingdom,Online
TX002380,20472,2026-09-24 22:35:31,Bank Transfer,296.92,United Kingdom,Mobile
TX002381,20364,2026-08-19 08:51:12,Direct Debit,467.32,United Kingdom,Online
TX002382,20514,2026-04-17 00:09:59,Direct Debit,41.13,United Kingdom,Online
TX002383,20666,2026-09-12 18:02:13,Card Purchase,17.56,United Kingdom,Mobile
TX002384,20198,2026-09-02 02:46:55,Card Purchase,332.51,Spain,ATM
TX002385,20169,2026-12-01 09:01:55,Bank Transfer,210.78,Spain,Mobile
TX002386,20514,2026-09-06 10:21:31,Card Purchase,113.0,Nigeria,Card
TX002387,20429,2026-06-30 16:21:29,Bank Transfer,1030.6,United Kingdom,Online
TX002388,20357,2026-04-27 16:56:29,Bank Transfer,162.98,United Kingdom,ATM
TX002389,20065,2026-06-08 03:39:29,Card Purchase,276.14,United Kingdom,Card
TX002390,20520,2026-08-11 03:54:37,Bank Transfer,27.63,United Kingdom,Online
TX002391,20569,2026-07-28 18:25:32,Card Purchase,217.68,United Kingdom,Online
TX002392,20280,2026-08-14 15:10:22,Bank Transfer,8.39,United Kingdom,Mobile
TX002393,20294,2026-07-06 14:45:30,Direct Debit,119.65,United Kingdom,Card
TX002394,20275,2026-12-31 07:55:41,Bank Transfer,327.6,United Kingdom,Online
TX002395,20583,2026-02-09 22:33:24,Deposit,41.46,United Kingdom,Card
TX002396,20326,2026-03-29 20:58:31,Direct Debit,85.89,United Kingdom,Online
TX002397,20260,2026-01-25 22:26:59,Card Purchase,195.16,United Kingdom,Card
TX002398,20550,2026-03-31 08:00:37,Bank Transfer,97.39,United Kingdom,Mobile
TX002399,20524,2026-09-14 01:46:02,Deposit,88.07,United Kingdom,Mobile
TX002400,20163,2026-05-03 11:12:01,Card Purchase,216.66,United Kingdom,Card
TX002401,20595,2026-09-29 04:26:29,Card Purchase,190.55,United Kingdom,Card
TX002402,20195,2026-11-26 21:17:48,Direct Debit,158.43,United Kingdom,Online
TX002403,20278,2026-11-02 15:52:06,Direct Debit,241.82,United Kingdom,Card
TX002404,20645,2026-08-20 21:29:03,Card Purchase,92.7,Germany,ATM
TX002405,20625,2026-01-07 01:48:19,Bank Transfer,225.15,United Kingdom,Card
TX002406,20148,2026-02-05 23:55:36,Cash Withdrawal,28.78,United Kingdom,Card
TX002407,20599,2026-10-21 21:33:25,Deposit,433.85,United Kingdom,Mobile
TX002408,20400,2026-03-05 01:01:38,Bank Transfer,68.73,United States,Online
TX002409,20472,2026-09-28 03:07:38,Card Purchase,220.14,United Kingdom,Mobile
TX002410,20351,2026-09-22 17:59:57,Direct Debit,79.84,Spain,Card
TX002411,20251,2026-10-29 05:59:56,Direct Debit,314.98,United Kingdom,Mobile
TX002412,20547,2026-03-06 04:14:02,Card Purchase,109.26,Ireland,Online
TX002413,20273,2026-01-19 04:40:48,Deposit,29.77,United Kingdom,Branch
TX002414,20667,2026-07-24 08:05:37,Card Purchase,18.27,Spain,Online
TX002415,20197,2026-02-26 21:23:53,Cash Withdrawal,39.23,United Kingdom,Mobile
TX002416,20570,2026-08-28 12:00:15,Bank Transfer,786.56,United States,Online
TX002417,20540,2026-01-20 00:50:59,Card Purchase,446.73,United Kingdom,Mobile
TX002418,20137,2026-06-13 10:55:41,Card Purchase,221.55,United Kingdom,Online
TX002419,20674,2026-01-11 21:36:18,Card Purchase,61.34,Nigeria,Mobile
TX002420,20135,2026-06-20 03:04:21,Bank Transfer,53.51,United Kingdom,Card
TX002421,20638,2026-06-02 12:00:59,Cash Withdrawal,429.79,United Kingdom,Mobile
TX002422,20549,2026-07-25 22:47:49,Direct Debit,135.12,Singapore,Card
TX002423,20428,2026-10-05 13:24:24,Card Purchase,36.48,United Kingdom,Mobile
TX002424,20547,2026-07-06 15:46:47,Card Purchase,29.03,UAE,Online
TX002425,20004,2026-11-30 08:34:28,Direct Debit,149.85,United Kingdom,Branch
TX002426,20531,2026-01-17 16:26:32,Card Purchase,308.9,Ireland,Mobile
TX002427,20301,2026-03-01 05:10:05,Card Purchase,14.2,United Kingdom,Branch
TX002428,20001,2026-11-29 13:24:48,Direct Debit,47.07,United Kingdom,Card
TX002429,20519,2026-03-24 21:24:23,Direct Debit,27.46,Nigeria,Mobile
TX002430,20075,2026-05-05 20:35:32,Bank Transfer,428.83,United Kingdom,Card
TX002431,20590,2026-07-23 22:06:08,Card Purchase,111.82,United Kingdom,ATM
TX002432,20474,2026-12-19 22:48:41,Card Purchase,143.03,Ireland,Card
TX002433,20326,2026-05-04 08:33:42,Cash Withdrawal,73.31,United Kingdom,Mobile
TX002434,20113,2026-01-08 22:45:53,Cash Withdrawal,164.57,United Kingdom,Mobile
TX002435,20485,2026-02-19 18:51:25,Cash Withdrawal,32.01,United Kingdom,Online
TX002436,20234,2026-06-01 17:52:43,Direct Debit,96.52,United Kingdom,Card
TX002437,20345,2026-11-15 18:08:45,Cash Withdrawal,66.82,United Kingdom,Mobile
TX002438,20628,2026-03-26 07:11:29,Card Purchase,61.35,United Kingdom,Mobile
TX002439,20156,2026-01-16 16:23:30,Card Purchase,234.27,United Kingdom,Mobile
TX002440,20186,2026-06-12 17:19:35,Bank Transfer,75.97,United Kingdom,Online
TX002441,20276,2026-08-25 03:04:54,Cash Withdrawal,287.29,United Kingdom,Card
TX002442,20584,2026-04-27 21:05:52,Bank Transfer,96.31,Netherlands,Card
TX002443,20591,2026-03-17 10:56:14,Card Purchase,102.5,Netherlands,Branch
TX002444,20581,2026-10-15 03:11:06,Bank Transfer,53.26,United States,Online
TX002445,20374,2026-03-05 04:45:42,Deposit,60.95,Germany,ATM
TX002446,20349,2026-03-31 08:44:41,Deposit,237.33,United Kingdom,ATM
TX002447,20117,2026-03-29 06:11:11,Card Purchase,9.85,United States,Online
TX002448,20436,2026-11-26 14:38:21,Cash Withdrawal,272.95,Germany,Mobile
TX002449,20492,2026-12-11 11:55:45,Bank Transfer,101.01,United Kingdom,ATM
TX002450,20577,2026-03-03 15:58:57,Deposit,162.2,France,Mobile
TX002451,20490,2026-03-05 10:50:12,Direct Debit,86.26,Nigeria,Online
TX002452,20081,2026-08-26 01:28:10,Card Purchase,44.29,United Kingdom,Mobile
TX002453,20580,2026-04-19 16:39:49,Deposit,38.94,United Kingdom,Card
TX002454,20290,2026-05-11 05:47:28,Card Purchase,77.9,Nigeria,ATM
TX002455,20394,2026-09-11 12:26:59,Bank Transfer,149.95,France,Mobile
TX002456,20299,2026-12-09 13:12:17,Cash Withdrawal,376.38,France,Mobile
TX002457,20409,2026-11-15 17:58:41,Direct Debit,114.61,United States,Online
TX002458,20028,2026-05-04 20:06:52,Bank Transfer,353.55,United Kingdom,ATM
TX002459,20118,2026-10-02 07:48:49,Card Purchase,156.31,United Kingdom,Mobile
TX002460,20063,2026-03-05 15:39:56,Bank Transfer,202.73,United Kingdom,Online
TX002461,20405,2026-09-29 16:06:00,Direct Debit,151.9,United Kingdom,Online
TX002462,20360,2026-10-25 22:19:43,Bank Transfer,66.24,Germany,Online
TX002463,20573,2026-04-10 05:25:17,Deposit,263.36,United Kingdom,Card
TX002464,20639,2026-10-12 01:22:43,Cash Withdrawal,292.36,United Kingdom,Card
TX002465,20657,2026-08-17 22:47:21,Bank Transfer,29.34,France,Mobile
TX002466,20352,2026-12-22 05:47:02,Bank Transfer,43.43,Spain,Card
TX002467,20159,2026-08-10 00:13:36,Direct Debit,255.86,United Kingdom,Mobile
TX002468,20400,2026-07-06 12:22:49,Bank Transfer,55.23,Ireland,Mobile
TX002469,20455,2026-12-08 15:55:13,Deposit,166.18,United States,Online
TX002470,20090,2026-09-06 07:31:12,Card Purchase,36.09,Spain,Online
TX002471,20458,2026-11-27 06:41:40,Bank Transfer,36.14,Nigeria,Branch
TX002472,20341,2026-12-20 09:10:58,Card Purchase,8.44,Ireland,Branch
TX002473,20393,2026-04-11 21:26:57,Bank Transfer,140.86,United Kingdom,Online
TX002474,20344,2026-06-03 21:14:44,Card Purchase,89.06,United Kingdom,Mobile
TX002475,20370,2026-10-03 00:27:43,Card Purchase,76.74,United Kingdom,Mobile
TX002476,20376,2026-04-01 22:02:22,Card Purchase,54.0,UAE,Mobile
TX002477,20597,2026-05-14 05:08:06,Card Purchase,25.34,UAE,Branch
TX002478,20563,2026-08-05 13:28:14,Card Purchase,83.22,United Kingdom,Online
TX002479,20253,2026-04-20 09:11:30,Card Purchase,49.01,United Kingdom,Mobile
TX002480,20002,2026-04-04 21:48:46,Bank Transfer,198.69,Germany,ATM
TX002481,20462,2026-12-22 05:18:18,Direct Debit,56.48,United Kingdom,Card
TX002482,20640,2026-05-02 10:30:12,Cash Withdrawal,60.79,Germany,Card
TX002483,20530,2026-02-18 19:46:44,Bank Transfer,337.54,United Kingdom,Card
TX002484,20478,2026-03-05 15:48:09,Direct Debit,71.33,Ireland,Online
TX002485,20474,2026-11-14 12:10:02,Deposit,97.24,United Kingdom,Mobile
TX002486,20402,2026-06-15 03:34:41,Card Purchase,83.67,United Kingdom,Mobile
TX002487,20235,2026-03-29 06:12:04,Card Purchase,112.27,United Kingdom,Mobile
TX002488,20586,2026-12-09 09:17:19,Deposit,322.95,Spain,Card
TX002489,20319,2026-08-02 07:51:58,Card Purchase,160.6,United Kingdom,Branch
TX002490,20214,2026-03-31 02:01:26,Card Purchase,140.9,United Kingdom,Mobile
TX002491,20312,2026-12-31 06:21:27,Card Purchase,68.82,Ireland,Online
TX002492,20218,2026-01-05 15:31:44,Card Purchase,200.72,Nigeria,Mobile
TX002493,20437,2026-09-10 10:16:33,Card Purchase,95.19,United Kingdom,Card
TX002494,20503,2026-02-24 13:38:15,Deposit,152.53,United States,Online
TX002495,20488,2026-12-08 06:56:04,Card Purchase,151.81,United Kingdom,Online
TX002496,20306,2026-05-23 17:15:29,Bank Transfer,6.72,Ireland,Card
TX002497,20568,2026-11-10 04:18:42,Direct Debit,22.15,United Kingdom,Online
TX002498,20595,2026-06-18 00:39:33,Bank Transfer,85.58,UAE,Card
TX002499,20167,2026-01-23 13:12:45,Direct Debit,76.62,Ireland,Online
TX002500,20081,2026-06-13 04:15:39,Bank Transfer,164.81,United Kingdom,Online
TX002501,20663,2026-04-10 19:03:19,Card Purchase,134.84,United Kingdom,ATM
TX002502,20438,2026-04-01 08:36:31,Card Purchase,165.8,United Kingdom,Online
TX002503,20083,2026-08-25 20:58:44,Card Purchase,1215.51,United Kingdom,Card
TX002504,20292,2026-11-04 18:58:59,Card Purchase,40.36,Ireland,Mobile
TX002505,20060,2026-07-04 02:28:27,Card Purchase,24.2,UAE,Card
TX002506,20144,2026-04-10 15:54:50,Card Purchase,19.05,United Kingdom,Mobile
TX002507,20515,2026-09-08 15:42:23,Deposit,159.66,United Kingdom,Card
TX002508,20390,2026-09-04 18:27:50,Direct Debit,155.59,United Kingdom,Online
TX002509,20076,2026-06-15 20:35:38,Deposit,1493.21,United Kingdom,Online
TX002510,20264,2026-08-11 22:45:36,Deposit,219.52,United States,Card
TX002511,20220,2026-01-12 15:36:57,Card Purchase,86.95,United Kingdom,Card
TX002512,20550,2026-10-18 09:48:36,Cash Withdrawal,24.65,Ireland,Mobile
TX002513,20533,2026-10-25 10:26:31,Card Purchase,6.93,United Kingdom,Card
TX002514,20145,2026-02-07 12:15:16,Deposit,19988.45,Netherlands,Mobile
TX002515,20551,2026-02-08 20:34:25,Card Purchase,140.32,United Kingdom,Online
TX002516,20561,2026-11-15 21:49:34,Card Purchase,405.95,Ireland,Card
TX002517,20323,2026-03-13 09:39:39,Card Purchase,124.83,United Kingdom,ATM
TX002518,20432,2026-10-10 03:35:14,Bank Transfer,39.45,Ireland,Branch
TX002519,20509,2026-06-26 05:00:06,Card Purchase,77.82,United States,Card
TX002520,20308,2026-11-15 11:32:07,Card Purchase,132.32,UAE,ATM
TX002521,20072,2026-08-04 09:01:16,Card Purchase,21.31,Germany,Mobile
TX002522,20569,2026-01-28 00:00:42,Bank Transfer,140.65,United Kingdom,Online
TX002523,20563,2026-10-05 12:10:16,Card Purchase,137.33,Ireland,Branch
TX002524,20286,2026-12-04 16:48:31,Card Purchase,19.31,Ireland,Card
TX002525,20669,2026-03-03 18:07:05,Direct Debit,44.6,United Kingdom,Mobile
TX002526,20263,2026-07-30 23:47:51,Cash Withdrawal,43.77,France,Online
TX002527,20121,2026-07-14 17:21:29,Deposit,413.3,Singapore,ATM
TX002528,20009,2026-05-11 23:02:12,Card Purchase,646.38,France,Online
TX002529,20230,2026-04-12 20:34:45,Direct Debit,268.9,United Kingdom,Mobile
TX002530,20322,2026-11-29 22:29:59,Cash Withdrawal,255.66,United Kingdom,Mobile
TX002531,20497,2026-11-07 09:27:06,Bank Transfer,50.48,United Kingdom,Online
TX002532,20062,2026-06-09 11:02:38,Direct Debit,142.85,United Kingdom,Online
TX002533,20512,2026-03-25 10:49:17,Direct Debit,75.76,Ireland,ATM
TX002534,20383,2026-05-27 17:48:12,Direct Debit,8.23,United Kingdom,Card
TX002535,20266,2026-05-14 15:46:43,Card Purchase,78.66,Spain,Mobile
TX002536,20516,2026-11-24 01:22:01,Card Purchase,105.17,United Kingdom,Online
TX002537,20471,2026-01-17 13:23:15,Card Purchase,122.65,United Kingdom,ATM
TX002538,20421,2026-12-10 07:03:55,Card Purchase,48.44,Netherlands,Online
TX002539,20075,2026-04-11 11:18:08,Deposit,156.18,United Kingdom,Card
TX002540,20254,2026-12-19 11:49:09,Card Purchase,40.6,United Kingdom,Mobile
TX002541,20071,2026-11-10 12:43:07,Cash Withdrawal,271.88,Singapore,Online
TX002542,20547,2026-05-20 16:29:02,Card Purchase,85.67,Nigeria,Mobile
TX002543,20382,2026-08-23 19:17:34,Direct Debit,93.28,France,Online
TX002544,20573,2026-07-17 03:11:19,Card Purchase,54.76,United Kingdom,ATM
TX002545,20397,2026-02-09 08:22:25,Deposit,93.72,United Kingdom,ATM
TX002546,20444,2026-11-19 11:06:09,Card Purchase,85.37,UAE,Online
TX002547,20176,2026-01-28 13:54:56,Bank Transfer,57.86,Germany,Mobile
TX002548,20657,2026-03-24 11:22:11,Card Purchase,133.74,United States,Mobile
TX002549,20604,2026-09-04 04:55:57,Card Purchase,72.45,United Kingdom,Online
TX002550,20231,2026-08-03 23:57:21,Card Purchase,71.9,Singapore,Mobile
TX002551,20469,2026-07-11 10:35:26,Direct Debit,71.68,UAE,Mobile
TX002552,20662,2026-06-06 07:35:23,Deposit,87.38,United States,Online
TX002553,20083,2026-02-14 07:33:45,Card Purchase,14.3,United Kingdom,Mobile
TX002554,20384,2026-01-07 18:37:08,Deposit,10.09,United Kingdom,Online
TX002555,20412,2026-12-23 09:22:38,Deposit,125.3,United Kingdom,Online
TX002556,20606,2026-03-14 22:46:25,Cash Withdrawal,69.71,Netherlands,Mobile
TX002557,20362,2026-10-04 04:23:37,Cash Withdrawal,109.34,United Kingdom,Mobile
TX002558,20245,2026-06-12 10:26:31,Card Purchase,60.82,Spain,Mobile
TX002559,20288,2026-09-24 17:36:56,Card Purchase,166.69,United Kingdom,Online
TX002560,20542,2026-10-23 01:52:01,Card Purchase,136.84,United Kingdom,Card
TX002561,20220,2026-05-15 15:43:15,Cash Withdrawal,42.95,United Kingdom,Online
TX002562,20505,2026-09-17 06:13:50,Direct Debit,164.49,United Kingdom,Online
TX002563,20461,2026-08-19 09:39:44,Card Purchase,20.79,Germany,Online
TX002564,20046,2026-07-14 04:40:52,Bank Transfer,245.99,United Kingdom,Online
TX002565,20114,2026-11-28 16:01:50,Card Purchase,169.07,Singapore,Card
TX002566,20208,2026-03-09 03:26:32,Card Purchase,101.25,Germany,Branch
TX002567,20347,2026-03-13 17:26:57,Direct Debit,78.18,United States,Mobile
TX002568,20627,2026-12-16 15:55:48,Direct Debit,113.55,United Kingdom,Mobile
TX002569,20209,2026-04-30 17:28:04,Card Purchase,74.22,Germany,Branch
TX002570,20111,2026-03-15 07:49:46,Bank Transfer,50.22,Singapore,ATM
TX002571,20385,2026-04-06 18:11:27,Card Purchase,11.29,Nigeria,Mobile
TX002572,20461,2026-12-27 10:57:03,Direct Debit,36.91,United Kingdom,Mobile
TX002573,20228,2026-10-05 15:29:23,Deposit,36.49,Netherlands,Mobile
TX002574,20533,2026-06-14 13:00:00,Card Purchase,136.87,United Kingdom,Online
TX002575,20255,2026-11-18 20:14:03,Card Purchase,14.94,France,Mobile
TX002576,20477,2026-06-15 03:55:37,Card Purchase,161.95,United States,Mobile
TX002577,20256,2026-10-01 07:27:34,Bank Transfer,50.43,France,Card
TX002578,20187,2026-09-25 00:40:52,Card Purchase,10.23,United Kingdom,Mobile
TX002579,20213,2026-06-19 15:29:22,Deposit,16.11,Singapore,Online
TX002580,20471,2026-03-29 04:52:46,Card Purchase,154.33,Singapore,Mobile
TX002581,20517,2026-05-06 09:03:54,Card Purchase,161.26,United Kingdom,Mobile
TX002582,20182,2026-07-01 11:50:49,Direct Debit,481.68,United Kingdom,Online
TX002583,20595,2026-08-31 10:19:05,Direct Debit,42.59,Nigeria,Mobile
TX002584,20410,2026-11-30 04:39:04,Card Purchase,200.57,Nigeria,Mobile
TX002585,20104,2026-05-23 20:26:03,Card Purchase,145.12,United Kingdom,Mobile
TX002586,20509,2026-09-23 04:40:49,Deposit,62.98,United Kingdom,Mobile
TX002587,20201,2026-11-02 14:07:15,Card Purchase,154.38,United Kingdom,Card
TX002588,20525,2026-12-08 02:44:09,Card Purchase,691.16,United Kingdom,Branch
TX002589,20006,2026-07-24 11:29:00,Direct Debit,16.72,United States,Card
TX002590,20578,2026-07-21 05:48:56,Bank Transfer,59.32,United Kingdom,Mobile
TX002591,20463,2026-11-23 08:56:09,Card Purchase,378.91,United Kingdom,Online
TX002592,20425,2026-10-06 05:09:33,Card Purchase,9.02,Nigeria,Card
TX002593,20504,2026-11-10 06:50:28,Card Purchase,16.65,United Kingdom,Card
TX002594,20461,2026-07-19 00:46:42,Direct Debit,113.81,United States,ATM
TX002595,20333,2026-09-19 11:32:52,Card Purchase,142.86,United Kingdom,Mobile
TX002596,20641,2026-08-06 08:24:07,Bank Transfer,58.02,United Kingdom,Mobile
TX002597,20397,2026-04-11 01:34:46,Card Purchase,94.7,Nigeria,Mobile
TX002598,20455,2026-08-10 06:18:09,Card Purchase,36.23,France,Online
TX002599,20622,2026-12-31 00:53:41,Deposit,35.74,United Kingdom,Card
TX002600,20531,2026-06-18 09:26:13,Bank Transfer,226.58,Germany,Mobile
TX002601,20150,2026-04-03 19:05:10,Card Purchase,161.8,United Kingdom,Branch
TX002602,20217,2026-06-20 11:07:04,Direct Debit,18.26,United Kingdom,Card
TX002603,20558,2026-10-10 04:39:14,Card Purchase,92.91,United Kingdom,Card
TX002604,20658,2026-07-09 22:24:06,Card Purchase,118.71,UAE,Card
TX002605,20008,2026-05-17 12:25:50,Bank Transfer,530.79,Ireland,Branch
TX002606,20607,2026-04-21 15:54:59,Bank Transfer,236.49,UAE,Card
TX002607,20187,2026-09-08 07:38:41,Deposit,43.44,United Kingdom,Online
TX002608,20312,2026-06-30 17:05:04,Card Purchase,765.55,United Kingdom,Mobile
TX002609,20646,2026-07-19 12:02:00,Deposit,21.23,Germany,Mobile
TX002610,20251,2026-09-19 10:52:09,Bank Transfer,78.56,United Kingdom,Branch
TX002611,20177,2026-11-05 22:17:22,Card Purchase,44.91,United Kingdom,Online
TX002612,20007,2026-06-04 13:12:17,Bank Transfer,78.31,UAE,ATM
TX002613,20129,2026-01-16 13:27:22,Card Purchase,42.13,France,Online
TX002614,20007,2026-12-22 18:42:52,Bank Transfer,66.87,United Kingdom,Mobile
TX002615,20220,2026-09-03 09:27:18,Deposit,42.28,United Kingdom,Card
TX002616,20138,2026-07-13 11:25:55,Card Purchase,307.53,United Kingdom,Card
TX002617,20531,2026-02-18 05:15:22,Card Purchase,207.75,United Kingdom,Online
TX002618,20104,2026-05-21 19:29:36,Card Purchase,206.19,United Kingdom,Mobile
TX002619,20214,2026-10-24 15:36:45,Card Purchase,83.59,United Kingdom,ATM
TX002620,20116,2026-12-15 19:28:25,Deposit,308.8,Nigeria,Card
TX002621,20587,2026-10-17 12:31:44,Card Purchase,174.29,United Kingdom,Card
TX002622,20099,2026-12-20 03:43:04,Bank Transfer,224.57,United Kingdom,Branch
TX002623,20076,2026-07-26 16:43:12,Cash Withdrawal,87.25,United Kingdom,Mobile
TX002624,20453,2026-02-15 20:24:19,Card Purchase,146.45,Germany,Online
TX002625,20561,2026-08-26 00:54:57,Cash Withdrawal,76.61,United Kingdom,Card
TX002626,20577,2026-05-21 15:56:11,Card Purchase,13.9,United Kingdom,Card
TX002627,20044,2026-03-31 05:46:19,Deposit,87.53,United Kingdom,Card
TX002628,20342,2026-01-16 13:01:29,Cash Withdrawal,70.01,Nigeria,Branch
TX002629,20130,2026-08-07 18:28:14,Direct Debit,75.55,Germany,Mobile
TX002630,20558,2026-04-25 20:25:42,Bank Transfer,42.26,United Kingdom,Online
TX002631,20564,2026-10-24 15:05:30,Card Purchase,363.31,France,Mobile
TX002632,20556,2026-05-21 06:25:39,Deposit,221.28,United Kingdom,Online
TX002633,20177,2026-09-29 02:18:23,Card Purchase,19.31,United Kingdom,Card
TX002634,20653,2026-09-30 04:30:59,Card Purchase,591.59,Nigeria,Online
TX002635,20125,2026-02-19 05:09:24,Bank Transfer,60.43,United Kingdom,Online
TX002636,20461,2026-03-24 04:39:52,Card Purchase,60.73,United Kingdom,Mobile
TX002637,20559,2026-01-30 14:58:03,Bank Transfer,5.37,United Kingdom,Mobile
TX002638,20187,2026-01-25 05:47:43,Card Purchase,39.72,France,Card
TX002639,20478,2026-01-19 02:45:20,Card Purchase,191.79,United Kingdom,Online
TX002640,20105,2026-06-30 06:28:23,Bank Transfer,113.4,United Kingdom,Online
TX002641,20309,2026-09-12 11:09:11,Direct Debit,303.79,Germany,Online
TX002642,20108,2026-02-12 02:07:16,Card Purchase,4.7,Ireland,Online
TX002643,20218,2026-03-16 07:44:50,Card Purchase,147.92,United Kingdom,Mobile
TX002644,20488,2026-11-26 03:45:05,Bank Transfer,40.22,United Kingdom,Mobile
TX002645,20290,2026-11-15 22:27:29,Card Purchase,27.94,Netherlands,Online
TX002646,20534,2026-02-24 00:58:31,Bank Transfer,219.48,United Kingdom,Mobile
TX002647,20141,2026-07-16 15:51:33,Bank Transfer,217.06,United Kingdom,ATM
TX002648,20434,2026-01-10 21:26:39,Bank Transfer,259.86,Netherlands,Online
TX002649,20408,2026-09-24 18:21:44,Direct Debit,171.76,United Kingdom,Mobile
TX002650,20577,2026-04-23 06:41:21,Bank Transfer,93.98,UAE,Branch
TX002651,20497,2026-09-07 13:35:35,Card Purchase,803.74,United States,ATM
TX002652,20401,2026-06-28 15:59:56,Card Purchase,60.27,UAE,Mobile
TX002653,20026,2026-01-11 19:21:27,Deposit,19.18,United Kingdom,Mobile
TX002654,20089,2026-05-28 14:26:16,Direct Debit,91.36,Singapore,Mobile
TX002655,20627,2026-11-25 08:13:26,Card Purchase,107.36,United Kingdom,Online
TX002656,20370,2026-07-10 21:31:08,Card Purchase,7.54,United Kingdom,Online
TX002657,20223,2026-09-23 15:52:48,Card Purchase,118.86,United Kingdom,Card
TX002658,20635,2026-12-10 02:11:53,Direct Debit,33.85,United Kingdom,Mobile
TX002659,20017,2026-10-10 04:44:10,Bank Transfer,59.62,Nigeria,Card
TX002660,20606,2026-10-27 08:57:51,Card Purchase,13.98,Singapore,Card
TX002661,20024,2026-06-29 05:46:38,Card Purchase,53.06,United Kingdom,Card
TX002662,20322,2026-08-11 01:36:50,Card Purchase,24.87,United Kingdom,ATM
TX002663,20371,2026-07-05 20:09:59,Card Purchase,59.87,Germany,Card
TX002664,20663,2026-10-31 02:36:05,Bank Transfer,158.18,Ireland,Online
TX002665,20003,2026-09-30 00:45:39,Cash Withdrawal,41.32,United States,Mobile
TX002666,20336,2026-09-17 20:31:08,Card Purchase,92.62,United Kingdom,Online
TX002667,20279,2026-11-24 17:53:47,Bank Transfer,212.82,United Kingdom,Mobile
TX002668,20596,2026-08-09 01:33:43,Deposit,10.74,Ireland,Online
TX002669,20392,2026-07-06 09:54:05,Direct Debit,407.68,Nigeria,Card
TX002670,20107,2026-10-02 17:00:19,Deposit,137.27,United Kingdom,Online
TX002671,20183,2026-05-02 22:37:04,Bank Transfer,94.6,United Kingdom,Branch
TX002672,20123,2026-02-24 15:51:28,Deposit,356.1,United Kingdom,Mobile
TX002673,20228,2026-12-23 23:48:10,Card Purchase,75.29,United Kingdom,Online
TX002674,20124,2026-02-02 23:41:46,Card Purchase,126.68,UAE,Mobile
TX002675,20030,2026-03-31 23:57:06,Deposit,225.32,United Kingdom,Card
TX002676,20194,2026-04-30 03:01:23,Card Purchase,263.79,Singapore,Mobile
TX002677,20568,2026-04-02 22:03:14,Card Purchase,95.62,United Kingdom,Mobile
TX002678,20571,2026-10-12 12:16:58,Card Purchase,40.37,United Kingdom,Card
TX002679,20341,2026-07-26 03:55:55,Bank Transfer,81.91,United Kingdom,Online
TX002680,20172,2026-12-16 00:04:12,Card Purchase,15.67,Germany,Card
TX002681,20449,2026-06-16 10:26:39,Bank Transfer,9514.2,United Kingdom,ATM
TX002682,20644,2026-10-29 09:33:12,Bank Transfer,592.29,United Kingdom,Branch
TX002683,20421,2026-12-12 08:27:42,Card Purchase,69.84,United Kingdom,Online
TX002684,20605,2026-09-14 18:38:44,Cash Withdrawal,64.11,Ireland,Card
TX002685,20527,2026-09-20 12:30:48,Card Purchase,323.94,United Kingdom,Mobile
TX002686,20224,2026-11-16 12:57:19,Bank Transfer,69.96,Singapore,Branch
TX002687,20459,2026-06-30 08:36:47,Direct Debit,799.95,United Kingdom,ATM
TX002688,20456,2026-07-09 18:54:52,Card Purchase,767.77,Nigeria,Online
TX002689,20487,2026-03-21 12:10:52,Bank Transfer,59.72,United Kingdom,Online
TX002690,20087,2026-01-15 06:41:16,Card Purchase,123.02,United Kingdom,Branch
TX002691,20201,2026-12-30 03:06:34,Card Purchase,49.91,United Kingdom,Online
TX002692,20264,2026-06-03 07:03:49,Direct Debit,12.3,United Kingdom,Mobile
TX002693,20373,2026-03-22 03:06:59,Card Purchase,29.53,Ireland,Mobile
TX002694,20206,2026-08-14 17:26:00,Card Purchase,37.43,UAE,Mobile
TX002695,20369,2026-01-15 14:38:58,Card Purchase,46.18,United Kingdom,Mobile
TX002696,20184,2026-08-01 19:42:01,Cash Withdrawal,187.21,Netherlands,Branch
TX002697,20578,2026-12-03 10:19:13,Card Purchase,172.01,United States,Card
TX002698,20115,2026-11-12 02:21:53,Card Purchase,20.78,United Kingdom,Card
TX002699,20377,2026-02-26 17:07:34,Cash Withdrawal,46.16,United Kingdom,Mobile
TX002700,20174,2026-09-06 01:44:13,Bank Transfer,97.92,Ireland,Online
TX002701,20422,2026-09-12 19:03:17,Deposit,159.21,UAE,Online
TX002702,20276,2026-02-13 01:18:41,Card Purchase,84.73,United Kingdom,Mobile
TX002703,20092,2026-02-18 20:29:28,Bank Transfer,21.72,United Kingdom,Card
TX002704,20526,2026-09-08 16:08:07,Card Purchase,109.01,United Kingdom,Online
TX002705,20344,2026-12-11 10:14:05,Bank Transfer,294.22,United Kingdom,Mobile
TX002706,20102,2026-05-11 00:00:15,Bank Transfer,228.04,Nigeria,Card
TX002707,20584,2026-10-01 07:53:10,Bank Transfer,22.21,Singapore,Online
TX002708,20366,2026-01-17 19:40:21,Card Purchase,159.76,Spain,Card
TX002709,20090,2026-02-12 02:05:35,Card Purchase,85.23,France,Card
TX002710,20221,2026-10-19 08:37:42,Bank Transfer,93.69,United States,Online
TX002711,20179,2026-12-04 07:50:13,Card Purchase,20.16,United Kingdom,Online
TX002712,20110,2026-04-26 21:17:37,Card Purchase,591.15,United Kingdom,Mobile
TX002713,20639,2026-02-09 02:59:29,Direct Debit,69.52,United States,Branch
TX002714,20039,2026-05-08 10:34:54,Direct Debit,142.15,Nigeria,Mobile
TX002715,20350,2026-12-15 22:24:21,Card Purchase,47.4,United States,Card
TX002716,20492,2026-11-15 23:15:57,Deposit,47.92,United Kingdom,Branch
TX002717,20044,2026-11-17 22:32:26,Bank Transfer,192.78,United Kingdom,Online
TX002718,20417,2026-12-19 19:12:23,Bank Transfer,116.37,United Kingdom,Mobile
TX002719,20213,2026-12-26 07:12:33,Bank Transfer,39.58,United Kingdom,Mobile
TX002720,20274,2026-08-28 03:07:25,Card Purchase,21.96,United Kingdom,Mobile
TX002721,20345,2026-08-09 11:26:11,Bank Transfer,30.34,United Kingdom,Online
TX002722,20630,2026-11-24 06:33:21,Cash Withdrawal,47.42,Singapore,Card
TX002723,20666,2026-08-19 09:41:52,Bank Transfer,25.76,United Kingdom,Mobile
TX002724,20254,2026-04-13 01:56:45,Direct Debit,478.42,United Kingdom,Mobile
TX002725,20243,2026-06-28 20:49:21,Direct Debit,83.85,UAE,Online
TX002726,20649,2026-05-10 08:26:09,Card Purchase,108.22,United Kingdom,Mobile
TX002727,20061,2026-02-21 14:29:41,Bank Transfer,125.29,Netherlands,Mobile
TX002728,20169,2026-02-01 21:31:43,Card Purchase,348.22,United Kingdom,Online
TX002729,20410,2026-12-23 06:04:16,Card Purchase,290.67,Spain,Mobile
TX002730,20059,2026-04-05 15:05:49,Bank Transfer,24.55,UAE,Mobile
TX002731,20062,2026-04-25 12:58:28,Card Purchase,88.86,United Kingdom,Mobile
TX002732,20031,2026-08-03 19:37:55,Bank Transfer,69.33,France,Branch
TX002733,20484,2026-07-17 04:57:05,Card Purchase,27.4,Nigeria,Card
TX002734,20404,2026-09-16 10:00:55,Card Purchase,150.48,United Kingdom,Online
TX002735,20176,2026-05-30 20:36:42,Card Purchase,161.86,UAE,Card
TX002736,20538,2026-04-07 09:07:23,Bank Transfer,289.96,Singapore,Mobile
TX002737,20646,2026-06-25 01:04:42,Cash Withdrawal,77.83,United Kingdom,Card
TX002738,20098,2026-09-04 00:26:10,Card Purchase,170.17,United Kingdom,Branch
TX002739,20228,2026-11-27 04:55:12,Direct Debit,40.44,United States,Online
TX002740,20199,2026-10-12 06:40:22,Bank Transfer,108.71,United Kingdom,Online
TX002741,20619,2026-03-01 03:42:49,Card Purchase,86.1,Singapore,Online
TX002742,20059,2026-05-16 16:29:16,Cash Withdrawal,97.15,Germany,Card
TX002743,20659,2026-11-17 22:07:04,Bank Transfer,16.3,Ireland,Mobile
TX002744,20101,2026-11-03 10:58:53,Card Purchase,135.81,Germany,Mobile
TX002745,20611,2026-07-21 15:58:56,Bank Transfer,11.32,United States,Online
TX002746,20577,2026-03-27 11:55:13,Card Purchase,498.11,United States,Online
TX002747,20252,2026-09-03 14:10:30,Deposit,30.05,Singapore,Mobile
TX002748,20598,2026-12-15 04:36:37,Card Purchase,275.39,United Kingdom,Online
TX002749,20008,2026-02-02 11:20:39,Card Purchase,79.06,United States,Mobile
TX002750,20528,2026-10-22 10:51:43,Bank Transfer,119.23,Netherlands,Mobile
TX002751,20382,2026-01-31 23:25:11,Direct Debit,7.73,United Kingdom,Online
TX002752,20094,2026-05-10 19:40:33,Card Purchase,33.22,United Kingdom,Online
TX002753,20556,2026-01-01 23:07:13,Card Purchase,184.06,United Kingdom,Branch
TX002754,20587,2026-04-27 16:42:05,Bank Transfer,49.39,United Kingdom,Online
TX002755,20106,2026-05-22 18:38:10,Bank Transfer,107.84,United Kingdom,Branch
TX002756,20660,2026-12-30 16:44:17,Deposit,102.09,United Kingdom,Mobile
TX002757,20078,2026-09-10 19:12:03,Deposit,41.01,Spain,Mobile
TX002758,20389,2026-01-18 15:32:14,Card Purchase,490.86,UAE,Card
TX002759,20013,2026-08-15 19:06:43,Bank Transfer,103.37,United Kingdom,ATM
TX002760,20063,2026-05-25 06:12:34,Bank Transfer,59.7,United Kingdom,Mobile
TX002761,20109,2026-07-29 14:24:50,Card Purchase,78.76,United Kingdom,Mobile
TX002762,20151,2026-08-04 02:39:10,Direct Debit,82.59,United Kingdom,Online
TX002763,20239,2026-10-11 10:44:28,Deposit,73.82,United Kingdom,Card
TX002764,20618,2026-05-19 01:43:15,Cash Withdrawal,94.01,Ireland,Card
TX002765,20626,2026-04-11 09:43:50,Card Purchase,133.19,Nigeria,Online
TX002766,20174,2026-01-24 21:20:16,Deposit,340.77,United States,Card
TX002767,20330,2026-01-08 23:40:13,Card Purchase,44.35,Singapore,Mobile
TX002768,20573,2026-11-28 01:51:15,Card Purchase,112.48,Spain,Mobile
TX002769,20146,2026-02-23 16:54:29,Direct Debit,8.08,United Kingdom,Mobile
TX002770,20296,2026-07-05 11:51:37,Deposit,61.36,UAE,ATM
TX002771,20460,2026-10-26 00:47:38,Card Purchase,57.63,United Kingdom,Branch
TX002772,20127,2026-03-01 22:19:16,Card Purchase,54.31,Spain,Online
TX002773,20616,2026-08-30 10:14:26,Card Purchase,39.68,United Kingdom,Online
TX002774,20322,2026-05-24 23:24:02,Card Purchase,199.88,Germany,Card
TX002775,20171,2026-10-26 17:06:22,Deposit,161.07,United Kingdom,Online
TX002776,20619,2026-07-01 01:33:29,Card Purchase,263.61,Germany,Card
TX002777,20039,2026-06-17 14:14:57,Direct Debit,216.38,Germany,Mobile
TX002778,20582,2026-04-16 03:30:50,Card Purchase,22.36,Nigeria,Online
TX002779,20377,2026-06-11 21:57:51,Deposit,90.44,United States,Online
TX002780,20426,2026-01-01 22:09:42,Deposit,25.36,United Kingdom,Branch
TX002781,20472,2026-03-22 23:50:16,Direct Debit,92.24,United Kingdom,Online
TX002782,20226,2026-03-13 22:56:41,Bank Transfer,397.65,United Kingdom,Mobile
TX002783,20591,2026-06-27 01:22:42,Card Purchase,139.41,United Kingdom,Card
TX002784,20278,2026-09-23 04:10:04,Cash Withdrawal,427.37,Ireland,Card
TX002785,20173,2026-03-21 21:18:52,Deposit,185.92,United Kingdom,Card
TX002786,20574,2026-09-04 18:43:03,Direct Debit,560.45,United Kingdom,Online
TX002787,20357,2026-12-29 07:57:05,Direct Debit,109.88,United Kingdom,Mobile
TX002788,20137,2026-08-10 11:04:16,Bank Transfer,264.94,Germany,Mobile
TX002789,20452,2026-04-26 10:35:55,Card Purchase,42.04,United Kingdom,ATM
TX002790,20639,2026-07-27 17:41:29,Card Purchase,86.84,Ireland,Online
TX002791,20246,2026-10-17 04:47:40,Card Purchase,200.5,Netherlands,Mobile
TX002792,20184,2026-08-22 16:28:42,Direct Debit,169.37,United Kingdom,ATM
TX002793,20548,2026-06-12 20:01:17,Card Purchase,1474.04,United States,Online
TX002794,20647,2026-11-23 13:10:53,Direct Debit,106.91,France,Card
TX002795,20205,2026-03-29 14:07:15,Card Purchase,179.42,United Kingdom,Mobile
TX002796,20059,2026-05-27 18:15:19,Bank Transfer,22.52,United Kingdom,Online
TX002797,20415,2026-07-15 10:59:07,Direct Debit,7.85,United Kingdom,Online
TX002798,20161,2026-11-10 20:11:14,Bank Transfer,25.35,UAE,Card
TX002799,20055,2026-07-21 23:21:18,Card Purchase,114.41,Germany,Card
TX002800,20095,2026-11-06 04:23:52,Deposit,132.96,Nigeria,Branch
TX002801,20408,2026-08-04 23:22:26,Card Purchase,86.23,Ireland,Mobile
TX002802,20675,2026-09-28 16:01:50,Card Purchase,195.43,United Kingdom,Mobile
TX002803,20043,2026-06-01 03:34:41,Card Purchase,30.93,Nigeria,Online
TX002804,20372,2026-02-16 17:56:47,Bank Transfer,88.47,Nigeria,Mobile
TX002805,20280,2026-01-06 05:18:50,Card Purchase,144.69,United Kingdom,Card
TX002806,20214,2026-04-28 13:02:38,Direct Debit,320.96,United Kingdom,Card
TX002807,20370,2026-05-06 00:00:43,Card Purchase,443.22,United Kingdom,Card
TX002808,20540,2026-11-21 03:11:09,Card Purchase,201.61,United Kingdom,Card
TX002809,20095,2026-10-15 10:09:50,Deposit,98.09,United Kingdom,Mobile
TX002810,20166,2026-07-16 21:50:34,Card Purchase,260.83,United Kingdom,Mobile
TX002811,20249,2026-02-08 19:54:07,Card Purchase,57.01,United Kingdom,Branch
TX002812,20311,2026-04-23 15:28:00,Bank Transfer,72.98,United Kingdom,Online
TX002813,20297,2026-09-03 04:41:25,Card Purchase,22.72,United Kingdom,ATM
TX002814,20649,2026-12-12 23:06:33,Card Purchase,392.4,Spain,Card
TX002815,20455,2026-05-14 05:03:55,Bank Transfer,122.19,Germany,Card
TX002816,20099,2026-10-18 20:34:02,Direct Debit,2923.35,United Kingdom,Online
TX002817,20080,2026-06-21 18:27:40,Bank Transfer,116.07,United Kingdom,Online
TX002818,20001,2026-02-13 13:25:56,Direct Debit,788.85,United Kingdom,Card
TX002819,20357,2026-02-05 19:59:13,Card Purchase,115.22,Nigeria,Online
TX002820,20256,2026-12-08 20:49:18,Cash Withdrawal,166.94,Netherlands,Mobile
TX002821,20227,2026-04-26 17:19:18,Bank Transfer,55.94,United Kingdom,Online
TX002822,20317,2026-03-06 19:14:17,Card Purchase,171.89,United States,Mobile
TX002823,20523,2026-01-10 01:41:52,Deposit,111.07,United Kingdom,ATM
TX002824,20449,2026-01-10 15:24:49,Cash Withdrawal,24.77,United Kingdom,Online
TX002825,20382,2026-09-13 22:49:46,Bank Transfer,48.14,United Kingdom,Mobile
TX002826,20611,2026-12-29 11:11:32,Card Purchase,20.4,United Kingdom,ATM
TX002827,20500,2026-05-01 04:40:21,Card Purchase,55.82,UAE,ATM
TX002828,20526,2026-10-31 19:00:18,Bank Transfer,14.23,United Kingdom,Mobile
TX002829,20385,2026-10-18 07:03:21,Card Purchase,78.33,Germany,Online
TX002830,20144,2026-02-18 07:41:40,Card Purchase,46.96,Nigeria,Card
TX002831,20066,2026-11-05 07:56:13,Card Purchase,46.37,United Kingdom,Card
TX002832,20221,2026-06-12 03:26:14,Card Purchase,4.64,France,Mobile
TX002833,20563,2026-11-10 09:06:16,Card Purchase,392.82,United Kingdom,Mobile
TX002834,20495,2026-08-04 09:57:46,Card Purchase,120.04,France,Mobile
TX002835,20535,2026-12-12 14:11:12,Bank Transfer,171.14,UAE,ATM
TX002836,20530,2026-12-30 06:00:35,Card Purchase,368.9,United Kingdom,Mobile
TX002837,20081,2026-02-27 23:35:44,Bank Transfer,245.54,United Kingdom,Mobile
TX002838,20183,2026-05-13 03:58:47,Cash Withdrawal,75.9,Nigeria,Mobile
TX002839,20639,2026-10-26 09:00:17,Bank Transfer,169.03,United Kingdom,Online
TX002840,20269,2026-08-25 05:27:46,Direct Debit,38.19,United Kingdom,Online
TX002841,20301,2026-02-10 15:13:02,Direct Debit,177.21,United Kingdom,Card
TX002842,20123,2026-03-16 06:21:09,Bank Transfer,18.84,Singapore,Mobile
TX002843,20103,2026-11-20 17:25:05,Card Purchase,246.27,United Kingdom,Card
TX002844,20586,2026-11-27 22:04:24,Bank Transfer,68.87,United Kingdom,Mobile
TX002845,20074,2026-07-25 07:52:07,Card Purchase,182.39,Nigeria,Branch
TX002846,20160,2026-05-14 09:13:50,Direct Debit,113.65,Nigeria,Card
TX002847,20177,2026-03-23 07:28:33,Card Purchase,87.52,United Kingdom,Card
TX002848,20673,2026-01-23 04:52:15,Bank Transfer,114.7,Nigeria,Online
TX002849,20011,2026-12-13 22:27:54,Card Purchase,173.98,France,Mobile
TX002850,20381,2026-03-30 21:41:35,Deposit,79.16,United Kingdom,Card
TX002851,20539,2026-03-31 17:02:54,Card Purchase,46.39,UAE,Mobile
TX002852,20619,2026-11-21 22:11:52,Bank Transfer,109.65,United Kingdom,Online
TX002853,20010,2026-07-24 14:34:43,Card Purchase,139.9,Spain,Online
TX002854,20353,2026-07-07 06:55:33,Card Purchase,77.36,United Kingdom,Mobile
TX002855,20039,2026-08-13 18:10:42,Direct Debit,182.74,United Kingdom,ATM
TX002856,20241,2026-10-28 09:52:06,Bank Transfer,49.31,United Kingdom,Mobile
TX002857,20347,2026-04-08 11:43:02,Bank Transfer,109.26,United Kingdom,Online
TX002858,20542,2026-03-25 03:04:24,Direct Debit,77.12,United States,Online
TX002859,20104,2026-03-23 17:40:15,Card Purchase,373.44,Singapore,Card
TX002860,20392,2026-12-16 10:20:50,Direct Debit,161.54,United States,Mobile
TX002861,20338,2026-01-06 08:21:07,Card Purchase,243.72,France,Online
TX002862,20653,2026-12-24 23:01:54,Deposit,62.47,United Kingdom,Online
TX002863,20635,2026-09-12 20:21:06,Card Purchase,132.39,United States,Mobile
TX002864,20074,2026-10-25 17:49:22,Card Purchase,16.41,France,Online
TX002865,20564,2026-07-11 07:27:04,Card Purchase,21.55,UAE,Branch
TX002866,20378,2026-10-17 19:30:12,Card Purchase,33.94,United States,Mobile
TX002867,20652,2026-07-30 14:55:33,Card Purchase,390.92,United Kingdom,Card
TX002868,20051,2026-03-15 08:27:27,Card Purchase,52.95,United Kingdom,Card
TX002869,20499,2026-05-01 05:49:46,Card Purchase,15.65,United States,Online
TX002870,20477,2026-10-25 14:33:30,Direct Debit,62.91,United Kingdom,Branch
TX002871,20254,2026-06-19 13:51:11,Deposit,96.14,United Kingdom,Online
TX002872,20400,2026-10-10 23:00:19,Card Purchase,151.76,United Kingdom,Online
TX002873,20258,2026-08-17 05:36:28,Card Purchase,91.66,United Kingdom,Card
TX002874,20389,2026-08-10 02:08:00,Bank Transfer,51.61,Spain,Mobile
TX002875,20349,2026-09-13 02:23:46,Card Purchase,263.1,United Kingdom,Online
TX002876,20220,2026-04-16 17:30:24,Deposit,40.35,United Kingdom,Card
TX002877,20600,2026-05-13 21:11:35,Card Purchase,109.89,UAE,Mobile
TX002878,20503,2026-04-26 06:22:13,Cash Withdrawal,210.32,Nigeria,Branch
TX002879,20252,2026-09-04 01:01:30,Direct Debit,1584.43,United Kingdom,Card
TX002880,20035,2026-12-15 17:21:32,Card Purchase,47.43,United Kingdom,Mobile
TX002881,20070,2026-08-06 08:51:36,Card Purchase,157.01,United Kingdom,Online
TX002882,20216,2026-04-17 20:50:46,Deposit,187.38,United States,Online
TX002883,20573,2026-08-05 02:43:30,Deposit,358.08,Spain,Online
TX002884,20281,2026-11-27 03:04:40,Direct Debit,37.57,France,Card
TX002885,20249,2026-02-16 04:30:17,Card Purchase,396.48,United Kingdom,Mobile
TX002886,20171,2026-12-23 13:39:36,Direct Debit,55.14,United Kingdom,Online
TX002887,20350,2026-06-10 11:33:07,Card Purchase,81.54,United Kingdom,Online
TX002888,20336,2026-11-23 03:18:29,Direct Debit,301.04,United Kingdom,Online
TX002889,20572,2026-04-14 00:31:43,Card Purchase,496.31,United Kingdom,Online
TX002890,20268,2026-05-03 00:10:16,Bank Transfer,73.27,United Kingdom,Card
TX002891,20345,2026-08-10 12:43:38,Deposit,306.31,Spain,ATM
TX002892,20414,2026-01-05 11:26:21,Card Purchase,128.2,United States,Card
TX002893,20070,2026-08-21 08:32:35,Direct Debit,161.68,United Kingdom,Mobile
TX002894,20357,2026-03-10 21:33:35,Card Purchase,98.19,United Kingdom,Mobile
TX002895,20048,2026-09-24 04:03:05,Card Purchase,20.69,United Kingdom,Mobile
TX002896,20493,2026-01-28 09:42:04,Bank Transfer,126.52,United States,Card
TX002897,20459,2026-08-11 22:52:17,Bank Transfer,163.07,United Kingdom,Branch
TX002898,20171,2026-07-08 13:52:45,Card Purchase,206.12,United Kingdom,Card
TX002899,20435,2026-12-25 23:42:09,Bank Transfer,96.7,United Kingdom,Branch
TX002900,20051,2026-04-24 09:55:24,Card Purchase,293.74,United Kingdom,Card
TX002901,20026,2026-01-28 12:55:21,Card Purchase,192.25,United States,Card
TX002902,20599,2026-06-02 06:47:03,Card Purchase,255.79,United Kingdom,Mobile
TX002903,20285,2026-11-10 01:03:28,Card Purchase,169.52,Netherlands,Mobile
TX002904,20293,2026-09-04 19:11:57,Card Purchase,13.67,United Kingdom,Card
TX002905,20117,2026-10-27 16:29:03,Card Purchase,36.31,France,Card
TX002906,20447,2026-03-16 13:34:29,Card Purchase,41.98,United Kingdom,Mobile
TX002907,20615,2026-12-23 01:33:15,Direct Debit,85.81,United Kingdom,Online
TX002908,20344,2026-05-12 07:27:07,Card Purchase,165.36,France,Mobile
TX002909,20018,2026-10-20 08:23:51,Card Purchase,537.56,United States,Card
TX002910,20026,2026-04-22 09:10:07,Card Purchase,216.51,France,Card
TX002911,20190,2026-06-24 09:43:01,Bank Transfer,119.21,Nigeria,ATM
TX002912,20464,2026-06-23 08:37:55,Card Purchase,159.34,Netherlands,Mobile
TX002913,20006,2026-09-20 13:18:24,Bank Transfer,61.92,United Kingdom,ATM
TX002914,20171,2026-04-05 07:14:05,Card Purchase,22.84,United Kingdom,Branch
TX002915,20246,2026-12-19 15:51:56,Deposit,11.81,United Kingdom,ATM
TX002916,20281,2026-12-26 05:04:46,Direct Debit,339.3,United States,ATM
TX002917,20024,2026-02-03 11:00:26,Direct Debit,175.61,United Kingdom,Online
TX002918,20191,2026-04-22 04:20:39,Direct Debit,326.72,United Kingdom,Mobile
TX002919,20141,2026-07-10 17:53:36,Cash Withdrawal,65.98,United Kingdom,Online
TX002920,20641,2026-10-24 16:56:20,Card Purchase,128.26,United Kingdom,Mobile
TX002921,20338,2026-12-28 12:12:17,Direct Debit,72.46,United States,Card
TX002922,20243,2026-10-12 11:36:52,Deposit,104.22,Germany,Mobile
TX002923,20673,2026-10-31 09:29:42,Bank Transfer,190.42,United Kingdom,Mobile
TX002924,20539,2026-11-08 22:54:35,Card Purchase,94.13,United Kingdom,Mobile
TX002925,20552,2026-11-16 02:43:25,Card Purchase,41.72,United States,Branch
TX002926,20069,2026-08-07 00:51:17,Direct Debit,92.36,United Kingdom,Online
TX002927,20287,2026-03-21 20:31:56,Direct Debit,19.98,Ireland,Online
TX002928,20064,2026-04-20 16:52:41,Bank Transfer,49.1,United Kingdom,Online
TX002929,20121,2026-06-23 00:55:54,Bank Transfer,121.43,United Kingdom,Card
TX002930,20197,2026-09-26 09:29:07,Cash Withdrawal,10.26,United Kingdom,Card
TX002931,20076,2026-09-24 07:31:35,Cash Withdrawal,102.99,United Kingdom,ATM
TX002932,20311,2026-07-17 12:35:13,Card Purchase,58.92,United Kingdom,Card
TX002933,20601,2026-01-08 16:50:38,Direct Debit,142.92,United States,Mobile
TX002934,20301,2026-12-11 23:42:07,Card Purchase,27.17,United Kingdom,ATM
TX002935,20338,2026-07-30 17:52:01,Bank Transfer,62.47,United Kingdom,Mobile
TX002936,20113,2026-09-20 23:58:46,Direct Debit,3.19,United Kingdom,Card
TX002937,20009,2026-01-02 16:19:53,Card Purchase,52.61,Netherlands,Online
TX002938,20056,2026-04-04 02:56:02,Card Purchase,50.05,UAE,Mobile
TX002939,20602,2026-06-17 12:28:31,Bank Transfer,61.7,Spain,Mobile
TX002940,20328,2026-05-31 09:23:14,Direct Debit,45.16,Singapore,Mobile
TX002941,20487,2026-11-22 05:05:23,Card Purchase,42.76,United Kingdom,Mobile
TX002942,20370,2026-04-18 12:17:14,Card Purchase,78.28,United Kingdom,Card
TX002943,20557,2026-12-15 22:11:23,Card Purchase,122.73,France,Card
TX002944,20660,2026-05-09 17:19:47,Direct Debit,45.83,United Kingdom,Online
TX002945,20119,2026-06-09 06:19:01,Bank Transfer,20.14,Germany,Card
TX002946,20154,2026-11-09 17:22:57,Card Purchase,24.88,France,Mobile
TX002947,20396,2026-12-17 21:40:10,Card Purchase,116.39,United Kingdom,ATM
TX002948,20002,2026-09-17 03:34:17,Card Purchase,49.31,United Kingdom,Mobile
TX002949,20265,2026-10-31 10:46:51,Card Purchase,727.83,Spain,ATM
TX002950,20250,2026-03-02 09:53:04,Bank Transfer,94.7,United Kingdom,Mobile
TX002951,20483,2026-09-27 06:37:09,Direct Debit,19.2,United Kingdom,Mobile
TX002952,20333,2026-02-21 18:29:05,Card Purchase,119.87,United Kingdom,Mobile
TX002953,20226,2026-09-25 06:06:21,Deposit,92.83,United Kingdom,Online
TX002954,20632,2026-02-14 03:28:35,Bank Transfer,100.24,France,Branch
TX002955,20294,2026-10-15 04:24:34,Card Purchase,429.36,United Kingdom,ATM
TX002956,20174,2026-10-02 06:28:26,Card Purchase,147.98,United Kingdom,Online
TX002957,20026,2026-04-03 02:13:08,Direct Debit,92.86,France,Branch
TX002958,20295,2026-10-16 07:04:02,Bank Transfer,28.68,United Kingdom,Online
TX002959,20427,2026-10-02 21:47:00,Bank Transfer,58.19,Spain,Online
TX002960,20645,2026-10-15 10:24:07,Card Purchase,11.76,Ireland,Online
TX002961,20467,2026-10-03 02:33:50,Direct Debit,245.67,United Kingdom,Online
TX002962,20314,2026-11-22 09:37:09,Card Purchase,12.48,United States,Mobile
TX002963,20022,2026-01-21 21:44:46,Direct Debit,10.76,United Kingdom,Mobile
TX002964,20547,2026-06-26 23:31:20,Deposit,215.65,United Kingdom,Card
TX002965,20054,2026-08-15 13:10:36,Bank Transfer,17.67,United Kingdom,Card
TX002966,20294,2026-02-27 19:46:58,Cash Withdrawal,54.81,United Kingdom,ATM
TX002967,20298,2026-10-18 15:24:26,Bank Transfer,122.96,Germany,ATM
TX002968,20288,2026-08-22 04:38:20,Card Purchase,119.93,Germany,ATM
TX002969,20663,2026-09-04 01:39:36,Cash Withdrawal,16479.08,UAE,ATM
TX002970,20182,2026-04-04 16:26:51,Bank Transfer,124.3,Nigeria,Mobile
TX002971,20466,2026-07-22 17:07:32,Bank Transfer,39.16,United Kingdom,Card
TX002972,20622,2026-04-24 07:20:25,Bank Transfer,23.49,United Kingdom,Mobile
TX002973,20272,2026-04-11 16:24:39,Card Purchase,718.95,United Kingdom,Online
TX002974,20015,2026-09-26 16:06:22,Bank Transfer,131.63,Nigeria,Online
TX002975,20299,2026-04-15 04:22:26,Card Purchase,14.46,Netherlands,Branch
TX002976,20351,2026-06-03 03:34:37,Bank Transfer,316.24,United Kingdom,Card
TX002977,20486,2026-04-15 08:09:32,Card Purchase,186.46,United Kingdom,Mobile
TX002978,20012,2026-07-10 00:12:22,Cash Withdrawal,98.12,United Kingdom,Online
TX002979,20395,2026-03-13 11:55:31,Deposit,8.05,United Kingdom,Card
TX002980,20060,2026-01-23 05:55:28,Card Purchase,50.8,United Kingdom,Online
TX002981,20352,2026-10-22 15:59:01,Card Purchase,43.67,UAE,Card
TX002982,20337,2026-05-09 06:05:33,Card Purchase,112.8,United Kingdom,Online
TX002983,20452,2026-12-22 06:46:06,Bank Transfer,127.81,Germany,Online
TX002984,20266,2026-02-18 00:42:35,Card Purchase,510.35,United Kingdom,Mobile
TX002985,20629,2026-04-16 01:29:44,Card Purchase,77.69,United Kingdom,Mobile
TX002986,20327,2026-04-17 20:20:04,Bank Transfer,358.82,Singapore,Mobile
TX002987,20101,2026-09-27 07:56:33,Bank Transfer,31.28,Ireland,Branch
TX002988,20551,2026-11-22 01:18:45,Direct Debit,107.77,United Kingdom,Branch
TX002989,20347,2026-02-24 02:46:12,Bank Transfer,123.38,United Kingdom,Mobile
TX002990,20021,2026-10-28 23:29:46,Bank Transfer,304.52,United Kingdom,Online
TX002991,20114,2026-07-09 15:36:07,Direct Debit,59.53,United Kingdom,Online
TX002992,20514,2026-08-12 07:56:36,Direct Debit,63.49,United Kingdom,Mobile
TX002993,20074,2026-06-21 14:38:42,Bank Transfer,39.59,United Kingdom,Card
TX002994,20152,2026-03-08 07:30:00,Card Purchase,53.48,Netherlands,Mobile
TX002995,20284,2026-09-29 18:48:06,Deposit,407.59,United Kingdom,Mobile
TX002996,20575,2026-08-04 22:42:01,Bank Transfer,338.78,United Kingdom,Mobile
TX002997,20596,2026-11-25 21:55:38,Card Purchase,474.92,Germany,ATM
TX002998,20473,2026-03-31 06:23:46,Card Purchase,162.58,United Kingdom,Branch
TX002999,20573,2026-09-05 02:29:42,Cash Withdrawal,153.06,United Kingdom,Card
TX003000,20424,2026-10-19 04:42:27,Card Purchase,21.7,Spain,ATM
TX003001,20193,2026-07-25 03:03:54,Card Purchase,55.7,United Kingdom,Mobile
TX003002,20619,2026-04-07 14:39:03,Bank Transfer,12.67,United Kingdom,Card
TX003003,20646,2026-04-01 22:10:09,Cash Withdrawal,21.27,Nigeria,Card
TX003004,20556,2026-09-19 18:21:37,Bank Transfer,208.4,United Kingdom,Online
TX003005,20461,2026-08-04 16:23:38,Card Purchase,22.53,Nigeria,ATM
TX003006,20275,2026-09-18 20:41:18,Card Purchase,12297.38,Netherlands,Mobile
TX003007,20446,2026-07-29 02:34:52,Deposit,118.64,UAE,Card
TX003008,20666,2026-05-02 08:19:34,Bank Transfer,176.69,United Kingdom,Card
TX003009,20610,2026-08-15 20:52:12,Card Purchase,283.0,Germany,Online
TX003010,20210,2026-08-04 14:03:56,Card Purchase,93.4,United Kingdom,Online
TX003011,20157,2026-12-28 05:48:49,Card Purchase,123.93,Germany,Online
TX003012,20273,2026-11-22 17:57:08,Card Purchase,317.07,United Kingdom,ATM
TX003013,20452,2026-07-17 03:38:10,Direct Debit,48.31,Spain,Online
TX003014,20265,2026-09-24 04:22:46,Direct Debit,461.59,United Kingdom,Online
TX003015,20564,2026-05-27 10:49:18,Deposit,190.98,Netherlands,Card
TX003016,20039,2026-11-12 00:19:43,Card Purchase,200.53,United Kingdom,Card
TX003017,20206,2026-06-19 03:03:58,Direct Debit,203.87,France,Mobile
TX003018,20192,2026-12-06 21:38:08,Card Purchase,204.87,United Kingdom,Online
TX003019,20065,2026-01-02 09:40:52,Card Purchase,275.47,United Kingdom,Card
TX003020,20385,2026-10-08 14:32:22,Card Purchase,379.55,Germany,Mobile
TX003021,20489,2026-07-30 20:57:25,Bank Transfer,67.18,United States,Mobile
TX003022,20562,2026-01-17 07:13:57,Card Purchase,101.69,United Kingdom,Mobile
TX003023,20155,2026-12-24 13:03:19,Bank Transfer,43.96,United Kingdom,Branch
TX003024,20076,2026-09-01 05:20:42,Deposit,37.72,United Kingdom,ATM
TX003025,20057,2026-07-27 00:25:41,Direct Debit,16.64,France,Branch
TX003026,20115,2026-03-03 00:33:45,Deposit,37.41,United Kingdom,Card
TX003027,20494,2026-12-15 16:07:19,Direct Debit,120.44,United Kingdom,Online
TX003028,20156,2026-02-23 01:24:12,Bank Transfer,130.53,United States,Online
TX003029,20209,2026-07-11 00:33:43,Direct Debit,25.3,United Kingdom,Mobile
TX003030,20012,2026-09-19 00:34:57,Bank Transfer,10.36,United Kingdom,Mobile
TX003031,20291,2026-12-31 06:39:52,Direct Debit,86.11,Spain,Branch
TX003032,20613,2026-07-06 07:16:03,Card Purchase,285.68,United States,Online
TX003033,20446,2026-11-28 01:13:37,Card Purchase,61.86,United Kingdom,Mobile
TX003034,20493,2026-03-09 21:42:18,Card Purchase,590.89,United Kingdom,Card
TX003035,20512,2026-03-21 21:14:19,Card Purchase,225.45,France,ATM
TX003036,20004,2026-05-02 18:09:14,Card Purchase,20.3,United Kingdom,Online
TX003037,20119,2026-01-16 10:01:47,Deposit,60.91,Germany,Online
TX003038,20014,2026-03-23 09:46:07,Card Purchase,69.35,United Kingdom,Mobile
TX003039,20593,2026-11-26 02:13:58,Direct Debit,74.31,United Kingdom,Mobile
TX003040,20046,2026-12-09 01:29:03,Deposit,202.42,France,Card
TX003041,20550,2026-06-29 18:08:31,Cash Withdrawal,24.66,UAE,Mobile
TX003042,20315,2026-10-17 16:01:07,Bank Transfer,52.91,Singapore,Branch
TX003043,20542,2026-09-16 20:29:30,Card Purchase,84.54,Spain,Card
TX003044,20050,2026-10-03 23:24:43,Card Purchase,31.86,United Kingdom,Mobile
TX003045,20100,2026-01-14 19:15:22,Deposit,21.45,United Kingdom,Mobile
TX003046,20392,2026-06-04 08:03:05,Bank Transfer,142.77,United Kingdom,Online
TX003047,20102,2026-01-16 06:05:52,Direct Debit,39.31,Germany,Mobile
TX003048,20192,2026-07-25 13:59:21,Card Purchase,59.79,United States,Mobile
TX003049,20310,2026-11-24 03:01:44,Card Purchase,132.2,Germany,Online
TX003050,20476,2026-01-22 17:14:27,Card Purchase,158.08,Nigeria,Card
TX003051,20469,2026-07-02 20:18:37,Card Purchase,262.99,United Kingdom,Online
TX003052,20623,2026-06-01 16:42:04,Card Purchase,26.93,United Kingdom,Mobile
TX003053,20563,2026-04-05 06:33:25,Card Purchase,166.88,United Kingdom,Mobile
TX003054,20589,2026-03-10 17:03:19,Direct Debit,54.12,United Kingdom,Mobile
TX003055,20267,2026-01-17 13:17:34,Card Purchase,714.05,United Kingdom,Online
TX003056,20528,2026-10-10 19:12:08,Bank Transfer,68.89,Nigeria,ATM
TX003057,20260,2026-08-13 14:18:34,Deposit,45.12,UAE,Online
TX003058,20097,2026-07-15 03:29:14,Card Purchase,275.95,United Kingdom,Card
TX003059,20377,2026-03-22 15:04:06,Direct Debit,29.48,United Kingdom,Mobile
TX003060,20051,2026-04-15 21:31:17,Direct Debit,89.46,France,Card
TX003061,20221,2026-01-02 03:39:05,Card Purchase,19.18,United Kingdom,Card
TX003062,20267,2026-08-14 03:09:19,Card Purchase,777.43,France,Online
TX003063,20151,2026-12-12 02:27:28,Card Purchase,106.96,United Kingdom,Card
TX003064,20533,2026-06-17 15:38:02,Card Purchase,53.15,United Kingdom,ATM
TX003065,20016,2026-07-03 07:45:56,Card Purchase,244.6,United Kingdom,Mobile
TX003066,20468,2026-01-08 07:48:59,Card Purchase,38.26,United States,Online
TX003067,20363,2026-01-09 15:51:40,Bank Transfer,705.52,United States,Card
TX003068,20324,2026-10-07 17:46:49,Direct Debit,75.56,United Kingdom,Mobile
TX003069,20383,2026-01-14 06:47:58,Direct Debit,51.69,Singapore,Card
TX003070,20025,2026-06-22 16:43:11,Card Purchase,638.56,United States,Card
TX003071,20571,2026-02-15 12:58:16,Cash Withdrawal,46.98,United Kingdom,Card
TX003072,20647,2026-04-22 08:28:58,Card Purchase,62.17,United Kingdom,ATM
TX003073,20289,2026-02-26 09:14:48,Card Purchase,100.29,United Kingdom,Mobile
TX003074,20340,2026-04-15 20:23:00,Deposit,37.26,UAE,Online
TX003075,20023,2026-12-27 05:43:16,Deposit,23.52,United Kingdom,Mobile
TX003076,20437,2026-08-30 16:29:32,Card Purchase,604.82,Spain,Card
TX003077,20645,2026-09-08 04:32:08,Bank Transfer,100.73,Germany,Online
TX003078,20141,2026-04-14 20:44:38,Card Purchase,83.26,United Kingdom,Card
TX003079,20129,2026-05-10 12:25:45,Deposit,234.79,United Kingdom,Card
TX003080,20078,2026-10-26 09:12:00,Card Purchase,258.88,Netherlands,Mobile
TX003081,20576,2026-01-16 09:00:25,Deposit,112.54,United Kingdom,Branch
TX003082,20493,2026-08-08 16:02:34,Card Purchase,27.73,United States,Online
TX003083,20403,2026-12-08 10:01:25,Card Purchase,88.57,UAE,Card
TX003084,20049,2026-11-01 17:20:13,Bank Transfer,575.11,United Kingdom,Mobile
TX003085,20304,2026-04-13 06:43:24,Direct Debit,469.08,United Kingdom,Mobile
TX003086,20638,2026-11-30 16:02:01,Cash Withdrawal,131.11,Singapore,Online
TX003087,20246,2026-04-22 16:34:44,Direct Debit,115.49,United Kingdom,Card
TX003088,20183,2026-08-15 16:24:07,Deposit,53.38,Singapore,Card
TX003089,20544,2026-04-20 15:53:26,Card Purchase,238.58,Nigeria,Online
TX003090,20433,2026-05-10 07:50:08,Cash Withdrawal,19.47,Netherlands,Mobile
TX003091,20017,2026-11-16 00:09:30,Bank Transfer,571.48,United States,ATM
TX003092,20102,2026-12-24 19:20:21,Direct Debit,47.39,Spain,Card
TX003093,20020,2026-06-08 20:44:05,Bank Transfer,118.14,United Kingdom,Mobile
TX003094,20415,2026-11-09 04:59:54,Card Purchase,242.84,United Kingdom,Branch
TX003095,20312,2026-05-06 09:38:54,Card Purchase,13.33,Ireland,Mobile
TX003096,20620,2026-04-22 02:25:06,Deposit,74.07,Spain,Card
TX003097,20123,2026-05-26 21:52:58,Bank Transfer,70.39,Nigeria,ATM
TX003098,20490,2026-06-02 06:26:55,Card Purchase,50.19,United Kingdom,Online
TX003099,20258,2026-02-11 23:49:42,Card Purchase,2356.39,United Kingdom,Branch
TX003100,20263,2026-01-24 06:51:37,Deposit,173.32,Spain,Card
TX003101,20448,2026-06-02 08:35:23,Card Purchase,42.73,Netherlands,ATM
TX003102,20481,2026-07-20 00:21:15,Bank Transfer,441.35,Netherlands,Mobile
TX003103,20179,2026-02-09 12:25:59,Bank Transfer,145.21,United Kingdom,ATM
TX003104,20003,2026-11-07 19:52:16,Deposit,62.87,United Kingdom,Online
TX003105,20106,2026-07-24 03:25:35,Direct Debit,134.25,United States,Card
TX003106,20209,2026-09-20 03:13:04,Deposit,26.77,United Kingdom,Branch
TX003107,20565,2026-12-26 22:56:41,Direct Debit,64.79,France,Mobile
TX003108,20357,2026-07-04 05:09:00,Bank Transfer,28.08,UAE,Card
TX003109,20095,2026-09-03 05:04:51,Card Purchase,159.2,Spain,Online
TX003110,20626,2026-10-23 21:06:26,Card Purchase,139.34,UAE,Online
TX003111,20354,2026-02-21 12:15:43,Deposit,30.53,United Kingdom,Mobile
TX003112,20391,2026-05-03 18:48:43,Bank Transfer,76.04,United Kingdom,Mobile
TX003113,20304,2026-06-09 07:33:06,Cash Withdrawal,484.52,Singapore,Online
TX003114,20115,2026-04-29 02:10:20,Bank Transfer,55.98,Netherlands,Mobile
TX003115,20472,2026-02-21 13:20:55,Direct Debit,71.98,United Kingdom,Mobile
TX003116,20650,2026-08-25 15:13:27,Cash Withdrawal,24.07,Ireland,Online
TX003117,20583,2026-03-19 13:33:35,Bank Transfer,39.33,Nigeria,Mobile
TX003118,20476,2026-04-19 17:44:02,Bank Transfer,53.36,United Kingdom,ATM
TX003119,20590,2026-12-13 23:10:17,Bank Transfer,1035.68,United Kingdom,Card
TX003120,20551,2026-12-06 23:09:03,Card Purchase,192.01,France,Mobile
TX003121,20504,2026-04-05 04:34:13,Bank Transfer,115.26,France,Branch
TX003122,20423,2026-12-09 18:10:12,Direct Debit,134.26,Germany,Mobile
TX003123,20116,2026-07-20 07:07:02,Direct Debit,31.07,United Kingdom,ATM
TX003124,20514,2026-05-04 09:03:32,Bank Transfer,17.89,Singapore,Mobile
TX003125,20603,2026-10-07 22:59:22,Deposit,119.04,UAE,Mobile
TX003126,20280,2026-02-06 23:36:01,Cash Withdrawal,105.04,United Kingdom,Card
TX003127,20501,2026-05-07 00:40:56,Bank Transfer,130.51,France,Online
TX003128,20419,2026-01-16 22:20:55,Bank Transfer,72.83,United Kingdom,Online
TX003129,20125,2026-06-25 11:26:53,Card Purchase,12.42,Singapore,Online
TX003130,20308,2026-04-16 09:56:45,Bank Transfer,437.71,Ireland,Card
TX003131,20608,2026-02-17 21:16:40,Card Purchase,70.8,United Kingdom,Mobile
TX003132,20183,2026-09-01 10:30:33,Bank Transfer,184.05,Nigeria,Card
TX003133,20023,2026-11-25 03:16:20,Card Purchase,77.83,United Kingdom,Mobile
TX003134,20446,2026-09-22 11:20:39,Card Purchase,47.54,United Kingdom,Online
TX003135,20015,2026-03-21 21:06:53,Bank Transfer,30.86,UAE,Mobile
TX003136,20635,2026-04-21 22:41:15,Card Purchase,279.96,United Kingdom,Card
TX003137,20483,2026-12-16 05:37:16,Card Purchase,7.04,United Kingdom,Online
TX003138,20199,2026-07-28 01:00:13,Direct Debit,122.18,United Kingdom,Online
TX003139,20257,2026-05-18 03:43:23,Card Purchase,219.31,United Kingdom,ATM
TX003140,20625,2026-12-30 06:22:00,Card Purchase,18301.95,UAE,ATM
TX003141,20507,2026-06-19 06:58:04,Card Purchase,765.58,Germany,Mobile
TX003142,20298,2026-08-24 16:41:01,Card Purchase,42.55,United Kingdom,Card
TX003143,20142,2026-04-26 01:30:05,Bank Transfer,70.32,United Kingdom,Online
TX003144,20042,2026-07-11 12:14:34,Direct Debit,58.25,United Kingdom,Online
TX003145,20381,2026-11-03 12:03:38,Card Purchase,64.75,United Kingdom,Mobile
TX003146,20654,2026-04-13 18:38:01,Card Purchase,62.42,United Kingdom,Online
TX003147,20526,2026-10-04 01:50:33,Card Purchase,148.17,United Kingdom,Online
TX003148,20003,2026-03-25 00:39:42,Cash Withdrawal,463.73,Singapore,Online
TX003149,20451,2026-05-15 23:31:12,Card Purchase,40.96,Spain,Card
TX003150,20106,2026-04-29 01:53:07,Direct Debit,52.33,UAE,Branch
TX003151,20567,2026-03-18 17:45:27,Card Purchase,99.45,Germany,Branch
TX003152,20389,2026-09-24 16:17:04,Card Purchase,123.9,United Kingdom,Card
TX003153,20359,2026-03-19 20:18:52,Card Purchase,202.47,United Kingdom,Online
TX003154,20213,2026-05-12 05:36:22,Cash Withdrawal,111.18,United Kingdom,Card
TX003155,20201,2026-09-14 06:31:59,Direct Debit,138.06,United Kingdom,Online
TX003156,20583,2026-09-17 22:24:36,Bank Transfer,153.18,UAE,Branch
TX003157,20518,2026-12-11 06:40:53,Bank Transfer,207.27,United Kingdom,Online
TX003158,20504,2026-12-21 15:30:31,Card Purchase,43.5,Ireland,ATM
TX003159,20085,2026-08-01 23:55:15,Direct Debit,55.81,United Kingdom,ATM
TX003160,20381,2026-08-01 13:15:45,Card Purchase,688.91,United Kingdom,Mobile
TX003161,20202,2026-07-02 00:48:11,Direct Debit,194.96,United Kingdom,Mobile
TX003162,20116,2026-10-24 16:19:06,Card Purchase,337.18,United Kingdom,Card
TX003163,20290,2026-01-14 14:07:31,Card Purchase,86.69,United Kingdom,Mobile
TX003164,20126,2026-04-29 11:16:11,Card Purchase,28.11,United Kingdom,Card
TX003165,20501,2026-01-20 18:26:14,Card Purchase,242.76,Germany,Card
TX003166,20276,2026-11-27 22:07:42,Card Purchase,136.91,United Kingdom,ATM
TX003167,20167,2026-02-03 03:32:44,Card Purchase,196.24,United Kingdom,Card
TX003168,20445,2026-07-19 07:44:57,Direct Debit,150.15,United Kingdom,Mobile
TX003169,20411,2026-06-06 01:53:35,Card Purchase,64.91,United Kingdom,Mobile
TX003170,20673,2026-03-29 01:21:42,Direct Debit,305.43,United Kingdom,Card
TX003171,20455,2026-09-20 18:24:38,Bank Transfer,436.29,United Kingdom,Mobile
TX003172,20042,2026-06-13 08:40:26,Card Purchase,80.41,UAE,Branch
TX003173,20428,2026-04-14 13:29:12,Direct Debit,229.02,Nigeria,Mobile
TX003174,20591,2026-04-23 16:27:41,Bank Transfer,75.67,United Kingdom,Online
TX003175,20484,2026-02-07 07:25:58,Card Purchase,47.76,United Kingdom,Mobile
TX003176,20416,2026-01-06 00:33:44,Bank Transfer,79.01,United Kingdom,Card
TX003177,20377,2026-12-28 13:52:41,Bank Transfer,425.92,Ireland,Online
TX003178,20578,2026-08-27 19:17:43,Card Purchase,213.7,UAE,Online
TX003179,20149,2026-11-16 01:00:43,Deposit,73.87,United States,Online
TX003180,20433,2026-06-08 10:13:11,Cash Withdrawal,267.41,United Kingdom,ATM
TX003181,20081,2026-01-09 15:04:49,Card Purchase,158.85,United Kingdom,Branch
TX003182,20384,2026-09-14 08:20:46,Direct Debit,108.35,United Kingdom,Online
TX003183,20029,2026-01-03 11:48:08,Bank Transfer,40.91,Netherlands,Online
TX003184,20128,2026-06-28 04:49:09,Cash Withdrawal,409.91,United Kingdom,Card
TX003185,20277,2026-07-19 03:46:34,Card Purchase,294.98,UAE,Branch
TX003186,20327,2026-06-25 19:07:54,Card Purchase,45.35,Singapore,Mobile
TX003187,20440,2026-09-15 14:52:54,Direct Debit,109.66,Germany,Mobile
TX003188,20163,2026-10-19 11:15:27,Bank Transfer,104.95,United Kingdom,Branch
TX003189,20609,2026-11-06 18:30:43,Cash Withdrawal,45.44,Germany,Branch
TX003190,20416,2026-12-29 07:01:08,Deposit,104.9,UAE,Online
TX003191,20483,2026-10-28 18:00:30,Bank Transfer,23.92,Germany,Branch
TX003192,20276,2026-07-24 12:54:12,Card Purchase,142.87,United Kingdom,Online
TX003193,20482,2026-09-21 18:37:59,Card Purchase,46.84,United Kingdom,Mobile
TX003194,20227,2026-07-30 18:35:25,Card Purchase,67.03,United Kingdom,Online
TX003195,20575,2026-10-04 02:05:32,Card Purchase,66.61,United Kingdom,Branch
TX003196,20403,2026-05-15 19:58:08,Card Purchase,367.83,United Kingdom,Card
TX003197,20010,2026-02-28 05:42:03,Bank Transfer,52.77,UAE,Branch
TX003198,20003,2026-07-02 00:23:30,Cash Withdrawal,116.45,United Kingdom,Mobile
TX003199,20452,2026-07-10 06:35:49,Card Purchase,202.26,United Kingdom,Card
TX003200,20400,2026-04-20 15:18:16,Card Purchase,742.04,Nigeria,Card
TX003201,20589,2026-01-12 11:31:41,Deposit,155.31,United Kingdom,Mobile
TX003202,20636,2026-10-09 02:05:07,Deposit,12.64,UAE,Card
TX003203,20214,2026-05-23 09:07:48,Bank Transfer,742.65,United Kingdom,Online
TX003204,20391,2026-07-19 16:18:16,Bank Transfer,21832.41,United Kingdom,Card
TX003205,20060,2026-02-15 09:39:58,Direct Debit,25.76,United Kingdom,Branch
TX003206,20609,2026-07-15 16:50:35,Cash Withdrawal,223.16,United Kingdom,Online
TX003207,20637,2026-06-01 01:38:38,Card Purchase,325.62,United States,Online
TX003208,20019,2026-07-20 11:42:39,Card Purchase,109.75,Singapore,Mobile
TX003209,20287,2026-04-09 11:04:33,Card Purchase,379.15,Netherlands,Branch
TX003210,20329,2026-09-11 17:44:09,Card Purchase,45.05,United Kingdom,Online
TX003211,20429,2026-09-26 05:48:15,Card Purchase,32.63,United Kingdom,Online
TX003212,20043,2026-03-20 13:19:37,Cash Withdrawal,84.68,Germany,Online
TX003213,20011,2026-07-03 15:08:53,Bank Transfer,93.52,United States,Branch
TX003214,20222,2026-01-05 23:19:10,Bank Transfer,14006.9,United Kingdom,ATM
TX003215,20615,2026-11-04 13:13:10,Card Purchase,112.64,Ireland,Mobile
TX003216,20479,2026-07-28 16:59:37,Bank Transfer,81.14,United Kingdom,Mobile
TX003217,20527,2026-07-25 17:41:48,Cash Withdrawal,99.81,United Kingdom,Online
TX003218,20157,2026-10-13 09:27:46,Bank Transfer,11.44,Germany,Online
TX003219,20436,2026-09-19 06:13:42,Cash Withdrawal,73.36,United Kingdom,Online
TX003220,20321,2026-02-12 09:44:32,Direct Debit,39.57,United Kingdom,Branch
TX003221,20097,2026-07-15 11:31:13,Direct Debit,442.13,United Kingdom,Branch
TX003222,20574,2026-12-18 01:33:54,Card Purchase,25.1,United Kingdom,Online
TX003223,20096,2026-01-30 02:16:08,Bank Transfer,230.58,United Kingdom,Branch
TX003224,20053,2026-12-28 17:55:38,Deposit,54.08,United Kingdom,ATM
TX003225,20132,2026-05-07 16:20:16,Card Purchase,129.86,United Kingdom,Mobile
TX003226,20507,2026-12-19 06:54:06,Bank Transfer,587.23,United Kingdom,Mobile
TX003227,20305,2026-12-30 06:10:45,Direct Debit,44.03,Singapore,Mobile
TX003228,20156,2026-01-09 15:05:59,Cash Withdrawal,244.04,France,Online
TX003229,20406,2026-06-16 15:16:13,Card Purchase,36.62,United Kingdom,Mobile
TX003230,20220,2026-02-16 13:23:37,Bank Transfer,35.43,France,Mobile
TX003231,20135,2026-01-05 04:07:12,Card Purchase,83.79,United Kingdom,Online
TX003232,20225,2026-01-30 19:25:19,Deposit,716.7,United Kingdom,Online
TX003233,20466,2026-05-04 22:42:49,Deposit,77.7,Germany,Mobile
TX003234,20646,2026-10-20 13:41:51,Deposit,68.95,United Kingdom,Card
TX003235,20584,2026-12-12 05:47:06,Deposit,51.72,United Kingdom,Card
TX003236,20187,2026-03-24 06:08:06,Card Purchase,252.64,United Kingdom,Card
TX003237,20473,2026-05-20 05:21:53,Card Purchase,310.73,United Kingdom,Online
TX003238,20600,2026-09-04 00:55:13,Card Purchase,195.1,United Kingdom,Mobile
TX003239,20158,2026-03-28 17:20:18,Direct Debit,88.01,United Kingdom,ATM
TX003240,20512,2026-04-14 01:38:49,Bank Transfer,153.3,United Kingdom,Mobile
TX003241,20030,2026-03-15 13:59:39,Bank Transfer,242.09,Germany,Online
TX003242,20657,2026-09-04 00:29:28,Direct Debit,81.27,United Kingdom,Card
TX003243,20407,2026-11-11 10:04:17,Bank Transfer,116.4,UAE,Online
TX003244,20404,2026-08-02 10:15:43,Bank Transfer,167.34,France,Mobile
TX003245,20555,2026-05-14 08:16:04,Card Purchase,148.92,United Kingdom,Card
TX003246,20586,2026-01-31 00:25:02,Card Purchase,169.61,United Kingdom,Mobile
TX003247,20380,2026-12-04 15:33:47,Deposit,613.38,United Kingdom,Mobile
TX003248,20227,2026-05-09 11:07:07,Bank Transfer,298.31,United Kingdom,Online
TX003249,20214,2026-11-29 21:06:16,Card Purchase,100.19,United Kingdom,Card
TX003250,20290,2026-08-05 20:35:16,Cash Withdrawal,138.47,Singapore,Card
TX003251,20634,2026-08-07 20:29:10,Deposit,103.66,United Kingdom,Card
TX003252,20556,2026-02-05 14:17:02,Card Purchase,265.25,United Kingdom,Branch
TX003253,20181,2026-09-05 17:16:18,Card Purchase,118.29,France,Online
TX003254,20175,2026-11-15 04:12:42,Cash Withdrawal,67.11,United States,Mobile
TX003255,20100,2026-06-07 11:47:26,Card Purchase,372.77,United Kingdom,Mobile
TX003256,20219,2026-02-23 04:36:45,Direct Debit,39.48,United Kingdom,Online
TX003257,20089,2026-11-11 05:15:06,Cash Withdrawal,21.41,United Kingdom,Online
TX003258,20284,2026-02-18 20:59:59,Cash Withdrawal,76.72,UAE,Mobile
TX003259,20543,2026-05-05 22:58:30,Bank Transfer,98.86,United Kingdom,Card
TX003260,20082,2026-09-10 22:21:08,Bank Transfer,18.98,United Kingdom,ATM
TX003261,20185,2026-11-12 18:25:58,Bank Transfer,137.46,United Kingdom,Card
TX003262,20118,2026-11-05 09:34:05,Bank Transfer,42.15,United Kingdom,Card
TX003263,20137,2026-07-13 03:42:18,Direct Debit,39.79,United Kingdom,Card
TX003264,20238,2026-11-30 00:11:55,Cash Withdrawal,73.78,United Kingdom,Mobile
TX003265,20208,2026-07-27 07:11:07,Bank Transfer,270.7,United Kingdom,Card
TX003266,20466,2026-08-20 12:11:40,Bank Transfer,19.49,United Kingdom,Online
TX003267,20575,2026-02-02 12:53:03,Card Purchase,315.87,Spain,Card
TX003268,20315,2026-02-12 22:22:47,Bank Transfer,9.97,Singapore,Mobile
TX003269,20180,2026-08-19 21:33:23,Card Purchase,113.31,United Kingdom,Mobile
TX003270,20039,2026-09-21 05:25:19,Card Purchase,296.21,United Kingdom,Branch
TX003271,20644,2026-10-13 04:15:27,Card Purchase,30.87,United Kingdom,Online
TX003272,20057,2026-03-02 09:09:16,Direct Debit,204.54,United Kingdom,Mobile
TX003273,20328,2026-10-19 19:49:11,Card Purchase,41.78,Nigeria,Card
TX003274,20379,2026-07-19 01:07:55,Card Purchase,199.67,United States,Card
TX003275,20473,2026-03-18 09:22:31,Deposit,15.26,United Kingdom,Mobile
TX003276,20190,2026-06-27 07:56:21,Bank Transfer,248.82,United Kingdom,Mobile
TX003277,20025,2026-04-24 17:11:44,Bank Transfer,58.45,United Kingdom,Card
TX003278,20079,2026-10-19 14:02:52,Bank Transfer,55.28,United Kingdom,ATM
TX003279,20628,2026-10-19 09:37:32,Card Purchase,29.06,United Kingdom,Mobile
TX003280,20477,2026-03-13 03:56:28,Direct Debit,61.38,Spain,Mobile
TX003281,20455,2026-04-30 21:50:49,Card Purchase,37.21,United Kingdom,Mobile
TX003282,20151,2026-06-26 01:49:39,Direct Debit,103.17,United Kingdom,Online
TX003283,20094,2026-10-09 16:33:39,Cash Withdrawal,81.65,United Kingdom,Online
TX003284,20427,2026-12-29 22:43:05,Direct Debit,7.53,Germany,Card
TX003285,20172,2026-05-03 04:21:20,Bank Transfer,820.04,United Kingdom,Online
TX003286,20479,2026-04-29 05:08:15,Cash Withdrawal,96.95,United Kingdom,Mobile
TX003287,20571,2026-11-16 20:27:00,Bank Transfer,47.29,United States,Mobile
TX003288,20533,2026-04-23 03:02:18,Card Purchase,24.06,United Kingdom,Online
TX003289,20524,2026-09-21 10:28:22,Direct Debit,371.77,United Kingdom,ATM
TX003290,20212,2026-03-16 20:41:31,Bank Transfer,12.17,United Kingdom,Mobile
TX003291,20424,2026-01-24 09:14:09,Card Purchase,29.58,United Kingdom,Card
TX003292,20195,2026-12-19 09:57:56,Card Purchase,205.91,United States,Card
TX003293,20443,2026-05-23 08:36:46,Bank Transfer,84.27,United Kingdom,Card
TX003294,20381,2026-11-06 22:29:49,Card Purchase,40.14,United Kingdom,Online
TX003295,20595,2026-10-01 16:08:46,Direct Debit,136.5,United Kingdom,Mobile
TX003296,20050,2026-03-25 14:53:52,Deposit,169.0,United Kingdom,Branch
TX003297,20311,2026-12-17 08:59:35,Card Purchase,4.37,Nigeria,Mobile
TX003298,20506,2026-09-07 20:09:12,Direct Debit,29.09,United States,Online
TX003299,20641,2026-04-20 14:48:54,Bank Transfer,130.41,United Kingdom,Card
TX003300,20445,2026-01-02 17:14:57,Card Purchase,155.54,United Kingdom,Online
TX003301,20244,2026-10-20 15:15:38,Card Purchase,39.64,United Kingdom,Card
TX003302,20374,2026-07-11 09:22:51,Card Purchase,537.7,United Kingdom,Branch
TX003303,20163,2026-02-14 07:12:59,Direct Debit,59.51,United Kingdom,Mobile
TX003304,20155,2026-08-10 07:56:21,Card Purchase,194.94,United Kingdom,Mobile
TX003305,20492,2026-11-08 14:25:32,Card Purchase,33.83,United Kingdom,Mobile
TX003306,20074,2026-05-07 19:20:44,Bank Transfer,47.82,Singapore,Card
TX003307,20139,2026-10-21 23:16:12,Bank Transfer,328.28,France,Mobile
TX003308,20562,2026-11-17 08:57:25,Deposit,8.2,United Kingdom,ATM
TX003309,20086,2026-11-23 07:31:15,Card Purchase,43.87,United Kingdom,Card
TX003310,20055,2026-10-10 08:02:46,Bank Transfer,292.48,United Kingdom,Online
TX003311,20013,2026-03-12 01:28:19,Card Purchase,181.48,Germany,Card
TX003312,20255,2026-05-16 05:56:39,Card Purchase,211.42,United Kingdom,ATM
TX003313,20340,2026-07-08 03:56:30,Deposit,243.16,Nigeria,Mobile
TX003314,20287,2026-03-04 03:44:31,Card Purchase,133.65,United Kingdom,Branch
TX003315,20516,2026-06-28 18:54:05,Bank Transfer,166.16,United Kingdom,Branch
TX003316,20177,2026-09-27 10:08:42,Card Purchase,80.09,Netherlands,Online
TX003317,20459,2026-01-22 07:02:15,Bank Transfer,58.14,United Kingdom,Mobile
TX003318,20333,2026-04-27 21:17:12,Cash Withdrawal,193.05,United Kingdom,Online
TX003319,20056,2026-01-22 21:08:12,Card Purchase,51.76,United Kingdom,Card
TX003320,20552,2026-11-08 02:03:26,Bank Transfer,67.77,United Kingdom,Online
TX003321,20640,2026-07-15 16:04:32,Card Purchase,49.18,UAE,Branch
TX003322,20188,2026-02-06 00:57:50,Deposit,295.31,United Kingdom,Mobile
TX003323,20612,2026-05-12 13:42:36,Card Purchase,355.64,UAE,Mobile
TX003324,20643,2026-10-13 00:48:57,Bank Transfer,191.13,Germany,Mobile
TX003325,20231,2026-05-04 11:16:15,Card Purchase,116.74,France,Online
TX003326,20258,2026-04-28 06:11:55,Bank Transfer,232.88,Ireland,Online
TX003327,20385,2026-10-15 23:45:25,Direct Debit,60.34,United Kingdom,Mobile
TX003328,20407,2026-10-05 23:48:29,Card Purchase,43.77,Nigeria,Mobile
TX003329,20631,2026-05-13 16:52:44,Card Purchase,86.87,Ireland,Branch
TX003330,20439,2026-12-21 22:26:47,Bank Transfer,103.28,United Kingdom,Card
TX003331,20543,2026-03-05 21:04:01,Card Purchase,80.97,Singapore,Mobile
TX003332,20050,2026-12-26 05:11:22,Card Purchase,23.82,United Kingdom,Online
TX003333,20436,2026-10-04 11:20:37,Bank Transfer,8.96,United States,Branch
TX003334,20461,2026-10-31 05:42:03,Deposit,325.66,United Kingdom,Card
TX003335,20162,2026-10-02 08:41:15,Bank Transfer,16.35,United Kingdom,Card
TX003336,20343,2026-12-04 16:47:57,Card Purchase,39.76,France,Card
TX003337,20239,2026-04-23 11:59:39,Direct Debit,125.73,United Kingdom,Branch
TX003338,20670,2026-07-16 21:59:18,Card Purchase,20.99,Netherlands,Mobile
TX003339,20502,2026-02-16 10:59:56,Cash Withdrawal,61.37,United Kingdom,Online
TX003340,20663,2026-11-22 18:59:11,Card Purchase,37.29,United Kingdom,Online
TX003341,20343,2026-01-23 06:54:39,Card Purchase,241.4,United Kingdom,Online
TX003342,20001,2026-08-30 02:34:26,Card Purchase,226.61,Singapore,ATM
TX003343,20245,2026-03-25 18:58:11,Card Purchase,199.62,United Kingdom,ATM
TX003344,20623,2026-02-25 05:43:34,Direct Debit,53.68,United Kingdom,Online
TX003345,20090,2026-10-17 23:41:07,Card Purchase,43.55,United Kingdom,ATM
TX003346,20463,2026-02-28 06:47:19,Deposit,334.89,United States,Card
TX003347,20092,2026-12-14 03:49:05,Card Purchase,111.18,United Kingdom,Online
TX003348,20221,2026-03-27 07:37:41,Cash Withdrawal,14.11,Ireland,Branch
TX003349,20588,2026-11-22 13:04:47,Deposit,61.5,France,Branch
TX003350,20062,2026-11-28 08:00:37,Cash Withdrawal,67.16,UAE,Mobile
TX003351,20645,2026-10-01 10:36:03,Direct Debit,38.75,United Kingdom,Mobile
TX003352,20580,2026-02-08 08:28:49,Bank Transfer,75.18,United Kingdom,Card
TX003353,20268,2026-08-24 05:19:04,Direct Debit,54.44,United Kingdom,Online
TX003354,20306,2026-07-10 12:00:55,Card Purchase,49.0,United Kingdom,Card
TX003355,20393,2026-01-12 08:48:56,Card Purchase,25.33,Netherlands,Mobile
TX003356,20051,2026-02-27 18:12:08,Card Purchase,10.7,France,Mobile
TX003357,20307,2026-01-17 01:16:46,Bank Transfer,24.13,Netherlands,Online
TX003358,20575,2026-02-25 05:37:31,Bank Transfer,118.47,United Kingdom,Online
TX003359,20132,2026-11-19 03:06:42,Card Purchase,141.82,France,Card
TX003360,20139,2026-02-06 00:10:19,Bank Transfer,127.59,United Kingdom,Card
TX003361,20287,2026-09-29 02:03:37,Card Purchase,36.57,UAE,Mobile
TX003362,20299,2026-09-20 22:27:20,Card Purchase,74.13,United Kingdom,ATM
TX003363,20376,2026-05-01 01:17:25,Cash Withdrawal,75.26,United Kingdom,Mobile
TX003364,20038,2026-11-01 05:43:29,Card Purchase,301.44,United Kingdom,Branch
TX003365,20665,2026-08-07 21:47:05,Bank Transfer,109.68,United Kingdom,Online
TX003366,20526,2026-11-15 12:22:46,Bank Transfer,17.07,United Kingdom,Card
TX003367,20363,2026-09-19 08:39:54,Deposit,59.06,United Kingdom,Online
TX003368,20092,2026-07-05 10:35:08,Deposit,101.99,France,Mobile
TX003369,20569,2026-11-10 13:23:01,Direct Debit,167.89,Netherlands,Card
TX003370,20454,2026-07-13 09:31:06,Card Purchase,27.19,United Kingdom,Mobile
TX003371,20529,2026-05-11 01:06:00,Bank Transfer,220.55,United Kingdom,Branch
TX003372,20233,2026-07-20 10:41:52,Card Purchase,30.6,United States,ATM
TX003373,20081,2026-06-01 10:15:23,Bank Transfer,527.43,United Kingdom,Card
TX003374,20216,2026-01-10 05:25:55,Card Purchase,801.54,Singapore,Card
TX003375,20367,2026-08-14 19:06:00,Bank Transfer,15.21,United Kingdom,Online
TX003376,20561,2026-03-04 01:02:39,Direct Debit,103.74,Ireland,Card
TX003377,20193,2026-02-19 15:54:42,Deposit,187.18,United Kingdom,Mobile
TX003378,20186,2026-03-13 22:13:45,Direct Debit,33.72,Nigeria,Online
TX003379,20174,2026-01-10 12:23:57,Cash Withdrawal,35.92,UAE,ATM
TX003380,20542,2026-05-19 21:21:44,Card Purchase,36.71,Singapore,Online
TX003381,20339,2026-09-10 11:20:46,Cash Withdrawal,164.95,United Kingdom,Online
TX003382,20141,2026-12-15 23:40:45,Card Purchase,48.75,Singapore,Online
TX003383,20452,2026-11-16 17:18:12,Cash Withdrawal,108.51,Nigeria,Branch
TX003384,20393,2026-03-18 03:58:49,Card Purchase,84.6,Singapore,Mobile
TX003385,20279,2026-07-07 20:16:33,Bank Transfer,212.01,United States,Mobile
TX003386,20008,2026-09-18 06:59:05,Card Purchase,19.07,United Kingdom,Mobile
TX003387,20623,2026-05-19 16:03:53,Card Purchase,75.29,United Kingdom,Mobile
TX003388,20394,2026-11-13 22:17:14,Deposit,87.47,United Kingdom,Mobile
TX003389,20382,2026-10-28 12:47:34,Deposit,177.49,United Kingdom,Card
TX003390,20498,2026-12-04 16:30:38,Direct Debit,36.91,United Kingdom,Mobile
TX003391,20030,2026-03-17 09:09:53,Card Purchase,43.0,Spain,Mobile
TX003392,20332,2026-08-05 11:18:33,Direct Debit,158.04,United States,Online
TX003393,20004,2026-07-28 03:23:56,Cash Withdrawal,55.15,United Kingdom,Branch
TX003394,20104,2026-03-20 07:20:57,Deposit,494.63,Nigeria,Branch
TX003395,20585,2026-04-16 10:59:59,Deposit,1289.21,United Kingdom,Mobile
TX003396,20576,2026-12-25 02:48:52,Deposit,19.9,UAE,Mobile
TX003397,20227,2026-11-23 21:57:05,Cash Withdrawal,318.25,United Kingdom,Mobile
TX003398,20324,2026-08-10 01:45:33,Card Purchase,170.66,Ireland,ATM
TX003399,20277,2026-06-09 23:46:39,Deposit,150.07,United Kingdom,Card
TX003400,20009,2026-08-16 20:14:16,Card Purchase,111.34,Ireland,Mobile
TX003401,20629,2026-07-10 16:43:55,Card Purchase,337.57,Netherlands,Mobile
TX003402,20351,2026-06-14 18:48:10,Bank Transfer,932.17,Netherlands,Mobile
TX003403,20300,2026-12-10 15:14:27,Bank Transfer,146.68,France,Mobile
TX003404,20590,2026-04-28 03:00:32,Deposit,299.82,Germany,Card
TX003405,20459,2026-06-23 23:30:05,Bank Transfer,73.55,United Kingdom,ATM
TX003406,20398,2026-02-08 10:16:34,Card Purchase,9.91,United States,Mobile
TX003407,20092,2026-08-22 19:38:18,Direct Debit,29.23,Netherlands,Online
TX003408,20407,2026-11-11 07:04:45,Card Purchase,25.95,United Kingdom,Card
TX003409,20585,2026-03-02 13:41:23,Cash Withdrawal,41.6,Singapore,Mobile
TX003410,20275,2026-11-07 16:44:57,Bank Transfer,36.68,United Kingdom,ATM
TX003411,20205,2026-04-14 18:58:22,Cash Withdrawal,22.43,United Kingdom,Card
TX003412,20185,2026-03-16 21:39:39,Bank Transfer,270.44,France,Online
TX003413,20142,2026-09-19 20:00:03,Card Purchase,41.4,United Kingdom,Mobile
TX003414,20179,2026-05-11 01:42:01,Bank Transfer,64.2,United Kingdom,Mobile
TX003415,20393,2026-11-22 18:46:01,Direct Debit,170.95,United Kingdom,Online
TX003416,20583,2026-01-24 13:22:03,Card Purchase,138.73,United Kingdom,Online
TX003417,20470,2026-02-17 01:24:15,Deposit,32.08,Netherlands,Mobile
TX003418,20411,2026-08-27 16:42:53,Bank Transfer,78.83,United Kingdom,Mobile
TX003419,20402,2026-10-23 17:15:06,Bank Transfer,287.25,United Kingdom,Card
TX003420,20023,2026-01-24 02:45:05,Card Purchase,313.75,United Kingdom,Online
TX003421,20634,2026-06-10 00:31:29,Cash Withdrawal,116.57,United Kingdom,Branch
TX003422,20494,2026-10-20 09:59:02,Bank Transfer,61.64,United Kingdom,Online
TX003423,20425,2026-10-08 12:02:51,Card Purchase,66.42,United Kingdom,Online
TX003424,20033,2026-02-10 12:29:26,Card Purchase,6.04,Germany,Card
TX003425,20250,2026-10-12 01:32:38,Cash Withdrawal,9.89,Nigeria,Card
TX003426,20558,2026-10-16 07:24:47,Card Purchase,40.53,United States,Online
TX003427,20016,2026-11-05 15:01:33,Card Purchase,34.65,United Kingdom,Mobile
TX003428,20503,2026-11-08 08:15:47,Card Purchase,82.61,United Kingdom,Mobile
TX003429,20468,2026-04-27 20:47:54,Card Purchase,183.23,United States,Mobile
TX003430,20046,2026-07-29 02:06:33,Card Purchase,482.4,Ireland,Online
TX003431,20330,2026-03-09 01:53:19,Bank Transfer,154.94,United Kingdom,ATM
TX003432,20108,2026-12-16 03:02:13,Card Purchase,95.21,Spain,Card
TX003433,20405,2026-08-13 14:04:50,Bank Transfer,31.33,Spain,Online
TX003434,20085,2026-12-22 00:53:52,Card Purchase,26.66,United Kingdom,Mobile
TX003435,20463,2026-08-05 10:47:13,Card Purchase,142.36,Nigeria,Online
TX003436,20615,2026-09-26 13:37:41,Card Purchase,24.65,United Kingdom,Online
TX003437,20200,2026-12-27 11:06:25,Card Purchase,132.96,Singapore,Mobile
TX003438,20243,2026-05-30 21:37:05,Bank Transfer,116.73,United Kingdom,Mobile
TX003439,20246,2026-03-04 09:44:37,Direct Debit,288.99,Netherlands,Online
TX003440,20265,2026-02-08 17:52:55,Card Purchase,105.88,United Kingdom,Mobile
TX003441,20648,2026-05-06 00:21:58,Deposit,355.06,Nigeria,Online
TX003442,20010,2026-12-25 06:20:32,Direct Debit,125.65,France,Card
TX003443,20170,2026-11-20 02:19:17,Card Purchase,151.36,United Kingdom,ATM
TX003444,20424,2026-06-26 19:31:44,Direct Debit,132.6,Singapore,Online
TX003445,20183,2026-01-16 01:59:11,Direct Debit,46.32,United Kingdom,Card
TX003446,20118,2026-11-29 15:01:24,Cash Withdrawal,134.36,United Kingdom,Branch
TX003447,20165,2026-06-13 03:47:49,Bank Transfer,313.46,United Kingdom,Online
TX003448,20496,2026-03-13 11:26:21,Card Purchase,16.86,United Kingdom,ATM
TX003449,20084,2026-02-03 11:57:39,Card Purchase,31.4,United Kingdom,Online
TX003450,20416,2026-07-16 15:05:11,Deposit,326.89,United Kingdom,ATM
TX003451,20525,2026-01-19 18:37:36,Bank Transfer,95.3,United Kingdom,Card
TX003452,20043,2026-12-24 01:23:22,Card Purchase,285.95,United Kingdom,Mobile
TX003453,20570,2026-04-30 03:16:02,Bank Transfer,98.45,United Kingdom,Online
TX003454,20566,2026-02-15 02:04:02,Card Purchase,168.31,United Kingdom,Card
TX003455,20030,2026-07-10 17:15:58,Cash Withdrawal,365.43,United Kingdom,Card
TX003456,20116,2026-04-07 13:03:58,Bank Transfer,80.86,United Kingdom,Online
TX003457,20138,2026-01-25 10:35:06,Direct Debit,37.7,United Kingdom,Mobile
TX003458,20252,2026-11-27 20:16:32,Card Purchase,17.82,United Kingdom,ATM
TX003459,20640,2026-08-24 00:43:52,Card Purchase,27.21,United Kingdom,Online
TX003460,20226,2026-07-23 07:41:59,Direct Debit,34.43,Netherlands,Mobile
TX003461,20005,2026-06-26 15:42:23,Card Purchase,41.61,United Kingdom,Online
TX003462,20562,2026-11-17 16:07:51,Bank Transfer,325.9,United Kingdom,Card
TX003463,20083,2026-06-13 18:14:12,Cash Withdrawal,30.95,Singapore,Mobile
TX003464,20595,2026-04-21 08:18:07,Bank Transfer,65.55,United Kingdom,Mobile
TX003465,20465,2026-05-20 07:38:04,Deposit,405.45,France,Mobile
TX003466,20255,2026-01-23 06:16:05,Deposit,328.47,United Kingdom,Mobile
TX003467,20225,2026-10-22 06:09:43,Cash Withdrawal,59.96,United Kingdom,Mobile
TX003468,20075,2026-12-13 15:49:30,Card Purchase,68.9,United Kingdom,Online
TX003469,20599,2026-03-13 10:20:15,Direct Debit,268.39,United States,Online
TX003470,20406,2026-02-12 04:35:03,Card Purchase,79.44,United Kingdom,Online
TX003471,20126,2026-08-03 09:55:34,Direct Debit,117.8,Germany,Card
TX003472,20378,2026-05-31 17:19:56,Deposit,43.8,Spain,Online
TX003473,20429,2026-01-28 10:06:16,Deposit,40.15,Spain,Card
TX003474,20008,2026-04-08 08:57:07,Card Purchase,88.53,Spain,Card
TX003475,20646,2026-10-23 14:50:35,Direct Debit,112.54,United Kingdom,Card
TX003476,20287,2026-07-09 02:57:11,Bank Transfer,60.03,United Kingdom,Card
TX003477,20536,2026-04-22 06:57:31,Card Purchase,93.03,United Kingdom,Mobile
TX003478,20506,2026-10-27 19:16:52,Direct Debit,82.52,UAE,Mobile
TX003479,20173,2026-01-31 17:26:16,Bank Transfer,77.67,UAE,Card
TX003480,20093,2026-11-15 18:22:20,Cash Withdrawal,488.44,France,Branch
TX003481,20262,2026-10-04 14:01:34,Bank Transfer,63.75,Singapore,Branch
TX003482,20094,2026-02-17 01:47:24,Card Purchase,37.81,United Kingdom,Card
TX003483,20400,2026-08-31 03:46:57,Bank Transfer,175.4,Singapore,Online
TX003484,20336,2026-02-21 06:28:22,Card Purchase,118.35,Nigeria,ATM
TX003485,20319,2026-07-29 11:34:56,Bank Transfer,114.07,United Kingdom,Mobile
TX003486,20436,2026-03-12 11:35:20,Bank Transfer,94.12,Germany,Card
TX003487,20666,2026-01-13 12:14:12,Bank Transfer,19.8,United Kingdom,Online
TX003488,20145,2026-06-30 17:11:13,Card Purchase,24.28,United States,Online
TX003489,20271,2026-11-10 16:44:01,Card Purchase,244.94,Germany,Online
TX003490,20280,2026-06-18 03:20:05,Card Purchase,8.92,United Kingdom,Mobile
TX003491,20672,2026-04-23 20:30:14,Card Purchase,18.68,UAE,Card
TX003492,20164,2026-01-13 08:44:50,Bank Transfer,23.19,Germany,Online
TX003493,20031,2026-03-18 12:26:44,Bank Transfer,18662.62,United Kingdom,Online
TX003494,20168,2026-06-16 15:15:18,Bank Transfer,19.48,United Kingdom,Online
TX003495,20102,2026-03-04 07:57:57,Card Purchase,41.48,Ireland,ATM
TX003496,20181,2026-11-17 21:23:17,Bank Transfer,395.58,United Kingdom,Online
TX003497,20565,2026-09-21 22:12:55,Card Purchase,72.87,United Kingdom,Card
TX003498,20283,2026-12-06 05:14:26,Bank Transfer,21.34,United States,Online
TX003499,20621,2026-08-31 09:30:52,Card Purchase,63.47,Germany,Card
TX003500,20309,2026-05-14 21:11:07,Cash Withdrawal,48.51,United Kingdom,Branch
TX003501,20084,2026-07-17 01:06:38,Deposit,82.79,United Kingdom,Online
TX003502,20501,2026-09-01 22:34:21,Card Purchase,254.24,Germany,Mobile
TX003503,20621,2026-03-10 09:17:12,Direct Debit,196.84,Spain,Card
TX003504,20444,2026-05-30 19:59:36,Cash Withdrawal,438.07,United Kingdom,Mobile
TX003505,20004,2026-09-27 14:00:10,Card Purchase,230.92,Ireland,Online
TX003506,20153,2026-05-16 14:01:39,Card Purchase,381.01,United Kingdom,Online
TX003507,20461,2026-09-22 13:35:38,Card Purchase,37.14,United Kingdom,ATM
TX003508,20568,2026-08-03 04:40:19,Card Purchase,589.92,Ireland,Mobile
TX003509,20466,2026-11-18 18:15:28,Card Purchase,46.1,United Kingdom,Mobile
TX003510,20502,2026-10-26 00:56:22,Cash Withdrawal,28.79,United Kingdom,Mobile
TX003511,20446,2026-05-31 17:15:42,Card Purchase,338.36,Spain,Mobile
TX003512,20031,2026-04-09 10:10:00,Direct Debit,15261.4,United Kingdom,ATM
TX003513,20399,2026-05-30 19:29:00,Bank Transfer,115.12,Ireland,Online
TX003514,20578,2026-01-16 10:00:19,Card Purchase,100.76,United Kingdom,Online
TX003515,20346,2026-09-05 02:32:17,Bank Transfer,332.07,United Kingdom,Card
TX003516,20112,2026-03-18 06:13:14,Card Purchase,289.92,Netherlands,Mobile
TX003517,20347,2026-03-23 22:16:35,Card Purchase,51.56,Germany,Online
TX003518,20314,2026-11-01 19:27:06,Bank Transfer,162.33,United Kingdom,Online
TX003519,20606,2026-06-30 14:47:41,Card Purchase,142.96,Netherlands,ATM
TX003520,20433,2026-01-21 07:12:05,Card Purchase,48.36,Singapore,ATM
TX003521,20089,2026-05-27 19:15:04,Card Purchase,52.65,United Kingdom,Mobile
TX003522,20355,2026-01-31 17:18:23,Bank Transfer,35.62,Singapore,Mobile
TX003523,20180,2026-10-10 07:04:03,Cash Withdrawal,111.47,United Kingdom,Mobile
TX003524,20575,2026-01-05 21:11:20,Bank Transfer,14.28,United Kingdom,Card
TX003525,20587,2026-06-20 06:51:16,Card Purchase,57.45,United Kingdom,Card
TX003526,20641,2026-02-02 15:28:37,Direct Debit,28.94,United Kingdom,Mobile
TX003527,20015,2026-09-05 05:42:45,Card Purchase,7.34,United Kingdom,Mobile
TX003528,20551,2026-02-01 00:44:22,Direct Debit,409.66,United Kingdom,Online
TX003529,20176,2026-03-30 16:48:18,Card Purchase,207.06,Germany,Mobile
TX003530,20199,2026-04-25 08:50:53,Deposit,127.62,United Kingdom,Card
TX003531,20589,2026-09-27 00:17:00,Bank Transfer,115.37,Netherlands,Mobile
TX003532,20323,2026-12-26 04:58:25,Bank Transfer,130.56,Germany,Online
TX003533,20629,2026-12-06 18:26:37,Bank Transfer,113.87,United Kingdom,Card
TX003534,20570,2026-03-12 08:40:28,Card Purchase,65.62,France,ATM
TX003535,20230,2026-07-11 13:02:30,Card Purchase,442.74,Singapore,Mobile
TX003536,20247,2026-03-24 16:44:12,Card Purchase,113.12,United Kingdom,Online
TX003537,20249,2026-09-21 11:07:57,Card Purchase,64.28,Germany,Card
TX003538,20247,2026-08-23 21:48:30,Card Purchase,19.16,UAE,Online
TX003539,20505,2026-05-14 06:48:02,Bank Transfer,31.03,United States,Mobile
TX003540,20620,2026-03-29 19:53:52,Card Purchase,15.95,United Kingdom,Card
TX003541,20417,2026-05-01 20:31:41,Cash Withdrawal,14.83,Spain,Online
TX003542,20476,2026-12-05 00:07:53,Bank Transfer,820.59,United Kingdom,Online
TX003543,20010,2026-12-07 05:53:37,Bank Transfer,318.03,United Kingdom,Card
TX003544,20530,2026-01-06 02:02:19,Deposit,15.02,Germany,ATM
TX003545,20552,2026-04-10 14:13:45,Deposit,345.6,United Kingdom,Online
TX003546,20358,2026-03-12 21:44:43,Deposit,200.31,United States,Card
TX003547,20380,2026-09-25 10:33:37,Bank Transfer,250.76,United Kingdom,Mobile
TX003548,20219,2026-08-06 01:53:02,Cash Withdrawal,40.78,France,Mobile
TX003549,20444,2026-08-14 09:14:00,Card Purchase,87.52,United Kingdom,Branch
TX003550,20061,2026-02-11 15:02:44,Card Purchase,154.39,United Kingdom,Mobile
TX003551,20653,2026-06-22 17:16:30,Direct Debit,17.4,France,Online
TX003552,20083,2026-09-28 18:53:00,Cash Withdrawal,102.65,Spain,Online
TX003553,20541,2026-09-17 15:16:28,Card Purchase,73.41,United Kingdom,Mobile
TX003554,20505,2026-08-27 07:04:50,Direct Debit,272.78,United States,Card
TX003555,20500,2026-07-05 20:31:56,Card Purchase,151.46,United Kingdom,Online
TX003556,20453,2026-01-23 01:08:06,Cash Withdrawal,106.2,Nigeria,Branch
TX003557,20202,2026-04-14 06:47:16,Direct Debit,6.12,UAE,Mobile
TX003558,20070,2026-09-26 15:34:47,Bank Transfer,30.28,United Kingdom,Card
TX003559,20383,2026-04-04 15:14:06,Bank Transfer,47.07,UAE,Mobile
TX003560,20644,2026-07-07 19:56:01,Bank Transfer,104.92,United States,Branch
TX003561,20189,2026-02-01 08:01:35,Direct Debit,67.43,Nigeria,Card
TX003562,20500,2026-04-06 10:22:27,Card Purchase,325.57,United Kingdom,Mobile
TX003563,20562,2026-11-06 13:11:36,Bank Transfer,111.17,Spain,Online
TX003564,20101,2026-03-01 02:16:54,Card Purchase,28.71,United Kingdom,Mobile
TX003565,20482,2026-07-24 09:54:43,Cash Withdrawal,42.44,United Kingdom,Card
TX003566,20280,2026-06-12 22:40:53,Bank Transfer,82.98,United Kingdom,Mobile
TX003567,20539,2026-05-09 04:02:37,Direct Debit,222.15,United Kingdom,Online
TX003568,20216,2026-10-19 05:58:39,Card Purchase,51.3,United Kingdom,Mobile
TX003569,20474,2026-05-29 05:33:47,Card Purchase,88.87,United Kingdom,Online
TX003570,20368,2026-09-22 14:52:28,Deposit,336.83,France,Mobile
TX003571,20645,2026-03-19 15:57:53,Bank Transfer,144.27,United Kingdom,Mobile
TX003572,20109,2026-11-03 13:43:57,Bank Transfer,296.89,United Kingdom,Online
TX003573,20118,2026-06-08 13:40:34,Card Purchase,71.28,Ireland,Branch
TX003574,20525,2026-07-24 09:47:37,Direct Debit,312.82,United Kingdom,Online
TX003575,20378,2026-02-28 05:23:07,Deposit,124.45,United Kingdom,ATM
TX003576,20224,2026-12-27 03:38:53,Deposit,170.23,United Kingdom,Card
TX003577,20467,2026-08-17 03:47:42,Bank Transfer,10.96,United Kingdom,Branch
TX003578,20164,2026-04-30 07:14:54,Bank Transfer,37.36,United Kingdom,Card
TX003579,20354,2026-06-06 05:49:16,Card Purchase,359.8,United Kingdom,ATM
TX003580,20666,2026-09-03 06:48:41,Bank Transfer,169.76,Spain,Online
TX003581,20262,2026-12-13 17:47:19,Deposit,50.98,Germany,Card
TX003582,20217,2026-02-08 17:07:51,Card Purchase,126.24,United Kingdom,Card
TX003583,20481,2026-03-20 22:47:10,Bank Transfer,38.96,United States,Online
TX003584,20074,2026-11-28 09:24:02,Card Purchase,12.83,United Kingdom,Mobile
TX003585,20284,2026-08-24 19:12:27,Direct Debit,87.74,United States,Branch
TX003586,20575,2026-01-11 14:08:45,Bank Transfer,44.78,United Kingdom,Card
TX003587,20161,2026-09-01 00:09:05,Direct Debit,85.79,Netherlands,Online
TX003588,20568,2026-06-09 05:50:50,Bank Transfer,36.01,United Kingdom,ATM
TX003589,20466,2026-03-08 03:05:47,Deposit,42.08,France,Card
TX003590,20335,2026-04-04 16:14:02,Cash Withdrawal,654.83,United Kingdom,Card
TX003591,20537,2026-10-22 07:41:40,Card Purchase,742.19,United States,Mobile
TX003592,20054,2026-11-21 23:47:35,Card Purchase,135.81,United Kingdom,Mobile
TX003593,20456,2026-04-11 07:12:00,Card Purchase,172.53,United Kingdom,Mobile
TX003594,20578,2026-07-02 21:33:44,Card Purchase,327.97,United Kingdom,Mobile
TX003595,20319,2026-05-19 21:22:19,Card Purchase,42.68,France,Online
TX003596,20649,2026-11-03 23:39:27,Card Purchase,66.49,United Kingdom,Online
TX003597,20072,2026-01-19 06:31:25,Bank Transfer,29.59,France,Mobile
TX003598,20262,2026-05-21 10:42:58,Card Purchase,58.51,United Kingdom,Online
TX003599,20063,2026-03-30 14:54:46,Card Purchase,47.1,United Kingdom,Mobile
TX003600,20601,2026-08-24 20:23:26,Bank Transfer,101.37,United Kingdom,Branch
TX003601,20276,2026-12-10 11:47:08,Card Purchase,18.82,United Kingdom,Mobile
TX003602,20623,2026-11-06 23:09:39,Bank Transfer,203.07,Nigeria,Mobile
TX003603,20445,2026-02-19 14:07:45,Bank Transfer,193.21,United States,Mobile
TX003604,20435,2026-02-22 22:28:38,Card Purchase,307.58,United Kingdom,Branch
TX003605,20348,2026-11-07 03:55:35,Card Purchase,125.42,Germany,Online
TX003606,20405,2026-08-22 17:32:26,Bank Transfer,73.0,United Kingdom,Online
TX003607,20475,2026-07-27 04:22:14,Card Purchase,202.3,United Kingdom,ATM
TX003608,20282,2026-11-08 22:04:32,Bank Transfer,47.5,United Kingdom,Card
TX003609,20005,2026-02-14 17:30:29,Deposit,80.46,United Kingdom,Mobile
TX003610,20620,2026-02-26 01:12:21,Direct Debit,133.46,United States,Online
TX003611,20354,2026-07-17 12:28:53,Card Purchase,44.26,United Kingdom,Card
TX003612,20534,2026-04-18 07:27:59,Card Purchase,67.9,United Kingdom,Online
TX003613,20395,2026-02-10 17:15:20,Direct Debit,253.16,Ireland,Online
TX003614,20300,2026-09-26 22:25:54,Bank Transfer,6.49,United Kingdom,Card
TX003615,20023,2026-11-24 14:59:41,Card Purchase,131.33,United Kingdom,Mobile
TX003616,20492,2026-08-06 01:37:39,Bank Transfer,516.85,Nigeria,Mobile
TX003617,20431,2026-09-18 22:07:02,Card Purchase,19.07,United Kingdom,Mobile
TX003618,20064,2026-07-11 15:54:15,Direct Debit,11.1,United Kingdom,Card
TX003619,20646,2026-07-07 04:59:47,Cash Withdrawal,242.43,United Kingdom,Mobile
TX003620,20299,2026-06-19 09:10:02,Card Purchase,139.96,United Kingdom,ATM
TX003621,20229,2026-03-23 03:43:46,Card Purchase,238.3,United Kingdom,Mobile
TX003622,20401,2026-01-13 09:40:43,Cash Withdrawal,94.03,United Kingdom,Mobile
TX003623,20402,2026-10-04 06:35:45,Card Purchase,32.6,United States,Online
TX003624,20134,2026-08-07 21:07:06,Deposit,60.77,United States,ATM
TX003625,20418,2026-07-09 03:16:28,Card Purchase,28.1,United Kingdom,Card
TX003626,20207,2026-12-24 15:17:25,Cash Withdrawal,77.71,Nigeria,Mobile
TX003627,20657,2026-01-11 16:38:48,Direct Debit,29.84,United Kingdom,Card
TX003628,20296,2026-09-03 19:57:00,Direct Debit,98.34,United Kingdom,Online
TX003629,20501,2026-01-02 08:02:55,Card Purchase,104.44,United Kingdom,Branch
TX003630,20206,2026-01-25 09:34:07,Bank Transfer,81.63,Ireland,Card
TX003631,20139,2026-11-06 03:37:24,Card Purchase,163.09,United Kingdom,Online
TX003632,20096,2026-04-16 10:56:58,Card Purchase,77.09,United Kingdom,Branch
TX003633,20136,2026-12-24 23:05:50,Bank Transfer,196.99,Netherlands,ATM
TX003634,20184,2026-09-04 03:54:47,Card Purchase,49.3,United Kingdom,Branch
TX003635,20204,2026-12-08 06:46:40,Bank Transfer,146.19,Nigeria,Mobile
TX003636,20455,2026-11-11 19:33:39,Card Purchase,72.96,United Kingdom,Card
TX003637,20292,2026-01-02 05:48:06,Card Purchase,5.78,United Kingdom,Mobile
TX003638,20570,2026-05-22 11:34:32,Direct Debit,15.46,United States,ATM
TX003639,20217,2026-12-09 08:45:07,Card Purchase,13.51,UAE,Mobile
TX003640,20493,2026-12-26 03:06:21,Bank Transfer,134.38,United Kingdom,ATM
TX003641,20015,2026-01-24 13:42:54,Bank Transfer,146.96,Germany,Online
TX003642,20002,2026-11-26 07:24:03,Direct Debit,51.15,United Kingdom,Mobile
TX003643,20161,2026-08-02 14:37:47,Direct Debit,70.73,United Kingdom,Mobile
TX003644,20368,2026-04-18 04:17:01,Card Purchase,81.36,Germany,Online
TX003645,20544,2026-04-05 21:33:44,Card Purchase,311.41,Nigeria,Mobile
TX003646,20198,2026-09-28 13:14:18,Direct Debit,146.59,Spain,Card
TX003647,20197,2026-11-16 08:39:07,Deposit,61.09,United Kingdom,Branch
TX003648,20322,2026-05-19 00:02:18,Bank Transfer,35.56,United Kingdom,ATM
TX003649,20065,2026-11-19 06:24:50,Bank Transfer,27.81,United States,Mobile
TX003650,20084,2026-07-04 04:10:45,Card Purchase,45.1,Spain,Online
TX003651,20247,2026-09-08 02:08:14,Direct Debit,51.54,Ireland,Branch
TX003652,20480,2026-03-17 04:23:40,Card Purchase,194.73,Nigeria,Card
TX003653,20279,2026-07-26 21:46:21,Bank Transfer,169.19,United Kingdom,Online
TX003654,20468,2026-03-20 10:02:11,Deposit,95.58,United States,ATM
TX003655,20114,2026-07-08 03:04:39,Deposit,35.51,UAE,Online
TX003656,20167,2026-10-02 06:56:30,Card Purchase,233.37,United Kingdom,Online
TX003657,20147,2026-10-15 12:14:43,Card Purchase,33.37,United Kingdom,Online
TX003658,20392,2026-01-13 01:54:12,Deposit,75.89,United Kingdom,Mobile
TX003659,20482,2026-01-30 07:53:41,Direct Debit,82.83,United Kingdom,Mobile
TX003660,20175,2026-12-18 18:34:26,Card Purchase,99.25,United Kingdom,Mobile
TX003661,20636,2026-04-15 19:55:37,Card Purchase,28.1,United Kingdom,Card
TX003662,20240,2026-03-20 04:09:49,Card Purchase,95.26,UAE,Card
TX003663,20061,2026-05-26 00:13:50,Deposit,221.94,United Kingdom,Online
TX003664,20064,2026-02-21 07:30:35,Deposit,375.29,United Kingdom,ATM
TX003665,20103,2026-12-06 16:06:17,Cash Withdrawal,83.23,United Kingdom,Online
TX003666,20485,2026-01-03 15:34:28,Card Purchase,12.84,United States,Branch
TX003667,20668,2026-07-06 09:18:39,Bank Transfer,143.48,United Kingdom,Card
TX003668,20270,2026-05-05 22:55:49,Bank Transfer,53.27,Germany,Card
TX003669,20117,2026-01-02 21:19:01,Card Purchase,96.83,Netherlands,Card
TX003670,20136,2026-10-28 23:40:08,Card Purchase,77.16,United Kingdom,Mobile
TX003671,20494,2026-04-26 08:41:25,Card Purchase,28.46,United Kingdom,Card
TX003672,20241,2026-08-20 11:32:03,Card Purchase,31.0,UAE,Online
TX003673,20561,2026-01-31 15:51:22,Card Purchase,127.63,United Kingdom,Online
TX003674,20647,2026-08-13 02:50:44,Card Purchase,236.64,United Kingdom,Mobile
TX003675,20004,2026-11-17 22:49:32,Card Purchase,19.34,United Kingdom,Mobile
TX003676,20306,2026-09-14 22:16:21,Bank Transfer,63.12,Singapore,Online
TX003677,20007,2026-02-16 13:49:06,Card Purchase,38.48,United Kingdom,Mobile
TX003678,20270,2026-07-20 11:26:35,Direct Debit,61.65,Netherlands,Online
TX003679,20455,2026-09-06 06:34:30,Bank Transfer,96.23,United Kingdom,ATM
TX003680,20033,2026-06-08 07:06:52,Card Purchase,75.25,United Kingdom,Card
TX003681,20539,2026-11-14 13:40:22,Card Purchase,57.58,United Kingdom,Card
TX003682,20344,2026-08-11 13:06:54,Direct Debit,286.71,United Kingdom,Mobile
TX003683,20214,2026-02-07 22:13:54,Bank Transfer,287.48,Nigeria,Branch
TX003684,20366,2026-12-24 06:07:44,Card Purchase,18.63,United States,Card
TX003685,20552,2026-09-15 03:22:49,Deposit,45.09,Singapore,Card
TX003686,20371,2026-07-02 08:16:48,Cash Withdrawal,33.93,United Kingdom,ATM
TX003687,20491,2026-06-15 01:31:13,Direct Debit,79.56,United Kingdom,Online
TX003688,20558,2026-04-23 14:15:43,Bank Transfer,594.36,United Kingdom,Mobile
TX003689,20361,2026-12-13 00:59:29,Bank Transfer,86.24,UAE,Card
TX003690,20456,2026-07-23 04:35:55,Card Purchase,33.71,United Kingdom,Online
TX003691,20268,2026-03-09 12:20:57,Direct Debit,175.07,United Kingdom,Online
TX003692,20515,2026-05-11 11:04:51,Card Purchase,179.73,UAE,Online
TX003693,20580,2026-06-19 11:24:24,Direct Debit,90.32,France,Card
TX003694,20152,2026-06-07 13:04:49,Card Purchase,127.63,United Kingdom,Online
TX003695,20357,2026-10-06 19:14:50,Direct Debit,56.73,Nigeria,ATM
TX003696,20623,2026-08-02 07:21:48,Card Purchase,67.95,United Kingdom,Mobile
TX003697,20042,2026-01-03 13:20:45,Card Purchase,41.24,United Kingdom,Online
TX003698,20254,2026-09-29 11:03:48,Bank Transfer,40.0,United Kingdom,Online
TX003699,20584,2026-04-17 10:18:58,Cash Withdrawal,628.09,UAE,Card
TX003700,20264,2026-02-22 16:51:18,Card Purchase,19816.49,United States,Card
TX003701,20350,2026-03-21 06:53:50,Card Purchase,170.15,United Kingdom,Mobile
TX003702,20613,2026-01-24 06:24:25,Card Purchase,108.28,United Kingdom,Mobile
TX003703,20275,2026-12-04 15:29:18,Card Purchase,48.66,United Kingdom,Card
TX003704,20641,2026-09-18 11:06:28,Bank Transfer,334.91,United Kingdom,ATM
TX003705,20448,2026-03-23 05:17:08,Deposit,31.6,Singapore,Online
TX003706,20236,2026-05-20 06:17:17,Direct Debit,9.06,United Kingdom,Branch
TX003707,20442,2026-04-23 09:41:33,Cash Withdrawal,79.02,United Kingdom,ATM
TX003708,20252,2026-02-16 20:37:31,Deposit,55.29,United Kingdom,Mobile
TX003709,20461,2026-12-17 11:24:09,Direct Debit,24.89,United Kingdom,Branch
TX003710,20228,2026-09-04 16:16:42,Deposit,110.72,UAE,Card
TX003711,20563,2026-04-15 20:30:46,Card Purchase,65.25,United States,Branch
TX003712,20186,2026-06-20 16:11:34,Direct Debit,88.52,United Kingdom,ATM
TX003713,20246,2026-01-07 21:03:46,Bank Transfer,58.36,United Kingdom,ATM
TX003714,20336,2026-07-03 06:20:54,Card Purchase,546.6,United Kingdom,Online
TX003715,20429,2026-10-12 00:59:00,Bank Transfer,112.2,France,Card
TX003716,20446,2026-02-22 17:49:52,Bank Transfer,36.37,United Kingdom,Online
TX003717,20646,2026-12-19 02:01:01,Card Purchase,172.4,United Kingdom,Mobile
TX003718,20002,2026-11-27 18:33:48,Direct Debit,99.2,United Kingdom,ATM
TX003719,20013,2026-12-21 13:23:52,Bank Transfer,56.31,Ireland,Mobile
TX003720,20419,2026-12-26 17:51:47,Card Purchase,426.68,Netherlands,Card
TX003721,20570,2026-10-06 23:55:13,Cash Withdrawal,253.12,United States,Card
TX003722,20275,2026-04-27 22:35:27,Card Purchase,318.13,Germany,ATM
TX003723,20090,2026-01-06 21:45:01,Card Purchase,122.25,Netherlands,Online
TX003724,20644,2026-03-04 09:29:53,Deposit,33.85,United Kingdom,Card
TX003725,20329,2026-12-14 02:01:24,Card Purchase,98.38,United Kingdom,Card
TX003726,20088,2026-10-23 04:25:20,Direct Debit,665.89,United Kingdom,Mobile
TX003727,20525,2026-01-24 23:36:14,Direct Debit,110.12,United Kingdom,Card
TX003728,20090,2026-06-23 05:42:58,Card Purchase,5.02,United Kingdom,Online
TX003729,20055,2026-11-14 08:14:45,Card Purchase,233.86,Nigeria,ATM
TX003730,20532,2026-05-10 07:18:07,Direct Debit,452.66,United Kingdom,Mobile
TX003731,20606,2026-09-05 22:07:11,Card Purchase,102.24,United Kingdom,Branch
TX003732,20407,2026-10-31 20:48:06,Bank Transfer,229.08,United Kingdom,Mobile
TX003733,20336,2026-11-27 07:41:26,Card Purchase,19.69,Ireland,Mobile
TX003734,20441,2026-12-11 15:20:33,Bank Transfer,55.15,United Kingdom,ATM
TX003735,20663,2026-10-28 01:49:59,Card Purchase,121.86,United Kingdom,Mobile
TX003736,20524,2026-09-14 21:04:41,Deposit,94.68,France,Online
TX003737,20305,2026-06-30 00:13:04,Deposit,149.15,Germany,Online
TX003738,20415,2026-06-09 19:25:01,Direct Debit,64.9,United States,Card
TX003739,20338,2026-07-04 08:35:00,Card Purchase,19.08,UAE,Card
TX003740,20624,2026-05-19 01:18:00,Card Purchase,683.07,Nigeria,Mobile
TX003741,20293,2026-03-16 19:55:29,Card Purchase,25.14,France,Card
TX003742,20356,2026-09-08 08:53:31,Direct Debit,53.45,United Kingdom,Branch
TX003743,20140,2026-08-23 05:33:35,Bank Transfer,389.24,United Kingdom,Card
TX003744,20143,2026-03-07 11:43:05,Deposit,207.9,Ireland,ATM
TX003745,20319,2026-04-04 01:32:53,Bank Transfer,35.18,Ireland,ATM
TX003746,20074,2026-08-17 19:03:58,Card Purchase,349.17,France,Mobile
TX003747,20364,2026-01-28 18:20:20,Card Purchase,35.59,United Kingdom,Branch
TX003748,20102,2026-12-26 23:10:47,Card Purchase,70.11,United Kingdom,Online
TX003749,20582,2026-09-25 19:15:23,Card Purchase,30.9,United States,Online
TX003750,20171,2026-10-07 06:19:13,Card Purchase,99.8,Netherlands,Mobile
TX003751,20037,2026-11-28 15:00:58,Card Purchase,103.91,United Kingdom,Mobile
TX003752,20339,2026-08-04 05:30:56,Direct Debit,119.19,United States,ATM
TX003753,20439,2026-01-16 23:32:27,Deposit,73.98,United Kingdom,Mobile
TX003754,20225,2026-10-31 12:47:46,Card Purchase,241.11,Germany,Branch
TX003755,20065,2026-10-08 00:25:58,Card Purchase,47.87,United Kingdom,Card
TX003756,20437,2026-05-24 18:22:39,Card Purchase,1212.23,United Kingdom,ATM
TX003757,20217,2026-05-28 02:21:17,Bank Transfer,972.56,United States,Branch
TX003758,20459,2026-08-16 20:55:08,Card Purchase,296.31,United Kingdom,Online
TX003759,20051,2026-12-24 09:47:37,Card Purchase,100.86,United Kingdom,Card
TX003760,20452,2026-06-30 02:48:27,Bank Transfer,178.01,United Kingdom,Mobile
TX003761,20663,2026-03-02 17:22:48,Card Purchase,134.31,United Kingdom,Mobile
TX003762,20045,2026-06-24 10:53:25,Card Purchase,94.18,France,Mobile
TX003763,20476,2026-05-02 16:00:34,Bank Transfer,37.21,Ireland,Online
TX003764,20087,2026-03-14 17:15:25,Bank Transfer,52.06,United Kingdom,Mobile
TX003765,20050,2026-09-30 08:32:54,Bank Transfer,22.31,France,Online
TX003766,20233,2026-12-21 10:20:39,Card Purchase,171.19,United Kingdom,Mobile
TX003767,20260,2026-04-27 02:55:20,Cash Withdrawal,86.29,France,Mobile
TX003768,20358,2026-04-10 22:03:57,Card Purchase,713.03,United Kingdom,Card
TX003769,20404,2026-06-13 14:58:47,Bank Transfer,115.06,Nigeria,Online
TX003770,20491,2026-02-09 20:06:01,Bank Transfer,38.97,United Kingdom,Mobile
TX003771,20377,2026-08-19 16:46:15,Direct Debit,60.07,United Kingdom,Card
TX003772,20095,2026-11-18 20:56:32,Bank Transfer,317.56,United Kingdom,Mobile
TX003773,20522,2026-04-14 11:57:24,Card Purchase,84.93,Nigeria,Mobile
TX003774,20544,2026-07-07 15:20:11,Card Purchase,127.59,United Kingdom,Online
TX003775,20575,2026-09-09 02:02:18,Card Purchase,261.1,United Kingdom,Online
TX003776,20104,2026-07-08 10:28:55,Card Purchase,70.48,United Kingdom,Card
TX003777,20230,2026-11-08 16:48:53,Card Purchase,83.59,United Kingdom,Mobile
TX003778,20214,2026-10-15 23:01:55,Card Purchase,68.8,United Kingdom,Branch
TX003779,20181,2026-12-21 05:35:43,Deposit,43.68,Netherlands,Online
TX003780,20459,2026-08-09 05:30:11,Card Purchase,661.96,United Kingdom,ATM
TX003781,20052,2026-10-27 18:38:34,Card Purchase,79.99,United States,Card
TX003782,20197,2026-02-21 13:48:50,Direct Debit,62.18,Germany,Card
TX003783,20323,2026-09-06 14:57:57,Bank Transfer,220.45,United Kingdom,Card
TX003784,20382,2026-01-25 05:25:18,Bank Transfer,17.19,United Kingdom,Card
TX003785,20220,2026-07-04 18:11:56,Direct Debit,13.84,Nigeria,Mobile
TX003786,20465,2026-10-27 08:25:36,Cash Withdrawal,520.69,United Kingdom,Online
TX003787,20233,2026-06-01 06:06:09,Deposit,12146.23,Germany,Mobile
TX003788,20580,2026-08-22 04:31:48,Bank Transfer,458.08,Germany,Mobile
TX003789,20624,2026-07-19 04:45:31,Card Purchase,39.07,United Kingdom,Mobile
TX003790,20572,2026-12-14 19:00:41,Bank Transfer,68.83,United Kingdom,Card
TX003791,20632,2026-11-11 14:56:10,Bank Transfer,85.28,Netherlands,Card
TX003792,20109,2026-07-10 06:19:11,Bank Transfer,221.4,United Kingdom,Online
TX003793,20021,2026-07-05 17:24:13,Direct Debit,61.6,Nigeria,Online
TX003794,20456,2026-08-01 12:30:57,Bank Transfer,391.93,Netherlands,ATM
TX003795,20172,2026-09-23 21:23:32,Direct Debit,164.56,United States,Mobile
TX003796,20127,2026-09-07 13:31:19,Direct Debit,94.64,United Kingdom,Online
TX003797,20263,2026-05-08 16:24:51,Card Purchase,30.09,France,Card
TX003798,20551,2026-07-26 20:38:51,Bank Transfer,76.55,United Kingdom,ATM
TX003799,20420,2026-12-08 02:18:38,Direct Debit,28.27,Singapore,Online
TX003800,20280,2026-11-21 16:49:43,Cash Withdrawal,19.7,United Kingdom,Online
TX003801,20089,2026-03-12 10:35:28,Bank Transfer,27.73,Singapore,Card
TX003802,20357,2026-06-25 04:15:26,Card Purchase,164.47,Ireland,Card
TX003803,20338,2026-11-14 22:39:29,Direct Debit,67.44,United Kingdom,Mobile
TX003804,20449,2026-03-06 02:33:52,Bank Transfer,99.81,United Kingdom,Card
TX003805,20279,2026-01-13 07:21:12,Direct Debit,30.44,United Kingdom,ATM
TX003806,20521,2026-01-12 21:39:37,Card Purchase,31.79,France,Branch
TX003807,20662,2026-12-26 06:35:56,Card Purchase,354.88,Germany,Card
TX003808,20105,2026-11-20 02:22:28,Card Purchase,12.49,Spain,Card
TX003809,20555,2026-03-15 11:39:47,Card Purchase,45.11,United Kingdom,Branch
TX003810,20631,2026-12-05 09:27:11,Direct Debit,309.76,United Kingdom,Card
TX003811,20144,2026-12-12 13:01:21,Direct Debit,122.95,United Kingdom,Mobile
TX003812,20282,2026-01-19 22:51:40,Card Purchase,43.5,United Kingdom,Card
TX003813,20248,2026-05-06 02:40:55,Bank Transfer,79.17,United Kingdom,Branch
TX003814,20469,2026-02-07 07:39:54,Direct Debit,1213.43,United Kingdom,Mobile
TX003815,20334,2026-02-05 17:28:00,Card Purchase,65.07,United Kingdom,Mobile
TX003816,20141,2026-01-16 19:29:58,Cash Withdrawal,69.15,United Kingdom,Online
TX003817,20090,2026-08-08 09:55:52,Card Purchase,34.58,United Kingdom,Mobile
TX003818,20477,2026-05-02 19:31:39,Deposit,197.06,United Kingdom,Online
TX003819,20064,2026-04-08 19:54:03,Card Purchase,13.43,United Kingdom,Card
TX003820,20217,2026-04-09 15:10:20,Cash Withdrawal,30.64,United Kingdom,Online
TX003821,20642,2026-07-24 08:39:40,Direct Debit,30.21,United Kingdom,Card
TX003822,20198,2026-05-09 02:24:59,Card Purchase,69.49,United Kingdom,Branch
TX003823,20640,2026-11-11 21:55:17,Direct Debit,286.22,United Kingdom,Mobile
TX003824,20637,2026-05-22 04:52:21,Direct Debit,84.58,United Kingdom,Online
TX003825,20021,2026-06-10 11:52:21,Card Purchase,38.91,United Kingdom,ATM
TX003826,20672,2026-03-02 10:55:13,Card Purchase,116.37,Singapore,Mobile
TX003827,20334,2026-12-29 13:32:53,Bank Transfer,180.83,Singapore,Online
TX003828,20053,2026-09-21 11:16:33,Card Purchase,161.94,United Kingdom,Mobile
TX003829,20165,2026-02-04 18:35:16,Bank Transfer,213.44,Singapore,Card
TX003830,20310,2026-02-13 19:59:40,Direct Debit,346.47,United States,ATM
TX003831,20420,2026-08-29 14:15:51,Direct Debit,161.25,United Kingdom,Mobile
TX003832,20380,2026-06-14 04:32:27,Bank Transfer,10626.92,Nigeria,ATM
TX003833,20233,2026-12-12 22:29:08,Card Purchase,11636.06,United Kingdom,Mobile
TX003834,20658,2026-06-01 22:38:13,Card Purchase,41.5,United Kingdom,Branch
TX003835,20440,2026-03-28 02:59:17,Card Purchase,55.57,Ireland,Card
TX003836,20673,2026-10-28 10:50:05,Card Purchase,28.14,Ireland,Mobile
TX003837,20183,2026-02-19 09:40:28,Direct Debit,323.24,United Kingdom,Online
TX003838,20268,2026-07-04 07:19:36,Card Purchase,24.96,United Kingdom,Online
TX003839,20049,2026-09-16 12:01:01,Deposit,29.84,United Kingdom,Mobile
TX003840,20397,2026-07-02 03:38:11,Card Purchase,536.37,UAE,Online
TX003841,20535,2026-02-02 19:42:15,Deposit,44.44,United Kingdom,Online
TX003842,20267,2026-06-21 18:13:15,Bank Transfer,64.71,United States,Mobile
TX003843,20402,2026-08-12 23:34:07,Card Purchase,21.87,Netherlands,Mobile
TX003844,20082,2026-06-30 13:17:39,Card Purchase,383.48,United Kingdom,ATM
TX003845,20662,2026-10-21 18:30:30,Bank Transfer,39.73,Nigeria,Card
TX003846,20382,2026-11-13 14:14:16,Deposit,77.96,Ireland,Mobile
TX003847,20472,2026-08-01 05:01:54,Cash Withdrawal,253.71,United Kingdom,Online
TX003848,20259,2026-12-23 06:54:31,Bank Transfer,11.55,Ireland,Online
TX003849,20196,2026-11-10 15:32:00,Bank Transfer,287.49,United Kingdom,Card
TX003850,20525,2026-04-27 15:14:36,Cash Withdrawal,18.5,United States,Mobile
TX003851,20654,2026-12-14 08:20:59,Deposit,187.72,United Kingdom,Mobile
TX003852,20593,2026-10-05 17:24:38,Card Purchase,55.94,United Kingdom,Online
TX003853,20611,2026-02-17 20:42:25,Card Purchase,399.56,United Kingdom,Mobile
TX003854,20204,2026-10-15 12:55:26,Direct Debit,50.92,United Kingdom,Mobile
TX003855,20353,2026-07-19 15:41:09,Deposit,79.17,United Kingdom,Online
TX003856,20353,2026-02-09 08:28:33,Direct Debit,568.61,United States,Online
TX003857,20325,2026-11-22 22:40:59,Card Purchase,39.14,United Kingdom,ATM
TX003858,20225,2026-08-27 05:16:22,Cash Withdrawal,30.11,United Kingdom,Mobile
TX003859,20571,2026-07-04 03:41:12,Direct Debit,50.03,United Kingdom,Online
TX003860,20411,2026-03-03 03:44:32,Card Purchase,81.71,United Kingdom,Online
TX003861,20191,2026-03-20 16:48:10,Card Purchase,488.54,United Kingdom,Card
TX003862,20629,2026-04-25 04:02:07,Card Purchase,123.06,Singapore,Mobile
TX003863,20440,2026-01-09 15:40:49,Bank Transfer,142.55,Ireland,Card
TX003864,20024,2026-02-02 21:19:05,Card Purchase,140.92,United Kingdom,Mobile
TX003865,20425,2026-02-20 21:06:09,Direct Debit,777.82,Nigeria,Card
TX003866,20056,2026-10-02 12:22:44,Bank Transfer,17.83,Spain,Mobile
TX003867,20345,2026-07-11 22:28:01,Card Purchase,118.94,United Kingdom,Card
TX003868,20104,2026-10-07 16:52:09,Card Purchase,128.94,United Kingdom,Online
TX003869,20633,2026-08-10 04:46:44,Cash Withdrawal,12.04,United Kingdom,Mobile
TX003870,20250,2026-08-09 19:25:14,Direct Debit,82.47,UAE,Mobile
TX003871,20488,2026-07-22 10:41:41,Direct Debit,29.32,United States,Online
TX003872,20280,2026-03-10 14:18:07,Card Purchase,136.64,United Kingdom,Online
TX003873,20256,2026-07-01 14:31:17,Bank Transfer,79.92,Netherlands,Mobile
TX003874,20556,2026-06-23 08:52:56,Card Purchase,10.48,United Kingdom,Mobile
TX003875,20408,2026-10-13 22:40:40,Bank Transfer,225.92,United States,Mobile
TX003876,20214,2026-05-15 02:36:08,Direct Debit,100.7,United Kingdom,Mobile
TX003877,20019,2026-12-30 05:16:21,Card Purchase,63.75,United Kingdom,Online
TX003878,20322,2026-06-28 20:54:33,Direct Debit,30.31,Netherlands,Online
TX003879,20459,2026-01-04 18:37:53,Deposit,91.25,United States,Mobile
TX003880,20150,2026-05-22 11:05:45,Direct Debit,582.03,United States,Mobile
TX003881,20582,2026-07-01 14:59:28,Card Purchase,39.49,United States,Branch
TX003882,20583,2026-09-18 12:31:42,Card Purchase,240.89,United Kingdom,ATM
TX003883,20212,2026-05-03 13:05:55,Card Purchase,238.83,United Kingdom,Mobile
TX003884,20063,2026-10-02 07:42:09,Bank Transfer,58.13,UAE,Mobile
TX003885,20433,2026-05-12 17:27:12,Bank Transfer,284.31,UAE,Online
TX003886,20553,2026-03-17 05:47:41,Card Purchase,131.31,Singapore,Mobile
TX003887,20207,2026-03-18 12:39:22,Card Purchase,96.92,United States,Online
TX003888,20309,2026-07-02 06:19:28,Card Purchase,109.5,Netherlands,Mobile
TX003889,20261,2026-01-30 06:47:44,Direct Debit,15.88,United Kingdom,Card
TX003890,20100,2026-03-22 06:26:14,Card Purchase,183.24,United Kingdom,Branch
TX003891,20242,2026-08-27 10:06:57,Direct Debit,201.38,United Kingdom,Mobile
TX003892,20055,2026-03-24 02:28:40,Card Purchase,65.88,United Kingdom,Card
TX003893,20413,2026-01-09 14:35:37,Bank Transfer,13.52,Nigeria,ATM
TX003894,20270,2026-05-29 00:41:16,Deposit,143.8,United Kingdom,Card
TX003895,20384,2026-09-25 00:33:46,Card Purchase,38.88,United States,Online
TX003896,20219,2026-02-12 08:55:38,Card Purchase,960.25,United Kingdom,Card
TX003897,20255,2026-04-25 09:03:03,Bank Transfer,101.82,United Kingdom,Card
TX003898,20269,2026-11-22 06:21:15,Card Purchase,17.4,Netherlands,Mobile
TX003899,20552,2026-03-20 14:07:37,Bank Transfer,225.95,United Kingdom,Mobile
TX003900,20002,2026-09-28 18:38:12,Direct Debit,365.94,United States,Mobile
TX003901,20281,2026-08-14 19:42:49,Bank Transfer,45.91,United Kingdom,Branch
TX003902,20667,2026-08-29 06:52:26,Card Purchase,15.0,United Kingdom,ATM
TX003903,20540,2026-07-13 21:45:44,Card Purchase,1229.08,United Kingdom,Card
TX003904,20475,2026-04-04 00:34:28,Card Purchase,73.7,United Kingdom,Online
TX003905,20102,2026-06-09 14:33:18,Card Purchase,65.41,United Kingdom,Card
TX003906,20525,2026-11-16 00:40:08,Card Purchase,53.22,United Kingdom,Mobile
TX003907,20132,2026-07-27 01:36:04,Cash Withdrawal,128.92,Nigeria,Online
TX003908,20137,2026-05-07 03:58:02,Deposit,25.23,United Kingdom,ATM
TX003909,20443,2026-11-28 09:40:46,Cash Withdrawal,161.75,United States,Card
TX003910,20222,2026-03-27 05:52:47,Card Purchase,679.72,Nigeria,Card
TX003911,20018,2026-02-06 15:48:44,Card Purchase,319.36,UAE,Mobile
TX003912,20632,2026-10-06 04:10:46,Card Purchase,107.67,France,ATM
TX003913,20383,2026-12-10 13:52:10,Card Purchase,319.57,Spain,Mobile
TX003914,20589,2026-02-16 00:37:30,Card Purchase,84.13,United Kingdom,Mobile
TX003915,20325,2026-08-19 14:04:05,Direct Debit,68.8,Ireland,Mobile
TX003916,20594,2026-06-06 01:25:26,Deposit,6.01,United Kingdom,Card
TX003917,20573,2026-04-09 16:05:24,Card Purchase,22.55,United Kingdom,Online
TX003918,20296,2026-03-15 12:35:23,Bank Transfer,313.62,Nigeria,Card
TX003919,20462,2026-05-24 15:19:02,Card Purchase,160.67,France,ATM
TX003920,20260,2026-10-12 19:29:12,Deposit,367.93,United States,Online
TX003921,20558,2026-01-08 06:34:53,Card Purchase,107.8,Spain,Card
TX003922,20077,2026-06-27 23:46:00,Cash Withdrawal,60.28,United States,Card
TX003923,20024,2026-04-20 05:06:34,Card Purchase,978.51,United Kingdom,Online
TX003924,20672,2026-07-12 10:09:33,Card Purchase,126.04,UAE,Online
TX003925,20117,2026-10-17 08:33:04,Card Purchase,93.84,United Kingdom,Mobile
TX003926,20086,2026-04-04 19:48:03,Card Purchase,656.75,United Kingdom,Online
TX003927,20545,2026-09-03 16:50:27,Card Purchase,281.51,United Kingdom,Mobile
TX003928,20445,2026-01-06 00:09:36,Card Purchase,81.14,United Kingdom,Card
TX003929,20547,2026-05-22 10:54:36,Bank Transfer,43.54,United Kingdom,Card
TX003930,20261,2026-08-24 23:24:56,Cash Withdrawal,26.0,France,Online
TX003931,20209,2026-10-29 20:51:14,Card Purchase,197.28,Spain,Online
TX003932,20189,2026-08-30 00:10:25,Card Purchase,166.2,United Kingdom,ATM
TX003933,20055,2026-02-21 15:15:47,Card Purchase,1514.49,France,Branch
TX003934,20349,2026-07-23 18:09:42,Card Purchase,189.43,Spain,Card
TX003935,20147,2026-01-28 15:04:15,Card Purchase,49.58,United Kingdom,ATM
TX003936,20231,2026-01-09 19:02:45,Card Purchase,753.44,United Kingdom,Online
TX003937,20243,2026-07-13 06:17:51,Card Purchase,76.45,United Kingdom,ATM
TX003938,20022,2026-05-02 09:20:41,Card Purchase,174.71,United States,Mobile
TX003939,20518,2026-07-08 07:46:20,Card Purchase,172.68,United Kingdom,Card
TX003940,20586,2026-10-08 19:57:51,Card Purchase,93.34,United Kingdom,ATM
TX003941,20439,2026-04-06 06:47:40,Bank Transfer,48.06,United Kingdom,Online
TX003942,20306,2026-02-09 19:37:39,Bank Transfer,68.32,Spain,Card
TX003943,20140,2026-05-23 10:58:29,Card Purchase,45.56,United Kingdom,Mobile
TX003944,20553,2026-01-14 04:27:35,Card Purchase,115.4,United Kingdom,Card
TX003945,20284,2026-12-10 06:37:44,Card Purchase,27.49,United Kingdom,Mobile
TX003946,20123,2026-10-23 16:37:14,Card Purchase,257.07,United Kingdom,Card
TX003947,20454,2026-01-10 23:25:26,Card Purchase,11.42,Germany,Mobile
TX003948,20270,2026-08-29 19:29:12,Deposit,23.7,United Kingdom,Mobile
TX003949,20106,2026-11-27 12:08:28,Direct Debit,104.45,United Kingdom,Online
TX003950,20326,2026-08-06 09:54:34,Cash Withdrawal,165.2,UAE,Card
TX003951,20520,2026-04-12 10:48:09,Card Purchase,41.58,United Kingdom,Mobile
TX003952,20047,2026-07-17 05:28:30,Card Purchase,17.68,United Kingdom,Online
TX003953,20417,2026-05-24 01:33:28,Deposit,42.81,Netherlands,Card
TX003954,20629,2026-11-04 15:38:41,Direct Debit,40.14,United Kingdom,Card
TX003955,20340,2026-01-05 02:29:32,Card Purchase,45.1,Ireland,Mobile
TX003956,20384,2026-10-15 01:49:35,Card Purchase,54.6,France,Mobile
TX003957,20172,2026-03-04 18:38:25,Direct Debit,20.68,United Kingdom,Mobile
TX003958,20226,2026-08-17 19:44:02,Card Purchase,23.98,United Kingdom,Online
TX003959,20536,2026-01-22 21:05:54,Bank Transfer,42.98,United Kingdom,Mobile
TX003960,20417,2026-04-04 06:57:06,Direct Debit,48.55,United Kingdom,Mobile
TX003961,20081,2026-12-22 08:57:12,Bank Transfer,84.2,France,ATM
TX003962,20537,2026-02-11 21:38:02,Direct Debit,53.44,United Kingdom,Card
TX003963,20644,2026-07-09 09:19:59,Card Purchase,130.7,United Kingdom,ATM
TX003964,20109,2026-05-17 12:40:32,Cash Withdrawal,93.82,Singapore,Card
TX003965,20083,2026-08-03 21:17:37,Direct Debit,28.72,United Kingdom,Branch
TX003966,20400,2026-08-10 19:27:46,Card Purchase,32.72,United Kingdom,Card
TX003967,20455,2026-07-29 17:04:38,Card Purchase,243.69,United Kingdom,Card
TX003968,20227,2026-01-09 03:28:38,Bank Transfer,117.02,Spain,Mobile
TX003969,20493,2026-04-02 07:04:30,Card Purchase,92.83,United Kingdom,Online
TX003970,20625,2026-06-19 04:54:27,Card Purchase,126.43,Nigeria,Mobile
TX003971,20156,2026-06-09 12:17:41,Direct Debit,270.59,United States,Mobile
TX003972,20385,2026-11-27 10:07:32,Bank Transfer,59.28,United Kingdom,Online
TX003973,20256,2026-11-23 17:43:50,Card Purchase,63.49,United Kingdom,Card
TX003974,20078,2026-07-07 05:51:50,Card Purchase,455.84,United States,Mobile
TX003975,20287,2026-04-15 21:28:59,Direct Debit,100.19,United Kingdom,Card
TX003976,20398,2026-03-13 16:29:05,Card Purchase,115.6,United Kingdom,Mobile
TX003977,20232,2026-05-26 04:01:47,Bank Transfer,111.75,United Kingdom,Mobile
TX003978,20122,2026-09-27 19:45:58,Card Purchase,37.95,United Kingdom,Card
TX003979,20070,2026-08-22 05:40:54,Card Purchase,23.9,United States,Online
TX003980,20159,2026-12-24 18:41:48,Bank Transfer,88.23,France,Online
TX003981,20413,2026-01-02 02:35:07,Bank Transfer,221.74,United Kingdom,ATM
TX003982,20301,2026-09-27 08:27:46,Direct Debit,100.8,United Kingdom,ATM
TX003983,20029,2026-01-30 23:03:36,Direct Debit,157.15,United Kingdom,Mobile
TX003984,20298,2026-06-27 06:51:50,Cash Withdrawal,60.74,UAE,Online
TX003985,20642,2026-07-08 04:18:53,Bank Transfer,65.58,France,Mobile
TX003986,20251,2026-12-24 19:05:46,Card Purchase,508.42,United Kingdom,Online
TX003987,20076,2026-06-04 17:09:19,Card Purchase,42.12,United Kingdom,Mobile
TX003988,20271,2026-01-09 03:44:18,Direct Debit,67.97,Germany,Card
TX003989,20479,2026-05-15 21:50:56,Bank Transfer,38.52,United Kingdom,Card
TX003990,20567,2026-04-21 01:19:35,Bank Transfer,211.72,Netherlands,ATM
TX003991,20482,2026-12-17 01:47:02,Bank Transfer,114.55,United Kingdom,Card
TX003992,20074,2026-03-09 03:56:06,Cash Withdrawal,52.5,United Kingdom,Online
TX003993,20546,2026-02-28 02:52:07,Cash Withdrawal,51.92,United Kingdom,Mobile
TX003994,20006,2026-09-13 19:17:43,Deposit,28.28,United Kingdom,ATM
TX003995,20577,2026-11-11 08:55:55,Deposit,141.38,Ireland,ATM
TX003996,20393,2026-09-23 13:10:57,Card Purchase,115.26,Netherlands,Card
TX003997,20200,2026-03-08 19:03:09,Direct Debit,30.72,United Kingdom,Mobile
TX003998,20100,2026-09-26 09:50:38,Bank Transfer,105.25,United Kingdom,Card
TX003999,20483,2026-11-19 07:00:48,Direct Debit,95.3,United Kingdom,Mobile
TX004000,20436,2026-06-20 11:08:23,Card Purchase,114.75,UAE,Mobile
TX004001,20328,2026-03-19 22:19:01,Card Purchase,129.8,United Kingdom,Mobile
TX004002,20419,2026-04-14 16:16:49,Direct Debit,38.29,United Kingdom,ATM
TX004003,20376,2026-07-18 23:56:13,Direct Debit,27.6,United Kingdom,Online
TX004004,20405,2026-11-07 07:24:30,Bank Transfer,55.24,United Kingdom,Mobile
TX004005,20458,2026-04-07 21:19:07,Card Purchase,138.29,United Kingdom,Online
TX004006,20488,2026-12-07 03:24:06,Card Purchase,58.29,United Kingdom,Mobile
TX004007,20415,2026-01-23 19:18:04,Bank Transfer,27.44,United Kingdom,Card
TX004008,20426,2026-08-14 10:33:32,Card Purchase,7063.34,Spain,Mobile
TX004009,20376,2026-03-29 15:02:32,Deposit,173.43,United Kingdom,Card
TX004010,20664,2026-08-28 16:08:26,Deposit,30.01,United Kingdom,Mobile
TX004011,20422,2026-07-04 04:14:01,Card Purchase,93.61,United Kingdom,Mobile
TX004012,20043,2026-10-26 14:17:20,Card Purchase,83.14,United Kingdom,Online
TX004013,20140,2026-01-25 00:25:21,Card Purchase,90.96,United Kingdom,Online
TX004014,20440,2026-11-26 07:41:31,Card Purchase,52.75,United Kingdom,ATM
TX004015,20602,2026-07-23 02:43:17,Bank Transfer,54.68,France,ATM
TX004016,20605,2026-09-28 21:57:22,Card Purchase,184.56,United Kingdom,Mobile
TX004017,20496,2026-10-09 12:40:45,Card Purchase,43.55,United Kingdom,Online
TX004018,20497,2026-07-11 12:59:21,Card Purchase,111.16,France,Mobile
TX004019,20179,2026-04-02 08:52:47,Direct Debit,49.76,United Kingdom,Card
TX004020,20573,2026-02-28 08:10:16,Card Purchase,28.72,United Kingdom,Online
TX004021,20348,2026-12-30 02:33:17,Bank Transfer,126.34,Singapore,Card
TX004022,20346,2026-02-09 04:01:09,Deposit,827.65,Germany,Branch
TX004023,20424,2026-12-09 23:59:44,Direct Debit,165.14,United Kingdom,Card
TX004024,20062,2026-11-29 02:26:13,Card Purchase,21.18,United Kingdom,Card
TX004025,20118,2026-11-14 22:01:36,Card Purchase,118.12,United States,ATM
TX004026,20569,2026-05-14 08:42:27,Card Purchase,59.35,United Kingdom,Card
TX004027,20330,2026-04-07 21:42:29,Bank Transfer,98.94,United Kingdom,Online
TX004028,20482,2026-01-07 08:07:51,Bank Transfer,75.52,United Kingdom,Online
TX004029,20274,2026-01-01 05:57:22,Cash Withdrawal,360.32,France,Mobile
TX004030,20166,2026-02-02 07:40:17,Card Purchase,22.93,United States,Online
TX004031,20193,2026-06-02 11:16:30,Bank Transfer,214.83,UAE,Online
TX004032,20402,2026-02-13 06:17:18,Bank Transfer,444.45,Spain,Card
TX004033,20323,2026-06-05 03:51:30,Direct Debit,153.94,Ireland,Online
TX004034,20342,2026-01-26 08:54:28,Bank Transfer,9.71,France,Mobile
TX004035,20044,2026-02-12 02:59:37,Card Purchase,96.23,UAE,Card
TX004036,20600,2026-05-12 03:15:46,Card Purchase,81.92,United Kingdom,Online
TX004037,20036,2026-01-19 13:29:37,Bank Transfer,550.36,United Kingdom,Online
TX004038,20089,2026-01-08 18:40:41,Direct Debit,552.97,United Kingdom,Mobile
TX004039,20503,2026-07-27 02:26:07,Card Purchase,134.33,Nigeria,Mobile
TX004040,20046,2026-03-24 12:58:35,Card Purchase,55.56,United Kingdom,Online
TX004041,20288,2026-01-30 11:52:54,Bank Transfer,219.27,Germany,Card
TX004042,20628,2026-12-19 03:44:51,Card Purchase,66.85,France,Card
TX004043,20440,2026-05-15 09:25:43,Bank Transfer,31.76,United Kingdom,ATM
TX004044,20328,2026-06-29 15:58:47,Deposit,56.06,United Kingdom,Mobile
TX004045,20267,2026-10-31 08:32:27,Card Purchase,179.19,Spain,Mobile
TX004046,20067,2026-12-10 03:16:28,Bank Transfer,63.85,United Kingdom,Mobile
TX004047,20430,2026-04-09 22:41:15,Card Purchase,328.63,United Kingdom,Mobile
TX004048,20508,2026-11-14 02:46:14,Card Purchase,102.41,Singapore,Mobile
TX004049,20134,2026-05-23 07:35:50,Card Purchase,136.12,United Kingdom,Online
TX004050,20182,2026-10-01 01:31:10,Card Purchase,85.89,United Kingdom,Online
TX004051,20611,2026-06-08 05:29:11,Deposit,58.39,United Kingdom,Mobile
TX004052,20042,2026-11-18 17:41:13,Bank Transfer,277.53,United Kingdom,Card
TX004053,20594,2026-10-18 09:00:36,Card Purchase,125.71,United Kingdom,Mobile
TX004054,20111,2026-10-04 13:22:00,Direct Debit,54.12,United Kingdom,Card
TX004055,20515,2026-11-14 01:44:29,Card Purchase,392.69,United Kingdom,Mobile
TX004056,20643,2026-07-09 14:19:56,Cash Withdrawal,69.65,Ireland,Online
TX004057,20454,2026-09-17 13:25:34,Bank Transfer,92.33,Germany,Mobile
TX004058,20368,2026-06-09 13:16:20,Card Purchase,157.29,United States,Card
TX004059,20182,2026-05-04 09:02:33,Card Purchase,220.03,United Kingdom,ATM
TX004060,20484,2026-09-02 15:22:23,Card Purchase,272.0,United Kingdom,Mobile
TX004061,20521,2026-01-01 08:41:17,Bank Transfer,17.03,France,Mobile
TX004062,20327,2026-10-17 18:18:03,Direct Debit,433.01,United Kingdom,Card
TX004063,20401,2026-12-27 17:38:26,Card Purchase,132.61,United Kingdom,ATM
TX004064,20310,2026-10-16 18:57:15,Card Purchase,62.68,United Kingdom,Online
TX004065,20185,2026-12-17 02:51:55,Card Purchase,12.18,Spain,Online
TX004066,20263,2026-03-10 21:47:45,Card Purchase,24.87,UAE,Card
TX004067,20285,2026-07-22 16:42:31,Card Purchase,248.31,United Kingdom,Branch
TX004068,20211,2026-04-26 14:56:24,Card Purchase,72.88,United Kingdom,Mobile
TX004069,20116,2026-08-22 10:00:55,Card Purchase,55.99,United Kingdom,Card
TX004070,20470,2026-12-18 19:49:28,Deposit,52.69,United Kingdom,Online
TX004071,20015,2026-09-26 23:32:11,Bank Transfer,51.37,France,Mobile
TX004072,20174,2026-02-15 21:23:59,Card Purchase,27.61,United Kingdom,Online
TX004073,20499,2026-12-31 10:16:07,Card Purchase,50.94,United Kingdom,Online
TX004074,20170,2026-07-19 03:09:47,Bank Transfer,267.47,United States,Card
TX004075,20649,2026-10-08 09:45:28,Card Purchase,46.44,United Kingdom,ATM
TX004076,20036,2026-08-11 14:02:18,Card Purchase,160.33,United Kingdom,Online
TX004077,20474,2026-07-06 12:55:48,Card Purchase,101.22,United Kingdom,Card
TX004078,20409,2026-06-30 19:13:07,Deposit,107.47,Nigeria,Card
TX004079,20358,2026-10-24 07:11:00,Card Purchase,105.51,Nigeria,Card
TX004080,20547,2026-01-27 02:32:49,Bank Transfer,65.63,United Kingdom,Online
TX004081,20171,2026-02-11 22:18:17,Bank Transfer,131.22,United States,Online
TX004082,20526,2026-07-18 14:24:39,Card Purchase,37.2,Nigeria,Online
TX004083,20537,2026-07-02 09:19:54,Bank Transfer,196.75,United States,Card
TX004084,20391,2026-09-14 22:00:42,Card Purchase,502.29,Nigeria,Online
TX004085,20054,2026-02-04 20:29:26,Bank Transfer,63.12,Ireland,Mobile
TX004086,20411,2026-08-01 00:25:07,Bank Transfer,100.2,United Kingdom,Mobile
TX004087,20365,2026-08-06 20:34:15,Cash Withdrawal,46.69,United Kingdom,Card
TX004088,20240,2026-01-13 11:27:24,Deposit,9.5,Germany,Online
TX004089,20468,2026-04-04 12:16:22,Direct Debit,66.56,United Kingdom,Card
TX004090,20063,2026-12-04 07:15:54,Card Purchase,54.55,United Kingdom,ATM
TX004091,20670,2026-08-17 19:31:20,Card Purchase,35.2,Ireland,Mobile
TX004092,20464,2026-05-31 15:41:53,Card Purchase,196.53,Germany,Branch
TX004093,20310,2026-07-28 15:25:47,Bank Transfer,442.93,United States,ATM
TX004094,20584,2026-02-02 20:40:11,Deposit,45.31,United Kingdom,ATM
TX004095,20475,2026-10-03 18:03:31,Card Purchase,2090.13,United States,Mobile
TX004096,20122,2026-02-02 06:14:59,Direct Debit,201.45,United Kingdom,Card
TX004097,20357,2026-03-12 04:01:35,Card Purchase,53.01,United Kingdom,Mobile
TX004098,20489,2026-08-05 12:35:44,Direct Debit,105.03,Ireland,Card
TX004099,20670,2026-07-20 09:23:34,Bank Transfer,52.63,United Kingdom,Online
TX004100,20158,2026-10-05 06:47:01,Bank Transfer,168.66,United Kingdom,Card
TX004101,20392,2026-08-05 09:09:33,Bank Transfer,144.89,United Kingdom,Mobile
TX004102,20555,2026-11-02 21:12:27,Cash Withdrawal,174.94,UAE,Card
TX004103,20210,2026-11-08 20:39:42,Deposit,129.37,United Kingdom,Online
TX004104,20503,2026-01-15 15:14:51,Deposit,119.64,United Kingdom,Card
TX004105,20193,2026-06-21 03:46:52,Bank Transfer,39.61,United Kingdom,Online
TX004106,20005,2026-04-12 02:04:34,Card Purchase,247.3,United Kingdom,Online
TX004107,20332,2026-01-29 21:50:23,Card Purchase,22981.54,United Kingdom,Mobile
TX004108,20260,2026-02-26 16:32:11,Bank Transfer,74.91,United States,Mobile
TX004109,20438,2026-07-09 23:01:35,Card Purchase,55.44,United Kingdom,Branch
TX004110,20494,2026-11-05 01:11:41,Cash Withdrawal,17045.84,Germany,Branch
TX004111,20107,2026-05-21 00:33:48,Card Purchase,107.88,United Kingdom,Mobile
TX004112,20456,2026-05-01 06:01:22,Deposit,8.94,United States,ATM
TX004113,20068,2026-12-21 17:17:46,Card Purchase,107.49,United Kingdom,Online
TX004114,20333,2026-12-27 23:16:31,Card Purchase,153.14,United Kingdom,Online
TX004115,20084,2026-05-22 09:34:07,Deposit,333.79,United Kingdom,Online
TX004116,20152,2026-06-28 11:33:29,Direct Debit,76.01,United Kingdom,ATM
TX004117,20015,2026-02-28 12:17:09,Deposit,73.97,United Kingdom,Card
TX004118,20590,2026-06-12 04:15:52,Bank Transfer,179.11,United Kingdom,Card
TX004119,20036,2026-04-15 05:16:37,Deposit,13.61,Nigeria,Card
TX004120,20520,2026-02-18 01:50:07,Bank Transfer,33.62,Singapore,ATM
TX004121,20341,2026-11-07 16:44:15,Card Purchase,525.47,Ireland,Card
TX004122,20151,2026-07-10 11:49:41,Card Purchase,256.85,Germany,Mobile
TX004123,20310,2026-03-04 21:46:22,Bank Transfer,12.93,United Kingdom,Mobile
TX004124,20319,2026-01-01 22:45:55,Card Purchase,569.5,United Kingdom,Card
TX004125,20305,2026-01-09 21:34:02,Bank Transfer,167.23,United Kingdom,Online
TX004126,20236,2026-12-17 01:25:51,Card Purchase,27.57,United Kingdom,ATM
TX004127,20661,2026-11-29 04:32:47,Card Purchase,211.89,Nigeria,Online
TX004128,20538,2026-03-21 21:44:26,Bank Transfer,105.01,United Kingdom,ATM
TX004129,20538,2026-01-08 03:15:00,Card Purchase,154.31,UAE,Branch
TX004130,20215,2026-04-14 23:06:03,Card Purchase,162.2,UAE,Card
TX004131,20618,2026-08-18 06:21:38,Direct Debit,88.54,Netherlands,Card
TX004132,20266,2026-04-03 07:37:14,Bank Transfer,25.52,United Kingdom,Card
TX004133,20650,2026-11-12 19:21:23,Bank Transfer,77.45,United Kingdom,Online
TX004134,20222,2026-09-03 05:34:45,Card Purchase,42.15,United Kingdom,Branch
TX004135,20132,2026-10-16 14:09:15,Bank Transfer,9.73,United Kingdom,Online
TX004136,20015,2026-08-28 14:03:02,Bank Transfer,87.51,Germany,Online
TX004137,20409,2026-05-10 09:26:26,Card Purchase,96.93,United Kingdom,Branch
TX004138,20345,2026-05-19 15:13:46,Direct Debit,202.45,Netherlands,Online
TX004139,20037,2026-05-04 00:58:20,Direct Debit,27.27,United Kingdom,Mobile
TX004140,20585,2026-06-19 19:24:52,Card Purchase,233.63,Spain,Online
TX004141,20180,2026-11-19 04:01:58,Card Purchase,463.29,United Kingdom,ATM
TX004142,20464,2026-05-12 18:43:33,Bank Transfer,56.81,Netherlands,Online
TX004143,20230,2026-12-10 16:19:44,Cash Withdrawal,305.65,United Kingdom,Online
TX004144,20130,2026-12-25 12:59:45,Card Purchase,180.72,United Kingdom,Card
TX004145,20309,2026-11-24 00:29:45,Bank Transfer,30.49,France,Card
TX004146,20550,2026-12-30 01:08:44,Direct Debit,39.0,UAE,Card
TX004147,20057,2026-12-13 13:41:10,Deposit,28.99,United Kingdom,Online
TX004148,20451,2026-06-03 00:07:33,Card Purchase,16.38,United Kingdom,ATM
TX004149,20090,2026-12-07 08:10:27,Card Purchase,271.39,United Kingdom,Online
TX004150,20636,2026-07-21 22:15:35,Bank Transfer,483.34,United Kingdom,Card
TX004151,20176,2026-01-10 02:41:59,Direct Debit,230.6,UAE,Online
TX004152,20300,2026-01-23 21:36:41,Card Purchase,6.01,United Kingdom,Card
TX004153,20565,2026-02-26 02:36:09,Deposit,58.6,United Kingdom,Card
TX004154,20252,2026-12-31 08:10:41,Card Purchase,71.41,Netherlands,Mobile
TX004155,20374,2026-08-09 11:20:10,Bank Transfer,13948.68,United Kingdom,Mobile
TX004156,20240,2026-11-18 06:21:21,Deposit,100.38,Netherlands,Card
TX004157,20149,2026-10-18 09:48:54,Card Purchase,9.73,United Kingdom,Mobile
TX004158,20496,2026-08-01 13:48:30,Direct Debit,31.88,United Kingdom,Mobile
TX004159,20633,2026-07-27 00:26:35,Card Purchase,70.7,Singapore,ATM
TX004160,20406,2026-05-12 03:11:35,Deposit,112.0,United Kingdom,Card
TX004161,20142,2026-08-16 22:10:45,Deposit,350.53,Singapore,Card
TX004162,20304,2026-07-13 05:47:39,Bank Transfer,130.11,Netherlands,Card
TX004163,20495,2026-01-06 03:33:49,Card Purchase,231.61,Germany,Online
TX004164,20019,2026-08-11 08:53:29,Card Purchase,105.99,United Kingdom,Mobile
TX004165,20243,2026-07-30 20:52:41,Cash Withdrawal,440.64,Singapore,Online
TX004166,20509,2026-01-16 03:08:59,Bank Transfer,1411.8,United Kingdom,Card
TX004167,20127,2026-12-03 17:17:51,Bank Transfer,110.1,United Kingdom,Mobile
TX004168,20399,2026-05-08 17:50:02,Card Purchase,58.09,UAE,Online
TX004169,20306,2026-01-19 23:52:08,Cash Withdrawal,11.13,United Kingdom,Mobile
TX004170,20081,2026-07-28 21:47:42,Card Purchase,75.23,United Kingdom,Mobile
TX004171,20619,2026-07-03 06:06:52,Deposit,316.26,United Kingdom,Card
TX004172,20190,2026-11-08 05:34:19,Card Purchase,81.73,United Kingdom,Online
TX004173,20232,2026-05-24 14:42:46,Card Purchase,96.24,Nigeria,ATM
TX004174,20308,2026-05-08 01:35:41,Deposit,566.08,Netherlands,Branch
TX004175,20032,2026-05-14 21:18:50,Card Purchase,23.47,United Kingdom,Mobile
TX004176,20010,2026-03-04 09:24:40,Deposit,156.44,Singapore,Card
TX004177,20414,2026-04-06 00:37:36,Deposit,116.79,United Kingdom,Card
TX004178,20309,2026-02-15 20:33:37,Card Purchase,147.91,Singapore,Branch
TX004179,20482,2026-09-27 10:50:53,Bank Transfer,55.34,Nigeria,Card
TX004180,20223,2026-12-04 11:20:51,Direct Debit,13.53,United Kingdom,Online
TX004181,20395,2026-08-30 06:31:12,Bank Transfer,83.1,United Kingdom,Online
TX004182,20149,2026-12-20 11:59:07,Deposit,45.47,France,Online
TX004183,20449,2026-09-20 13:04:43,Direct Debit,130.13,United Kingdom,Card
TX004184,20346,2026-12-21 19:21:09,Deposit,363.39,United Kingdom,Online
TX004185,20170,2026-01-08 04:50:00,Card Purchase,1108.46,Singapore,Card
TX004186,20081,2026-04-18 21:43:23,Card Purchase,178.68,France,Card
TX004187,20110,2026-03-14 05:16:34,Card Purchase,152.93,Singapore,Mobile
TX004188,20579,2026-12-29 10:42:31,Direct Debit,72.35,United Kingdom,Card
TX004189,20132,2026-06-03 21:01:28,Bank Transfer,15.6,United Kingdom,Mobile
TX004190,20393,2026-02-11 06:08:40,Bank Transfer,45.27,United Kingdom,Mobile
TX004191,20198,2026-03-19 03:50:28,Direct Debit,1368.06,United Kingdom,ATM
TX004192,20176,2026-04-10 02:49:45,Cash Withdrawal,105.09,United Kingdom,Online
TX004193,20489,2026-01-06 08:07:18,Bank Transfer,48.86,Germany,Branch
TX004194,20469,2026-04-09 03:50:29,Card Purchase,65.49,United Kingdom,Online
TX004195,20674,2026-09-16 21:26:42,Card Purchase,129.29,United Kingdom,Online
TX004196,20602,2026-02-24 02:56:33,Card Purchase,662.18,United Kingdom,Mobile
TX004197,20261,2026-06-18 14:45:47,Card Purchase,495.48,United Kingdom,Mobile
TX004198,20658,2026-12-02 14:20:53,Bank Transfer,57.4,United Kingdom,Card
TX004199,20244,2026-01-04 14:55:26,Cash Withdrawal,54.82,United Kingdom,Card
TX004200,20380,2026-03-23 00:46:08,Direct Debit,413.08,United Kingdom,Online
TX004201,20161,2026-08-04 12:02:05,Card Purchase,66.98,United Kingdom,Card
TX004202,20583,2026-11-26 05:35:06,Bank Transfer,23.3,UAE,Online
TX004203,20424,2026-01-13 05:14:04,Card Purchase,24.7,United Kingdom,Mobile
TX004204,20175,2026-02-28 08:46:04,Card Purchase,84.87,Nigeria,Card
TX004205,20604,2026-09-01 03:07:19,Card Purchase,4.99,United Kingdom,Online
TX004206,20649,2026-08-19 11:15:08,Bank Transfer,9.06,United Kingdom,Card
TX004207,20550,2026-09-15 00:27:46,Cash Withdrawal,75.26,United Kingdom,Mobile
TX004208,20361,2026-04-17 21:45:15,Cash Withdrawal,463.05,Germany,Mobile
TX004209,20398,2026-03-02 00:58:53,Card Purchase,258.6,United Kingdom,ATM
TX004210,20546,2026-10-24 13:58:19,Card Purchase,90.27,Nigeria,Card
TX004211,20184,2026-04-20 16:01:02,Bank Transfer,184.7,Netherlands,Branch
TX004212,20580,2026-05-06 01:32:03,Direct Debit,118.09,United Kingdom,Card
TX004213,20607,2026-11-22 23:49:51,Direct Debit,185.9,United Kingdom,Card
TX004214,20138,2026-02-24 13:49:15,Card Purchase,438.27,United States,Card
TX004215,20513,2026-03-06 04:51:08,Card Purchase,121.84,United Kingdom,Card
TX004216,20164,2026-09-27 00:03:23,Card Purchase,21.27,Nigeria,ATM
TX004217,20177,2026-01-15 08:11:35,Deposit,51.07,United Kingdom,Mobile
TX004218,20302,2026-12-08 07:26:09,Card Purchase,42.62,Ireland,Card
TX004219,20591,2026-12-27 15:44:58,Card Purchase,33.08,United Kingdom,ATM
TX004220,20110,2026-02-26 23:59:43,Card Purchase,69.35,United Kingdom,Online
TX004221,20415,2026-08-19 17:49:40,Direct Debit,36.97,United Kingdom,Card
TX004222,20584,2026-03-26 20:03:41,Direct Debit,134.15,United Kingdom,Online
TX004223,20143,2026-03-26 16:09:54,Deposit,72.36,United Kingdom,Mobile
TX004224,20448,2026-04-08 01:12:31,Card Purchase,17.19,United Kingdom,Mobile
TX004225,20424,2026-03-02 12:22:25,Card Purchase,53.6,United Kingdom,Card
TX004226,20027,2026-10-01 21:02:18,Card Purchase,53.04,United Kingdom,Card
TX004227,20247,2026-03-09 03:00:27,Card Purchase,50.49,Spain,Card
TX004228,20269,2026-11-16 04:44:07,Cash Withdrawal,42.48,Netherlands,Branch
TX004229,20621,2026-02-12 16:03:02,Bank Transfer,189.74,United Kingdom,ATM
TX004230,20256,2026-12-26 16:50:13,Card Purchase,63.27,United Kingdom,Card
TX004231,20178,2026-10-30 17:46:50,Direct Debit,48.92,United Kingdom,Card
TX004232,20438,2026-02-07 13:14:38,Bank Transfer,120.89,United Kingdom,Online
TX004233,20138,2026-12-14 06:59:56,Bank Transfer,81.65,United Kingdom,Mobile
TX004234,20312,2026-12-07 10:51:20,Bank Transfer,62.51,United Kingdom,Online
TX004235,20599,2026-04-06 06:38:54,Bank Transfer,312.27,UAE,Online
TX004236,20616,2026-11-07 22:21:36,Card Purchase,28.03,United Kingdom,Online
TX004237,20201,2026-12-28 14:28:16,Bank Transfer,324.23,United Kingdom,Mobile
TX004238,20667,2026-03-29 01:12:27,Card Purchase,75.67,Nigeria,Mobile
TX004239,20489,2026-02-14 00:38:27,Direct Debit,44.01,United Kingdom,Online
TX004240,20413,2026-04-19 12:20:49,Card Purchase,1309.31,Netherlands,Online
TX004241,20300,2026-01-13 04:43:50,Card Purchase,67.72,United Kingdom,Mobile
TX004242,20310,2026-02-07 05:06:13,Cash Withdrawal,201.57,United Kingdom,Mobile
TX004243,20644,2026-12-21 20:58:05,Cash Withdrawal,33.7,United States,Mobile
TX004244,20218,2026-04-30 21:01:06,Cash Withdrawal,19.51,United Kingdom,Card
TX004245,20339,2026-04-30 21:47:24,Card Purchase,45.83,United States,Online
TX004246,20670,2026-01-13 16:17:06,Bank Transfer,14.21,Germany,Online
TX004247,20495,2026-09-21 04:59:15,Bank Transfer,456.31,United Kingdom,Card
TX004248,20393,2026-10-15 06:19:43,Card Purchase,273.29,Nigeria,Mobile
TX004249,20254,2026-05-01 14:43:58,Card Purchase,34.82,United Kingdom,Online
TX004250,20585,2026-01-28 21:38:26,Bank Transfer,37.6,United Kingdom,Online
TX004251,20296,2026-02-18 01:50:19,Card Purchase,198.8,United Kingdom,Online
TX004252,20370,2026-07-18 00:24:44,Bank Transfer,332.13,United Kingdom,ATM
TX004253,20442,2026-10-05 07:46:41,Deposit,133.61,United Kingdom,ATM
TX004254,20040,2026-07-28 03:41:18,Card Purchase,93.05,United States,ATM
TX004255,20011,2026-05-25 03:08:11,Direct Debit,236.84,United States,ATM
TX004256,20205,2026-09-10 06:25:07,Deposit,139.9,Germany,Card
TX004257,20447,2026-12-19 11:44:56,Bank Transfer,286.98,United Kingdom,Card
TX004258,20106,2026-03-04 02:42:29,Bank Transfer,72.14,UAE,ATM
TX004259,20045,2026-08-12 04:03:58,Card Purchase,33.09,UAE,Mobile
TX004260,20655,2026-04-17 09:16:47,Deposit,13.5,United Kingdom,Online
TX004261,20318,2026-07-15 07:42:16,Direct Debit,11.41,United Kingdom,Branch
TX004262,20134,2026-05-04 12:32:48,Card Purchase,73.8,United Kingdom,Mobile
TX004263,20647,2026-11-01 09:25:53,Card Purchase,563.41,United Kingdom,Card
TX004264,20064,2026-09-11 01:15:20,Card Purchase,56.92,Spain,ATM
TX004265,20357,2026-08-29 21:53:15,Card Purchase,40.35,United Kingdom,Branch
TX004266,20362,2026-03-20 06:25:16,Card Purchase,109.09,Spain,Online
TX004267,20064,2026-05-18 02:25:18,Card Purchase,122.25,United Kingdom,Online
TX004268,20202,2026-11-27 01:05:08,Bank Transfer,551.25,United Kingdom,Online
TX004269,20118,2026-07-16 07:17:09,Direct Debit,253.33,United Kingdom,Mobile
TX004270,20002,2026-12-10 04:25:57,Direct Debit,348.51,Spain,Online
TX004271,20137,2026-12-03 14:26:29,Card Purchase,319.01,United Kingdom,Mobile
TX004272,20107,2026-05-28 13:45:07,Bank Transfer,38.54,United Kingdom,Mobile
TX004273,20603,2026-11-17 08:23:20,Card Purchase,184.83,France,Branch
TX004274,20052,2026-10-28 04:45:30,Direct Debit,1608.81,United Kingdom,Card
TX004275,20325,2026-02-19 04:26:33,Bank Transfer,56.45,Spain,Mobile
TX004276,20064,2026-05-24 07:41:32,Bank Transfer,70.05,United Kingdom,Card
TX004277,20288,2026-03-10 04:53:02,Cash Withdrawal,40.79,UAE,ATM
TX004278,20265,2026-06-06 04:58:18,Card Purchase,186.91,United Kingdom,Mobile
TX004279,20467,2026-05-06 12:05:02,Card Purchase,91.69,France,Mobile
TX004280,20345,2026-06-25 20:56:11,Card Purchase,28.0,United Kingdom,Mobile
TX004281,20409,2026-08-18 19:08:26,Card Purchase,93.46,United States,Card
TX004282,20219,2026-04-19 11:02:58,Card Purchase,147.89,Ireland,Card
TX004283,20416,2026-03-03 14:55:20,Bank Transfer,77.82,Nigeria,ATM
TX004284,20427,2026-04-28 08:52:27,Deposit,11.56,United Kingdom,Online
TX004285,20340,2026-09-28 14:55:20,Bank Transfer,61.64,United Kingdom,Mobile
TX004286,20435,2026-03-31 03:11:14,Deposit,282.87,United States,Online
TX004287,20045,2026-06-07 13:39:16,Card Purchase,40.39,UAE,Branch
TX004288,20636,2026-09-20 14:56:46,Card Purchase,222.99,United Kingdom,Online
TX004289,20550,2026-02-17 16:10:11,Deposit,162.68,United Kingdom,Online
TX004290,20395,2026-02-04 12:46:26,Bank Transfer,23.05,Germany,Online
TX004291,20080,2026-07-28 14:10:58,Cash Withdrawal,163.25,UAE,ATM
TX004292,20272,2026-03-24 22:05:30,Cash Withdrawal,40.86,United Kingdom,Branch
TX004293,20190,2026-03-08 21:59:51,Card Purchase,202.8,Spain,Online
TX004294,20590,2026-02-22 04:08:47,Direct Debit,372.84,United Kingdom,Card
TX004295,20009,2026-10-08 14:31:01,Bank Transfer,27.93,United Kingdom,Online
TX004296,20417,2026-08-30 21:06:08,Direct Debit,13.11,United Kingdom,Card
TX004297,20426,2026-09-09 21:07:09,Card Purchase,8.84,Netherlands,Online
TX004298,20286,2026-07-09 20:31:03,Bank Transfer,14.52,United Kingdom,Card
TX004299,20252,2026-06-02 18:40:57,Direct Debit,105.0,Spain,Online
TX004300,20640,2026-08-22 11:25:29,Bank Transfer,2.59,United Kingdom,Mobile
TX004301,20183,2026-01-15 05:27:06,Bank Transfer,21.78,Germany,Card
TX004302,20288,2026-03-23 06:17:22,Card Purchase,329.52,Netherlands,Mobile
TX004303,20569,2026-06-05 00:42:00,Card Purchase,226.79,United Kingdom,Card
TX004304,20322,2026-06-05 11:16:35,Bank Transfer,134.62,United Kingdom,Online
TX004305,20596,2026-12-20 04:45:00,Card Purchase,159.0,United Kingdom,Mobile
TX004306,20373,2026-02-02 13:10:58,Card Purchase,339.75,United Kingdom,Card
TX004307,20664,2026-12-29 00:53:05,Bank Transfer,92.74,United Kingdom,Mobile
TX004308,20586,2026-07-31 08:49:37,Direct Debit,44.71,UAE,Card
TX004309,20572,2026-02-12 23:34:47,Card Purchase,91.31,United Kingdom,Branch
TX004310,20553,2026-07-30 19:43:40,Cash Withdrawal,188.6,Netherlands,Online
TX004311,20120,2026-04-03 03:28:59,Card Purchase,38.07,France,Card
TX004312,20559,2026-04-30 03:53:24,Card Purchase,291.87,Ireland,Mobile
TX004313,20527,2026-10-29 19:14:09,Card Purchase,39.88,UAE,Online
TX004314,20629,2026-12-18 01:25:09,Bank Transfer,79.5,UAE,Card
TX004315,20451,2026-12-13 08:31:52,Card Purchase,8.57,United Kingdom,Online
TX004316,20325,2026-11-01 21:56:11,Deposit,45.67,Nigeria,Online
TX004317,20173,2026-05-09 18:46:53,Card Purchase,10.27,United Kingdom,Online
TX004318,20384,2026-08-24 07:05:20,Card Purchase,34.69,United Kingdom,Card
TX004319,20436,2026-12-27 22:45:11,Bank Transfer,8.9,UAE,Mobile
TX004320,20577,2026-10-14 19:03:45,Bank Transfer,93.38,United Kingdom,Online
TX004321,20363,2026-09-27 17:45:30,Bank Transfer,297.4,United States,Mobile
TX004322,20388,2026-05-20 04:10:29,Card Purchase,76.92,Germany,ATM
TX004323,20533,2026-01-01 23:10:36,Card Purchase,82.17,United Kingdom,Branch
TX004324,20646,2026-09-12 09:15:17,Cash Withdrawal,23.03,United Kingdom,Card
TX004325,20069,2026-07-21 15:44:58,Direct Debit,54.58,United Kingdom,Online
TX004326,20312,2026-06-18 20:53:27,Direct Debit,17.54,United Kingdom,Online
TX004327,20082,2026-11-01 13:57:41,Direct Debit,163.87,United Kingdom,Mobile
TX004328,20571,2026-07-03 16:12:54,Card Purchase,89.8,United States,Mobile
TX004329,20565,2026-10-15 20:30:11,Card Purchase,310.05,United Kingdom,Card
TX004330,20101,2026-10-19 21:53:26,Direct Debit,51.83,United Kingdom,Branch
TX004331,20201,2026-12-27 06:08:27,Direct Debit,29.65,United Kingdom,Online
TX004332,20495,2026-04-28 19:54:33,Bank Transfer,700.87,United States,Card
TX004333,20360,2026-09-21 03:46:15,Card Purchase,7.38,Ireland,Mobile
TX004334,20083,2026-10-05 02:06:02,Card Purchase,314.52,Singapore,Mobile
TX004335,20195,2026-11-23 12:11:17,Card Purchase,99.15,United States,Mobile
TX004336,20540,2026-11-27 05:55:31,Card Purchase,106.22,United Kingdom,Card
TX004337,20066,2026-07-15 08:47:22,Direct Debit,31.56,United Kingdom,Mobile
TX004338,20443,2026-06-10 03:14:53,Card Purchase,103.15,UAE,Mobile
TX004339,20177,2026-01-25 11:13:28,Deposit,285.83,United Kingdom,Mobile
TX004340,20357,2026-07-25 08:20:36,Card Purchase,64.12,United States,ATM
TX004341,20290,2026-11-23 18:32:23,Card Purchase,137.51,Ireland,Online
TX004342,20557,2026-06-26 11:01:57,Card Purchase,132.97,France,Card
TX004343,20452,2026-11-25 13:09:08,Bank Transfer,62.62,United Kingdom,Card
TX004344,20451,2026-08-13 16:54:58,Bank Transfer,45.22,United Kingdom,Online
TX004345,20548,2026-08-06 11:23:34,Card Purchase,148.32,United Kingdom,Mobile
TX004346,20528,2026-06-21 21:43:21,Bank Transfer,46.01,Ireland,Mobile
TX004347,20130,2026-04-03 05:07:30,Bank Transfer,440.18,United States,Online
TX004348,20187,2026-09-14 23:00:07,Card Purchase,783.17,United Kingdom,ATM
TX004349,20136,2026-01-31 13:53:50,Direct Debit,32.23,Singapore,Card
TX004350,20479,2026-08-29 19:41:23,Card Purchase,171.12,United Kingdom,Online
TX004351,20521,2026-07-24 08:32:00,Card Purchase,31.37,United Kingdom,Mobile
TX004352,20428,2026-09-16 09:37:14,Card Purchase,153.47,Nigeria,ATM
TX004353,20031,2026-10-30 09:41:18,Direct Debit,45.91,Singapore,Online
TX004354,20421,2026-11-23 15:05:28,Bank Transfer,280.76,Nigeria,Branch
TX004355,20511,2026-02-28 06:07:09,Bank Transfer,126.39,Nigeria,Online
TX004356,20303,2026-10-19 02:38:47,Bank Transfer,46.19,United States,Card
TX004357,20475,2026-03-17 16:15:32,Cash Withdrawal,68.9,Spain,Mobile
TX004358,20408,2026-07-09 10:56:03,Card Purchase,537.66,United Kingdom,Mobile
TX004359,20665,2026-08-14 11:23:50,Direct Debit,355.58,Spain,Mobile
TX004360,20170,2026-06-28 08:30:09,Card Purchase,438.4,United Kingdom,Mobile
TX004361,20103,2026-03-30 13:53:12,Cash Withdrawal,39.75,United Kingdom,Online
TX004362,20186,2026-08-27 02:35:51,Direct Debit,250.71,Nigeria,Mobile
TX004363,20003,2026-08-25 08:56:13,Card Purchase,63.79,United Kingdom,Online
TX004364,20383,2026-07-02 00:22:26,Cash Withdrawal,55.51,United Kingdom,Mobile
TX004365,20587,2026-01-31 05:38:03,Card Purchase,107.18,United States,Card
TX004366,20059,2026-04-27 09:04:54,Bank Transfer,60.15,United Kingdom,Mobile
TX004367,20180,2026-12-11 16:09:45,Bank Transfer,47.29,Spain,Online
TX004368,20658,2026-02-03 00:53:59,Card Purchase,82.49,United Kingdom,Mobile
TX004369,20181,2026-02-22 23:45:02,Card Purchase,318.76,Netherlands,Card
TX004370,20177,2026-08-21 18:54:05,Bank Transfer,80.68,United Kingdom,Mobile
TX004371,20142,2026-05-05 14:42:12,Card Purchase,45.86,United States,Mobile
TX004372,20232,2026-01-22 14:22:26,Card Purchase,208.52,United Kingdom,Branch
TX004373,20534,2026-04-07 11:36:12,Card Purchase,22.26,Singapore,Online
TX004374,20411,2026-07-01 03:31:35,Card Purchase,734.34,France,Mobile
TX004375,20577,2026-09-07 18:41:52,Direct Debit,109.61,Germany,Mobile
TX004376,20213,2026-08-16 00:55:01,Direct Debit,37.06,United Kingdom,Mobile
TX004377,20325,2026-03-26 18:13:29,Deposit,342.57,United Kingdom,Card
TX004378,20596,2026-03-25 04:19:16,Deposit,12.21,Netherlands,Mobile
TX004379,20570,2026-09-02 13:52:36,Card Purchase,29.77,France,Card
TX004380,20185,2026-07-31 20:28:52,Deposit,147.04,United Kingdom,Mobile
TX004381,20278,2026-05-13 15:04:35,Bank Transfer,491.44,United Kingdom,Mobile
TX004382,20662,2026-08-26 09:55:36,Card Purchase,88.86,United Kingdom,Card
TX004383,20055,2026-03-22 12:46:56,Direct Debit,577.06,United Kingdom,Mobile
TX004384,20292,2026-01-26 19:43:21,Cash Withdrawal,21738.02,Germany,Card
TX004385,20191,2026-10-06 15:05:02,Deposit,91.35,United Kingdom,Mobile
TX004386,20407,2026-12-02 01:27:58,Bank Transfer,200.28,Singapore,ATM
TX004387,20427,2026-02-04 18:51:59,Cash Withdrawal,152.5,France,ATM
TX004388,20380,2026-07-01 04:07:18,Bank Transfer,597.83,Germany,Online
TX004389,20155,2026-03-24 21:42:12,Bank Transfer,60.73,United Kingdom,Mobile
TX004390,20294,2026-01-19 00:34:04,Direct Debit,36.48,Singapore,Card
TX004391,20542,2026-12-04 17:40:33,Bank Transfer,181.24,United Kingdom,Online
TX004392,20595,2026-06-16 10:44:30,Card Purchase,30.4,United Kingdom,Card
TX004393,20272,2026-07-10 11:40:33,Direct Debit,120.98,United Kingdom,Mobile
TX004394,20186,2026-08-03 06:31:43,Bank Transfer,43.64,Singapore,Mobile
TX004395,20575,2026-11-11 18:26:24,Deposit,16.12,United Kingdom,Mobile
TX004396,20403,2026-06-25 21:57:38,Direct Debit,22.43,Netherlands,Online
TX004397,20316,2026-02-28 15:07:00,Cash Withdrawal,78.06,Ireland,Mobile
TX004398,20019,2026-07-17 08:08:15,Card Purchase,229.76,United Kingdom,Card
TX004399,20485,2026-10-03 15:43:09,Direct Debit,480.63,United Kingdom,Branch
TX004400,20128,2026-06-19 08:42:22,Bank Transfer,70.87,Netherlands,Card
TX004401,20088,2026-06-05 16:27:11,Card Purchase,244.21,United Kingdom,Card
TX004402,20652,2026-05-23 18:18:12,Card Purchase,622.03,United Kingdom,Mobile
TX004403,20084,2026-10-17 21:09:41,Deposit,2864.23,United Kingdom,Mobile
TX004404,20359,2026-07-02 14:19:40,Card Purchase,220.9,United Kingdom,Mobile
TX004405,20655,2026-01-30 11:47:12,Direct Debit,16.37,United Kingdom,Card
TX004406,20305,2026-12-21 02:05:06,Card Purchase,19.82,United States,Branch
TX004407,20635,2026-01-27 05:06:18,Card Purchase,56.27,France,Mobile
TX004408,20517,2026-02-02 23:29:59,Card Purchase,83.67,Singapore,Card
TX004409,20571,2026-09-12 01:52:03,Card Purchase,164.46,United States,Card
TX004410,20444,2026-10-11 01:14:44,Direct Debit,263.94,UAE,Online
TX004411,20572,2026-11-10 12:18:47,Deposit,23.19,United Kingdom,Mobile
TX004412,20553,2026-02-22 20:38:26,Cash Withdrawal,51.94,United States,ATM
TX004413,20190,2026-12-12 08:42:42,Bank Transfer,131.95,United States,Card
TX004414,20479,2026-06-07 09:53:50,Bank Transfer,31.83,United Kingdom,Mobile
TX004415,20311,2026-04-17 17:20:22,Bank Transfer,273.46,United Kingdom,Mobile
TX004416,20510,2026-04-18 21:24:23,Bank Transfer,4.22,United Kingdom,Online
TX004417,20234,2026-03-12 14:30:03,Card Purchase,36.92,United Kingdom,Online
TX004418,20462,2026-09-04 23:42:43,Deposit,12.78,United Kingdom,Mobile
TX004419,20331,2026-03-27 12:18:14,Deposit,194.59,Ireland,Card
TX004420,20499,2026-04-01 16:00:07,Card Purchase,31.96,United Kingdom,Mobile
TX004421,20151,2026-10-10 09:45:09,Bank Transfer,34.69,Spain,Mobile
TX004422,20172,2026-11-25 15:34:45,Card Purchase,45.23,United Kingdom,Online
TX004423,20275,2026-03-01 02:11:21,Card Purchase,10.93,United Kingdom,Online
TX004424,20400,2026-10-10 20:48:28,Card Purchase,124.8,United Kingdom,Card
TX004425,20667,2026-10-23 01:55:55,Bank Transfer,30.26,United Kingdom,Card
TX004426,20207,2026-03-24 00:19:29,Card Purchase,325.77,United Kingdom,Mobile
TX004427,20296,2026-02-24 05:27:36,Card Purchase,171.27,United Kingdom,ATM
TX004428,20102,2026-09-06 03:04:51,Card Purchase,387.93,France,ATM
TX004429,20212,2026-12-21 20:28:47,Card Purchase,55.05,United Kingdom,Mobile
TX004430,20600,2026-08-20 22:38:52,Deposit,139.85,United Kingdom,Card
TX004431,20256,2026-10-18 14:20:25,Direct Debit,286.57,United States,ATM
TX004432,20158,2026-03-07 14:58:25,Cash Withdrawal,105.64,United Kingdom,ATM
TX004433,20472,2026-08-25 08:19:16,Card Purchase,1387.23,UAE,Card
TX004434,20211,2026-09-27 03:31:25,Card Purchase,72.19,Germany,Card
TX004435,20559,2026-11-27 12:59:19,Direct Debit,147.84,United Kingdom,Online
TX004436,20315,2026-06-03 14:58:37,Card Purchase,234.8,United Kingdom,ATM
TX004437,20275,2026-12-14 11:36:29,Cash Withdrawal,47.19,United Kingdom,Card
TX004438,20389,2026-12-12 05:56:33,Bank Transfer,66.06,United States,Mobile
TX004439,20002,2026-02-19 16:46:47,Card Purchase,145.24,Netherlands,Card
TX004440,20049,2026-12-16 07:33:27,Cash Withdrawal,16.43,United Kingdom,ATM
TX004441,20675,2026-11-08 22:38:58,Card Purchase,71.88,United Kingdom,Card
TX004442,20490,2026-03-25 02:06:04,Direct Debit,9.23,United Kingdom,Mobile
TX004443,20448,2026-11-02 07:44:46,Card Purchase,292.36,Singapore,Online
TX004444,20177,2026-01-26 19:17:30,Card Purchase,404.0,Germany,Branch
TX004445,20113,2026-10-03 03:52:55,Card Purchase,25.87,United Kingdom,Card
TX004446,20315,2026-05-02 02:07:12,Direct Debit,512.51,United Kingdom,Mobile
TX004447,20057,2026-03-09 04:14:53,Bank Transfer,77.84,Singapore,Mobile
TX004448,20207,2026-09-18 14:18:29,Deposit,176.66,United Kingdom,Card
TX004449,20628,2026-08-10 07:14:14,Card Purchase,94.53,United Kingdom,Online
TX004450,20118,2026-02-01 18:32:31,Direct Debit,53.0,United Kingdom,Mobile
TX004451,20072,2026-06-17 23:02:08,Direct Debit,50.79,United Kingdom,Card
TX004452,20145,2026-08-23 23:03:29,Card Purchase,140.5,United Kingdom,Card
TX004453,20033,2026-02-26 06:36:27,Card Purchase,326.34,United Kingdom,Branch
TX004454,20431,2026-08-25 20:08:24,Card Purchase,773.18,Germany,Card
TX004455,20341,2026-11-14 05:10:49,Card Purchase,23.68,Singapore,Online
TX004456,20589,2026-02-05 03:23:44,Card Purchase,32.03,Netherlands,Card
TX004457,20016,2026-07-25 11:08:28,Direct Debit,177.31,UAE,Card
TX004458,20410,2026-02-01 06:56:39,Direct Debit,30.17,Singapore,Online
TX004459,20306,2026-01-28 18:03:59,Direct Debit,120.45,Singapore,Mobile
TX004460,20599,2026-05-29 19:04:52,Card Purchase,94.68,United Kingdom,Branch
TX004461,20243,2026-08-13 08:22:25,Direct Debit,37.95,Germany,Online
TX004462,20558,2026-03-10 06:50:07,Cash Withdrawal,126.92,United Kingdom,Card
TX004463,20090,2026-05-10 09:59:54,Bank Transfer,134.35,United Kingdom,ATM
TX004464,20012,2026-05-04 09:19:11,Card Purchase,64.27,United Kingdom,Mobile
TX004465,20170,2026-01-10 19:23:13,Card Purchase,107.72,United Kingdom,Mobile
TX004466,20594,2026-03-29 11:40:25,Card Purchase,283.05,United Kingdom,Mobile
TX004467,20430,2026-08-27 04:53:43,Deposit,201.09,United Kingdom,Card
TX004468,20475,2026-08-09 05:03:40,Direct Debit,73.87,Germany,Online
TX004469,20149,2026-04-12 09:18:28,Bank Transfer,28.47,United Kingdom,Online
TX004470,20031,2026-03-12 20:39:51,Card Purchase,155.51,Singapore,ATM
TX004471,20184,2026-09-05 19:29:56,Card Purchase,38.75,France,ATM
TX004472,20561,2026-02-25 18:48:52,Card Purchase,103.66,Netherlands,Online
TX004473,20219,2026-01-25 01:04:18,Bank Transfer,333.29,United Kingdom,Online
TX004474,20213,2026-09-28 12:13:18,Card Purchase,12.24,United Kingdom,Mobile
TX004475,20157,2026-02-22 12:00:57,Deposit,343.76,Singapore,Online
TX004476,20259,2026-05-05 08:26:00,Card Purchase,71.19,United Kingdom,Card
TX004477,20424,2026-10-08 17:17:12,Card Purchase,69.23,Singapore,Mobile
TX004478,20222,2026-03-16 13:18:03,Cash Withdrawal,113.63,United Kingdom,Mobile
TX004479,20639,2026-01-21 15:44:40,Deposit,402.04,United States,Card
TX004480,20631,2026-10-04 08:09:19,Cash Withdrawal,37.67,United Kingdom,ATM
TX004481,20654,2026-11-18 17:50:57,Direct Debit,53.03,Ireland,Online
TX004482,20246,2026-09-21 14:09:23,Bank Transfer,178.5,United Kingdom,Card
TX004483,20423,2026-07-12 20:02:34,Card Purchase,31.08,United Kingdom,Online
TX004484,20199,2026-06-10 08:11:46,Card Purchase,95.35,Singapore,ATM
TX004485,20071,2026-10-01 23:31:42,Direct Debit,47.14,United Kingdom,Mobile
TX004486,20262,2026-06-18 01:12:40,Direct Debit,21.3,Singapore,Card
TX004487,20337,2026-06-21 04:12:44,Card Purchase,34.17,United Kingdom,Mobile
TX004488,20514,2026-01-21 15:15:48,Deposit,365.94,United Kingdom,ATM
TX004489,20609,2026-12-11 20:45:42,Bank Transfer,20.49,United Kingdom,ATM
TX004490,20669,2026-01-30 18:12:39,Deposit,274.48,United Kingdom,Card
TX004491,20040,2026-10-09 14:11:02,Cash Withdrawal,139.35,France,Card
TX004492,20462,2026-08-25 09:46:25,Card Purchase,32.71,France,Mobile
TX004493,20255,2026-11-10 16:01:37,Bank Transfer,146.14,Spain,Mobile
TX004494,20371,2026-07-16 00:52:52,Card Purchase,475.35,United Kingdom,Online
TX004495,20621,2026-07-20 16:58:51,Card Purchase,82.05,United Kingdom,Mobile
TX004496,20384,2026-02-14 02:21:40,Direct Debit,196.71,United Kingdom,Branch
TX004497,20289,2026-04-01 02:28:28,Deposit,35.35,Spain,Mobile
TX004498,20060,2026-06-18 08:34:04,Direct Debit,7.35,United Kingdom,Card
TX004499,20247,2026-09-16 21:08:23,Bank Transfer,22.13,Netherlands,Mobile
TX004500,20673,2026-05-21 17:58:54,Bank Transfer,64.54,United Kingdom,Mobile
TX004501,20662,2026-11-22 22:14:20,Deposit,308.21,Ireland,Mobile
TX004502,20205,2026-10-19 21:22:26,Card Purchase,26.26,Nigeria,Mobile
TX004503,20580,2026-10-14 17:57:22,Bank Transfer,27.66,United Kingdom,ATM
TX004504,20496,2026-12-11 17:11:15,Bank Transfer,85.83,Spain,Card
TX004505,20114,2026-05-25 00:40:35,Bank Transfer,321.45,United Kingdom,Branch
TX004506,20153,2026-01-06 00:43:56,Direct Debit,34.04,United Kingdom,Card
TX004507,20304,2026-10-24 10:53:00,Card Purchase,13.38,United Kingdom,Online
TX004508,20013,2026-03-02 03:51:20,Cash Withdrawal,58.41,UAE,Branch
TX004509,20229,2026-11-19 16:43:57,Card Purchase,107.26,United Kingdom,Online
TX004510,20084,2026-12-30 20:42:41,Card Purchase,312.47,UAE,Card
TX004511,20206,2026-10-04 08:02:08,Card Purchase,155.07,United Kingdom,Branch
TX004512,20510,2026-07-15 01:40:21,Card Purchase,134.57,United Kingdom,Online
TX004513,20594,2026-10-16 03:07:08,Deposit,23.35,United Kingdom,Online
TX004514,20201,2026-07-28 05:42:13,Card Purchase,31.54,United Kingdom,Mobile
TX004515,20151,2026-06-11 02:27:56,Card Purchase,52.04,Nigeria,Online
TX004516,20580,2026-11-18 18:05:13,Bank Transfer,853.29,Netherlands,Online
TX004517,20575,2026-08-24 17:23:12,Card Purchase,95.34,United Kingdom,Card
TX004518,20535,2026-09-29 17:36:11,Card Purchase,47.16,Singapore,Mobile
TX004519,20620,2026-05-09 12:18:44,Direct Debit,147.6,United Kingdom,Branch
TX004520,20492,2026-02-03 22:55:13,Direct Debit,21.63,United Kingdom,Branch
TX004521,20624,2026-11-13 15:47:11,Direct Debit,43.92,Germany,Mobile
TX004522,20021,2026-05-03 06:31:25,Deposit,73.8,United Kingdom,Mobile
TX004523,20589,2026-04-30 18:26:52,Bank Transfer,98.67,Nigeria,Branch
TX004524,20557,2026-11-15 17:12:07,Deposit,77.52,United Kingdom,ATM
TX004525,20131,2026-10-03 23:04:16,Bank Transfer,114.19,United Kingdom,Online
TX004526,20502,2026-11-07 07:39:28,Card Purchase,58.96,Ireland,Online
TX004527,20142,2026-01-31 19:17:52,Bank Transfer,155.69,United Kingdom,Mobile
TX004528,20370,2026-06-15 11:51:11,Bank Transfer,94.91,Nigeria,Card
TX004529,20432,2026-08-27 11:43:15,Card Purchase,25.73,United Kingdom,Mobile
TX004530,20208,2026-11-08 15:41:10,Card Purchase,53.32,United Kingdom,Mobile
TX004531,20469,2026-09-28 00:19:14,Cash Withdrawal,115.66,Netherlands,Mobile
TX004532,20230,2026-03-08 22:23:52,Direct Debit,14586.91,France,Mobile
TX004533,20305,2026-11-26 21:58:28,Card Purchase,85.18,United Kingdom,Card
TX004534,20674,2026-05-07 06:43:01,Direct Debit,91.91,United Kingdom,Online
TX004535,20400,2026-07-20 16:21:32,Direct Debit,40.5,United Kingdom,Online
TX004536,20500,2026-04-11 14:44:45,Card Purchase,394.87,France,Mobile
TX004537,20539,2026-06-08 13:20:33,Card Purchase,57.92,UAE,Card
TX004538,20496,2026-09-17 12:18:19,Card Purchase,220.81,United Kingdom,Card
TX004539,20050,2026-07-19 06:30:57,Direct Debit,112.21,Singapore,Mobile
TX004540,20223,2026-08-07 01:48:04,Direct Debit,388.86,UAE,Mobile
TX004541,20111,2026-08-03 16:15:12,Bank Transfer,38.45,United States,Mobile
TX004542,20667,2026-03-21 07:11:44,Deposit,43.71,United States,Online
TX004543,20187,2026-09-17 16:06:09,Card Purchase,51.8,Nigeria,Online
TX004544,20448,2026-09-11 21:26:28,Deposit,696.4,Singapore,Card
TX004545,20216,2026-12-26 14:16:03,Deposit,139.45,Netherlands,Card
TX004546,20173,2026-01-08 04:49:38,Card Purchase,33.88,United Kingdom,Mobile
TX004547,20405,2026-12-15 03:57:07,Card Purchase,384.6,United Kingdom,Online
TX004548,20267,2026-04-12 10:30:35,Bank Transfer,27.95,United Kingdom,Mobile
TX004549,20303,2026-11-05 11:08:47,Card Purchase,51.74,United Kingdom,ATM
TX004550,20443,2026-03-27 05:33:21,Cash Withdrawal,91.83,United Kingdom,Card
TX004551,20152,2026-01-27 07:19:43,Card Purchase,99.02,United Kingdom,Card
TX004552,20168,2026-06-09 15:39:14,Cash Withdrawal,69.69,UAE,Mobile
TX004553,20383,2026-12-11 03:06:24,Bank Transfer,269.43,United Kingdom,Card
TX004554,20211,2026-10-02 10:45:05,Card Purchase,69.97,Singapore,Card
TX004555,20029,2026-10-19 23:05:37,Card Purchase,168.32,United Kingdom,Online
TX004556,20510,2026-02-03 10:52:18,Deposit,114.47,United Kingdom,Online
TX004557,20328,2026-10-29 20:39:31,Bank Transfer,72.05,United Kingdom,Card
TX004558,20606,2026-04-28 05:16:02,Direct Debit,651.96,Singapore,Mobile
TX004559,20659,2026-05-17 13:30:38,Card Purchase,29.87,Nigeria,Branch
TX004560,20225,2026-04-11 03:43:44,Card Purchase,218.86,United Kingdom,Online
TX004561,20559,2026-11-12 05:17:11,Card Purchase,73.88,Singapore,Mobile
TX004562,20565,2026-08-16 05:40:06,Direct Debit,826.81,United Kingdom,Online
TX004563,20633,2026-08-26 19:42:35,Card Purchase,103.4,United Kingdom,Online
TX004564,20200,2026-09-04 14:49:02,Card Purchase,253.62,United Kingdom,Online
TX004565,20610,2026-05-29 10:50:02,Cash Withdrawal,122.5,UAE,Mobile
TX004566,20506,2026-12-24 18:44:20,Bank Transfer,376.68,United States,Mobile
TX004567,20611,2026-07-20 11:05:00,Card Purchase,140.15,Nigeria,ATM
TX004568,20384,2026-06-03 21:32:09,Card Purchase,245.28,United Kingdom,ATM
TX004569,20380,2026-02-26 04:22:33,Bank Transfer,113.97,United Kingdom,Card
TX004570,20540,2026-10-18 10:44:20,Bank Transfer,37.14,France,Mobile
TX004571,20524,2026-03-31 22:45:53,Direct Debit,121.05,Germany,Mobile
TX004572,20673,2026-06-10 09:07:46,Bank Transfer,274.51,United Kingdom,ATM
TX004573,20261,2026-01-24 06:04:23,Direct Debit,38.68,UAE,Card
TX004574,20391,2026-04-06 11:24:30,Bank Transfer,86.79,UAE,ATM
TX004575,20309,2026-06-08 04:47:31,Card Purchase,36.74,UAE,Online
TX004576,20231,2026-12-30 18:11:45,Deposit,158.3,Singapore,Card
TX004577,20351,2026-12-23 22:51:12,Card Purchase,546.62,Nigeria,Branch
TX004578,20539,2026-07-26 16:16:27,Card Purchase,259.09,United Kingdom,Online
TX004579,20540,2026-09-20 07:07:08,Card Purchase,82.92,United Kingdom,Card
TX004580,20206,2026-11-23 22:30:30,Cash Withdrawal,67.57,United Kingdom,Online
TX004581,20564,2026-11-02 02:34:47,Card Purchase,144.03,Nigeria,Mobile
TX004582,20644,2026-10-29 10:39:16,Card Purchase,134.89,United Kingdom,Card
TX004583,20127,2026-02-13 14:35:13,Bank Transfer,12.39,United Kingdom,Card
TX004584,20434,2026-03-11 06:39:19,Bank Transfer,74.42,United Kingdom,Online
TX004585,20514,2026-05-25 09:15:35,Card Purchase,26.63,United Kingdom,Card
TX004586,20378,2026-08-21 02:38:31,Card Purchase,117.82,United Kingdom,Card
TX004587,20526,2026-03-19 22:44:07,Direct Debit,255.02,United States,Branch
TX004588,20218,2026-08-31 03:58:08,Bank Transfer,117.68,United Kingdom,ATM
TX004589,20560,2026-06-02 23:19:40,Cash Withdrawal,222.31,Nigeria,Mobile
TX004590,20258,2026-08-21 09:00:59,Deposit,41.37,United States,Branch
TX004591,20178,2026-06-20 21:08:51,Deposit,125.31,United Kingdom,Card
TX004592,20522,2026-11-26 02:47:56,Card Purchase,56.81,Nigeria,Online
TX004593,20264,2026-12-09 06:39:08,Bank Transfer,85.4,United Kingdom,Online
TX004594,20196,2026-03-14 13:56:09,Bank Transfer,80.25,Nigeria,Card
TX004595,20559,2026-11-08 19:35:45,Card Purchase,5.82,United Kingdom,Online
TX004596,20351,2026-04-06 03:39:41,Card Purchase,21.86,United Kingdom,Branch
TX004597,20383,2026-12-20 22:54:30,Card Purchase,173.97,UAE,Mobile
TX004598,20074,2026-09-12 23:13:41,Deposit,188.03,United Kingdom,Card
TX004599,20607,2026-03-19 17:58:12,Deposit,232.13,Germany,Mobile
TX004600,20653,2026-09-06 14:39:00,Bank Transfer,48.13,United Kingdom,Mobile
TX004601,20302,2026-01-07 14:14:22,Card Purchase,114.2,Ireland,Branch
TX004602,20462,2026-11-25 11:17:52,Card Purchase,265.39,United Kingdom,ATM
TX004603,20249,2026-03-21 12:01:12,Deposit,111.25,Nigeria,Mobile
TX004604,20193,2026-01-17 20:54:20,Bank Transfer,235.24,United States,Card
TX004605,20175,2026-04-01 22:38:01,Deposit,410.55,United Kingdom,ATM
TX004606,20460,2026-08-05 22:34:49,Bank Transfer,34.36,United States,Mobile
TX004607,20508,2026-06-28 00:02:54,Bank Transfer,117.42,Nigeria,Card
TX004608,20650,2026-06-11 00:10:48,Card Purchase,29.36,France,Card
TX004609,20284,2026-12-27 07:16:43,Deposit,92.8,United Kingdom,Mobile
TX004610,20508,2026-11-15 23:19:13,Card Purchase,103.54,United Kingdom,ATM
TX004611,20625,2026-06-29 20:06:49,Bank Transfer,84.21,United Kingdom,ATM
TX004612,20337,2026-05-14 13:51:54,Bank Transfer,129.51,United Kingdom,ATM
TX004613,20374,2026-05-03 11:14:37,Bank Transfer,33.34,Singapore,Mobile
TX004614,20374,2026-07-12 17:17:47,Card Purchase,522.03,United Kingdom,Card
TX004615,20304,2026-11-21 20:19:23,Bank Transfer,47.57,United Kingdom,Mobile
TX004616,20454,2026-04-13 01:27:19,Direct Debit,38.29,United Kingdom,Mobile
TX004617,20184,2026-06-09 23:25:25,Bank Transfer,63.47,United Kingdom,Mobile
TX004618,20429,2026-12-08 19:57:41,Card Purchase,304.63,France,Card
TX004619,20494,2026-05-24 00:18:12,Card Purchase,491.55,Spain,Online
TX004620,20057,2026-08-27 20:58:21,Card Purchase,53.01,United Kingdom,Card
TX004621,20347,2026-01-27 11:03:15,Direct Debit,87.53,United Kingdom,Online
TX004622,20214,2026-07-25 15:19:05,Direct Debit,20.97,United Kingdom,Mobile
TX004623,20168,2026-02-11 13:27:40,Bank Transfer,900.83,United Kingdom,Mobile
TX004624,20080,2026-03-26 13:10:05,Bank Transfer,49.0,Germany,Mobile
TX004625,20178,2026-02-08 18:28:59,Card Purchase,370.29,Singapore,Branch
TX004626,20616,2026-04-04 07:44:22,Card Purchase,144.69,United Kingdom,Mobile
TX004627,20554,2026-11-14 14:14:53,Direct Debit,187.81,United Kingdom,Card
TX004628,20589,2026-01-10 12:45:38,Deposit,324.94,United Kingdom,Online
TX004629,20299,2026-07-21 06:38:44,Bank Transfer,148.25,United Kingdom,Card
TX004630,20186,2026-08-23 17:11:32,Card Purchase,145.77,United Kingdom,Online
TX004631,20496,2026-10-27 04:17:38,Direct Debit,50.67,United Kingdom,Online
TX004632,20030,2026-03-28 18:02:29,Bank Transfer,52.99,United States,Online
TX004633,20043,2026-07-07 06:06:06,Card Purchase,96.04,United States,Online
TX004634,20639,2026-11-02 15:02:20,Bank Transfer,52.15,United Kingdom,Card
TX004635,20272,2026-05-07 01:14:39,Bank Transfer,91.7,United States,Mobile
TX004636,20332,2026-04-19 08:44:58,Direct Debit,217.34,United Kingdom,Online
TX004637,20150,2026-03-22 15:31:28,Cash Withdrawal,90.78,Nigeria,Card
TX004638,20330,2026-07-30 03:10:00,Card Purchase,29.51,United Kingdom,Card
TX004639,20503,2026-01-05 19:44:14,Card Purchase,220.67,United Kingdom,Card
TX004640,20522,2026-05-10 06:16:36,Direct Debit,100.47,France,Card
TX004641,20396,2026-10-31 06:37:30,Card Purchase,29.56,United States,Card
TX004642,20391,2026-10-21 13:43:02,Card Purchase,114.46,United Kingdom,Mobile
TX004643,20074,2026-10-31 00:14:14,Direct Debit,100.61,Germany,ATM
TX004644,20616,2026-04-16 19:54:16,Card Purchase,30.96,United Kingdom,Online
TX004645,20145,2026-09-27 07:25:16,Bank Transfer,47.32,United Kingdom,Card
TX004646,20614,2026-08-07 02:58:07,Bank Transfer,243.88,United Kingdom,Mobile
TX004647,20585,2026-03-09 04:41:13,Direct Debit,121.08,United States,Online
TX004648,20532,2026-12-18 20:24:50,Deposit,142.76,Germany,Mobile
TX004649,20530,2026-01-01 01:12:42,Card Purchase,87.02,Nigeria,Online
TX004650,20354,2026-08-09 22:07:33,Card Purchase,209.08,Nigeria,Card
TX004651,20197,2026-12-25 07:02:30,Card Purchase,51.17,United Kingdom,ATM
TX004652,20023,2026-12-17 23:49:56,Bank Transfer,12.35,Germany,Online
TX004653,20460,2026-06-03 22:13:04,Deposit,102.28,France,Mobile
TX004654,20482,2026-07-09 22:49:56,Direct Debit,36.22,United Kingdom,Card
TX004655,20406,2026-07-18 07:52:47,Deposit,28.77,United Kingdom,Mobile
TX004656,20024,2026-09-22 11:34:17,Card Purchase,49.96,France,Card
TX004657,20406,2026-04-08 07:20:58,Bank Transfer,98.34,United Kingdom,ATM
TX004658,20336,2026-11-22 06:40:16,Cash Withdrawal,404.35,United Kingdom,ATM
TX004659,20455,2026-09-25 16:53:50,Bank Transfer,42.52,Ireland,Card
TX004660,20552,2026-09-17 14:28:29,Card Purchase,29.71,Spain,Online
TX004661,20476,2026-12-07 00:55:38,Card Purchase,19.62,United Kingdom,Card
TX004662,20061,2026-10-22 19:38:54,Cash Withdrawal,77.11,Netherlands,Online
TX004663,20246,2026-02-12 15:14:36,Direct Debit,57.61,United States,Online
TX004664,20356,2026-04-11 04:48:19,Bank Transfer,94.52,United Kingdom,Mobile
TX004665,20467,2026-03-24 06:02:03,Card Purchase,11.94,United Kingdom,ATM
TX004666,20138,2026-08-19 06:20:37,Card Purchase,67.75,Germany,Online
TX004667,20132,2026-06-06 11:18:33,Card Purchase,39.77,United Kingdom,Mobile
TX004668,20018,2026-04-21 02:29:01,Bank Transfer,136.85,Ireland,Mobile
TX004669,20205,2026-11-01 08:22:02,Card Purchase,128.7,United Kingdom,Branch
TX004670,20479,2026-04-29 09:27:01,Direct Debit,1314.91,United Kingdom,Online
TX004671,20629,2026-12-15 18:14:07,Bank Transfer,177.26,Ireland,Mobile
TX004672,20582,2026-08-18 10:27:17,Card Purchase,15.61,United Kingdom,Mobile
TX004673,20387,2026-11-24 13:28:27,Card Purchase,57.29,United Kingdom,Online
TX004674,20666,2026-09-07 23:28:40,Card Purchase,477.29,United Kingdom,Mobile
TX004675,20661,2026-08-28 01:42:21,Card Purchase,44.97,United States,Online
TX004676,20304,2026-07-28 13:46:38,Cash Withdrawal,38.59,United Kingdom,ATM
TX004677,20384,2026-06-17 22:12:18,Deposit,351.37,United Kingdom,Card
TX004678,20027,2026-10-02 19:16:34,Card Purchase,32.54,France,Online
TX004679,20604,2026-12-11 15:19:28,Card Purchase,68.52,United Kingdom,Online
TX004680,20125,2026-12-12 23:00:52,Card Purchase,155.58,Spain,Card
TX004681,20384,2026-07-26 22:06:12,Deposit,15.01,United Kingdom,Online
TX004682,20358,2026-05-27 01:53:23,Direct Debit,37.04,United Kingdom,Card
TX004683,20173,2026-08-06 05:26:58,Bank Transfer,50.56,Netherlands,Online
TX004684,20617,2026-04-16 02:35:54,Bank Transfer,93.84,Netherlands,Online
TX004685,20248,2026-06-28 04:43:16,Direct Debit,174.2,United Kingdom,Mobile
TX004686,20279,2026-12-29 16:41:00,Deposit,13.19,United Kingdom,Online
TX004687,20469,2026-03-07 16:15:23,Direct Debit,47.44,United Kingdom,Card
TX004688,20146,2026-12-07 07:45:11,Deposit,39.2,United Kingdom,Online
TX004689,20321,2026-08-29 08:12:05,Direct Debit,36.1,UAE,Card
TX004690,20168,2026-06-04 04:22:26,Direct Debit,298.88,Ireland,Card
TX004691,20371,2026-06-07 22:47:31,Direct Debit,59.38,United Kingdom,Mobile
TX004692,20375,2026-05-16 09:27:49,Card Purchase,60.75,Germany,Card
TX004693,20219,2026-08-07 05:52:09,Bank Transfer,78.43,United Kingdom,Card
TX004694,20086,2026-09-18 03:41:28,Deposit,57.89,United Kingdom,Online
TX004695,20646,2026-09-28 02:30:23,Bank Transfer,78.41,United Kingdom,Online
TX004696,20320,2026-04-14 23:10:50,Bank Transfer,107.03,UAE,Mobile
TX004697,20042,2026-04-11 23:03:55,Card Purchase,843.42,United Kingdom,ATM
TX004698,20441,2026-09-04 00:05:49,Direct Debit,43.39,Nigeria,Mobile
TX004699,20007,2026-02-22 19:00:25,Card Purchase,228.59,United Kingdom,Card
TX004700,20409,2026-11-13 09:09:40,Deposit,93.07,United Kingdom,Card
TX004701,20418,2026-07-05 11:34:34,Card Purchase,167.26,United Kingdom,Mobile
TX004702,20512,2026-11-04 18:18:08,Bank Transfer,30.33,Netherlands,Mobile
TX004703,20039,2026-02-24 08:05:52,Bank Transfer,23.79,United States,Card
TX004704,20453,2026-10-19 13:22:19,Card Purchase,71.4,United Kingdom,Mobile
TX004705,20011,2026-03-22 05:43:05,Card Purchase,83.18,United Kingdom,Mobile
TX004706,20125,2026-10-26 20:20:11,Bank Transfer,52.74,United Kingdom,Card
TX004707,20322,2026-08-14 15:16:02,Card Purchase,32.63,United Kingdom,Card
TX004708,20391,2026-02-20 02:15:55,Card Purchase,283.49,United Kingdom,Mobile
TX004709,20319,2026-08-31 22:33:57,Card Purchase,83.85,United Kingdom,Card
TX004710,20183,2026-06-19 07:23:24,Card Purchase,70.49,Netherlands,Online
TX004711,20250,2026-10-22 21:42:18,Card Purchase,24.59,Germany,Mobile
TX004712,20032,2026-03-03 03:46:02,Direct Debit,181.28,United Kingdom,Mobile
TX004713,20576,2026-04-15 02:19:00,Deposit,325.47,Spain,Card
TX004714,20308,2026-08-17 16:47:00,Cash Withdrawal,31.01,United Kingdom,ATM
TX004715,20618,2026-09-16 16:30:04,Deposit,92.27,United Kingdom,Mobile
TX004716,20131,2026-02-20 01:34:20,Card Purchase,76.65,France,Mobile
TX004717,20538,2026-11-27 03:28:59,Card Purchase,44.76,United Kingdom,Card
TX004718,20074,2026-05-26 23:13:01,Card Purchase,97.62,United States,ATM
TX004719,20011,2026-01-23 04:10:18,Bank Transfer,20757.3,United Kingdom,Branch
TX004720,20360,2026-02-27 20:52:34,Card Purchase,38.21,United Kingdom,Mobile
TX004721,20315,2026-03-27 04:02:41,Cash Withdrawal,186.16,Nigeria,Online
TX004722,20587,2026-04-28 03:32:57,Cash Withdrawal,37.54,Ireland,Mobile
TX004723,20613,2026-04-29 19:16:06,Bank Transfer,287.72,United Kingdom,ATM
TX004724,20582,2026-03-29 03:49:07,Bank Transfer,206.04,UAE,Online
TX004725,20449,2026-08-21 17:55:57,Card Purchase,134.32,United Kingdom,Online
TX004726,20427,2026-03-18 00:19:58,Deposit,99.4,Singapore,Online
TX004727,20142,2026-10-01 01:19:14,Card Purchase,298.85,United Kingdom,Mobile
TX004728,20108,2026-09-07 08:37:08,Card Purchase,271.01,France,Mobile
TX004729,20579,2026-07-02 17:17:40,Card Purchase,61.93,United Kingdom,Online
TX004730,20596,2026-10-20 09:07:37,Card Purchase,91.35,Germany,Mobile
TX004731,20673,2026-09-30 19:06:33,Bank Transfer,112.92,Singapore,Mobile
TX004732,20359,2026-02-14 16:30:24,Cash Withdrawal,84.63,UAE,ATM
TX004733,20210,2026-01-01 23:32:34,Card Purchase,97.74,Nigeria,Mobile
TX004734,20268,2026-01-02 19:38:01,Bank Transfer,176.5,United States,Card
TX004735,20410,2026-07-02 23:07:21,Card Purchase,194.35,France,Online
TX004736,20597,2026-09-10 18:38:10,Bank Transfer,31.98,UAE,Card
TX004737,20194,2026-11-30 06:04:08,Card Purchase,33.53,France,Online
TX004738,20302,2026-09-20 02:23:46,Card Purchase,30.49,United Kingdom,Online
TX004739,20533,2026-03-01 00:04:44,Cash Withdrawal,82.59,Singapore,ATM
TX004740,20076,2026-02-07 21:31:31,Cash Withdrawal,48.82,United Kingdom,Mobile
TX004741,20538,2026-12-17 21:33:22,Card Purchase,88.72,United Kingdom,Branch
TX004742,20262,2026-12-08 22:34:45,Card Purchase,63.51,United Kingdom,Mobile
TX004743,20332,2026-10-25 12:23:32,Bank Transfer,94.37,Ireland,Card
TX004744,20287,2026-08-12 02:54:45,Card Purchase,209.11,United Kingdom,ATM
TX004745,20002,2026-08-11 07:04:06,Bank Transfer,57.06,United Kingdom,ATM
TX004746,20636,2026-05-21 19:21:08,Cash Withdrawal,328.12,United Kingdom,Mobile
TX004747,20374,2026-09-05 19:02:47,Card Purchase,191.25,United Kingdom,Mobile
TX004748,20572,2026-03-02 15:12:14,Card Purchase,25.43,United States,Mobile
TX004749,20558,2026-11-07 15:26:06,Direct Debit,1286.26,United Kingdom,Online
TX004750,20058,2026-09-21 17:52:45,Direct Debit,74.54,United Kingdom,Card
TX004751,20534,2026-06-08 15:28:12,Card Purchase,188.67,United Kingdom,Mobile
TX004752,20382,2026-08-11 19:28:49,Bank Transfer,75.51,United States,Online
TX004753,20182,2026-07-19 04:15:04,Bank Transfer,72.58,Nigeria,Card
TX004754,20388,2026-10-20 03:20:50,Direct Debit,79.8,Netherlands,Mobile
TX004755,20411,2026-05-22 14:15:45,Card Purchase,308.15,United Kingdom,Online
TX004756,20325,2026-07-11 23:23:18,Card Purchase,69.54,United Kingdom,ATM
TX004757,20616,2026-02-06 21:51:36,Card Purchase,57.39,UAE,Card
TX004758,20205,2026-01-15 14:26:22,Card Purchase,170.83,United Kingdom,Online
TX004759,20080,2026-05-02 01:55:15,Card Purchase,208.98,United Kingdom,Mobile
TX004760,20329,2026-07-15 16:53:36,Deposit,23.03,Germany,Card
TX004761,20143,2026-05-10 11:49:55,Card Purchase,16.8,United Kingdom,Card
TX004762,20665,2026-05-11 04:49:54,Direct Debit,37.66,United Kingdom,Card
TX004763,20474,2026-02-11 12:43:56,Card Purchase,539.94,United Kingdom,Mobile
TX004764,20138,2026-12-02 10:10:02,Bank Transfer,211.19,United Kingdom,Card
TX004765,20462,2026-05-17 20:09:03,Bank Transfer,40.2,United Kingdom,ATM
TX004766,20164,2026-12-14 22:19:56,Direct Debit,173.79,UAE,Branch
TX004767,20478,2026-01-18 03:51:40,Direct Debit,13.29,United Kingdom,Online
TX004768,20661,2026-06-24 15:14:48,Bank Transfer,256.77,United Kingdom,Mobile
TX004769,20442,2026-09-04 02:55:39,Direct Debit,132.17,UAE,Online
TX004770,20041,2026-08-08 14:28:21,Direct Debit,438.79,United Kingdom,ATM
TX004771,20455,2026-06-01 05:39:33,Deposit,80.87,United Kingdom,Card
TX004772,20618,2026-10-12 22:39:49,Card Purchase,130.44,United Kingdom,Mobile
TX004773,20186,2026-05-22 03:03:41,Card Purchase,234.52,Singapore,Card
TX004774,20038,2026-12-05 18:06:17,Direct Debit,166.42,United Kingdom,Online
TX004775,20638,2026-11-28 00:13:41,Direct Debit,53.2,Netherlands,Branch
TX004776,20331,2026-07-14 20:34:35,Deposit,73.25,Ireland,Online
TX004777,20524,2026-10-24 00:46:48,Bank Transfer,57.51,United Kingdom,Mobile
TX004778,20623,2026-08-27 04:33:26,Deposit,55.26,United States,Card
TX004779,20074,2026-10-30 18:55:14,Bank Transfer,21.53,Singapore,Online
TX004780,20608,2026-10-14 14:13:04,Card Purchase,481.57,United Kingdom,ATM
TX004781,20154,2026-06-20 09:40:57,Bank Transfer,15.33,United States,Card
TX004782,20259,2026-03-27 21:25:45,Card Purchase,83.87,United Kingdom,Online
TX004783,20296,2026-01-05 03:46:29,Deposit,120.16,United Kingdom,Mobile
TX004784,20656,2026-06-19 03:49:06,Card Purchase,41.95,Germany,Online
TX004785,20304,2026-09-26 05:26:50,Card Purchase,389.87,United Kingdom,ATM
TX004786,20304,2026-04-06 07:54:46,Card Purchase,342.71,Ireland,Online
TX004787,20553,2026-01-10 08:16:05,Deposit,255.42,Singapore,Online
TX004788,20526,2026-09-26 02:24:42,Cash Withdrawal,48.72,United States,Mobile
TX004789,20152,2026-02-03 19:29:03,Bank Transfer,50.59,France,Card
TX004790,20392,2026-05-18 20:37:14,Card Purchase,150.57,United Kingdom,Card
TX004791,20618,2026-07-24 01:49:55,Card Purchase,186.71,United Kingdom,Card
TX004792,20304,2026-03-10 19:22:41,Bank Transfer,67.48,United Kingdom,Card
TX004793,20137,2026-02-18 11:58:35,Card Purchase,25.01,UAE,Card
TX004794,20618,2026-08-03 14:34:39,Card Purchase,25.53,United Kingdom,Online
TX004795,20153,2026-06-02 22:20:28,Card Purchase,378.91,United States,Online
TX004796,20267,2026-10-04 06:25:13,Card Purchase,109.56,United Kingdom,Mobile
TX004797,20035,2026-08-14 21:01:14,Bank Transfer,196.45,United Kingdom,Mobile
TX004798,20549,2026-06-11 12:57:57,Card Purchase,93.59,Nigeria,Mobile
TX004799,20339,2026-04-14 13:21:45,Bank Transfer,216.8,Germany,Online
TX004800,20613,2026-03-08 17:51:01,Card Purchase,319.39,France,ATM
TX004801,20605,2026-04-02 21:59:18,Direct Debit,22.86,United Kingdom,Mobile
TX004802,20185,2026-03-03 21:19:02,Cash Withdrawal,224.08,United Kingdom,Mobile
TX004803,20591,2026-09-25 20:00:39,Direct Debit,126.52,United Kingdom,Mobile
TX004804,20126,2026-02-14 20:02:37,Card Purchase,146.83,United Kingdom,Card
TX004805,20607,2026-01-11 13:18:51,Card Purchase,44.22,Nigeria,Branch
TX004806,20634,2026-06-27 03:13:49,Card Purchase,255.72,Germany,Online
TX004807,20395,2026-01-13 05:39:37,Card Purchase,114.48,United Kingdom,Card
TX004808,20279,2026-08-17 21:45:40,Card Purchase,57.34,United Kingdom,Mobile
TX004809,20275,2026-02-27 01:31:37,Card Purchase,10.58,United Kingdom,Card
TX004810,20028,2026-01-23 00:18:02,Bank Transfer,390.01,United Kingdom,Online
TX004811,20444,2026-06-12 23:56:52,Card Purchase,119.21,Spain,Mobile
TX004812,20333,2026-11-23 06:07:28,Bank Transfer,12.57,United Kingdom,Card
TX004813,20381,2026-05-05 09:07:40,Direct Debit,63.61,United States,Card
TX004814,20086,2026-12-22 18:08:04,Card Purchase,116.93,United States,Mobile
TX004815,20534,2026-08-30 01:59:58,Deposit,28.8,Singapore,Online
TX004816,20342,2026-02-11 02:32:09,Direct Debit,1515.24,United States,Mobile
TX004817,20232,2026-02-23 07:01:48,Card Purchase,39.31,United Kingdom,Mobile
TX004818,20626,2026-04-26 04:47:24,Card Purchase,468.16,Spain,Card
TX004819,20589,2026-01-22 03:35:06,Bank Transfer,66.55,United Kingdom,Branch
TX004820,20209,2026-11-04 21:20:34,Bank Transfer,107.05,United States,Online
TX004821,20315,2026-08-08 11:07:24,Direct Debit,197.75,United Kingdom,Mobile
TX004822,20441,2026-07-19 13:58:39,Card Purchase,82.84,Spain,ATM
TX004823,20448,2026-12-27 01:34:07,Card Purchase,76.58,UAE,Branch
TX004824,20112,2026-07-20 04:49:52,Direct Debit,42.76,United Kingdom,ATM
TX004825,20340,2026-01-13 20:50:36,Bank Transfer,31.43,Spain,ATM
TX004826,20645,2026-04-25 20:49:33,Direct Debit,45.46,Ireland,Card
TX004827,20266,2026-11-14 10:42:23,Direct Debit,56.77,Germany,Card
TX004828,20252,2026-05-30 10:21:20,Direct Debit,15.67,United Kingdom,Mobile
TX004829,20593,2026-07-24 02:29:18,Card Purchase,179.71,France,ATM
TX004830,20411,2026-03-18 08:39:38,Card Purchase,10.38,United Kingdom,Card
TX004831,20213,2026-08-13 00:05:03,Card Purchase,82.54,United Kingdom,Online
TX004832,20131,2026-01-21 22:22:14,Card Purchase,31.06,Spain,Card
TX004833,20404,2026-10-22 01:35:55,Card Purchase,57.36,Germany,Mobile
TX004834,20146,2026-09-29 08:52:43,Cash Withdrawal,20.9,Nigeria,Online
TX004835,20327,2026-02-17 14:22:22,Card Purchase,712.84,Ireland,Card
TX004836,20288,2026-04-16 17:43:19,Card Purchase,23.58,United Kingdom,Card
TX004837,20276,2026-04-25 13:40:46,Card Purchase,49.86,United Kingdom,Online
TX004838,20434,2026-02-01 03:13:59,Cash Withdrawal,84.15,United States,ATM
TX004839,20201,2026-09-14 15:45:55,Card Purchase,59.72,Germany,Online
TX004840,20336,2026-07-12 12:51:43,Bank Transfer,117.62,United Kingdom,Card
TX004841,20035,2026-05-07 06:47:53,Bank Transfer,110.21,Netherlands,Card
TX004842,20635,2026-12-12 10:06:06,Bank Transfer,17.64,Nigeria,Mobile
TX004843,20666,2026-12-05 11:41:16,Card Purchase,209.01,United Kingdom,Branch
TX004844,20329,2026-07-06 22:45:27,Bank Transfer,167.37,Nigeria,Mobile
TX004845,20203,2026-04-01 23:47:09,Card Purchase,83.93,United Kingdom,Card
TX004846,20596,2026-01-31 06:34:35,Bank Transfer,74.03,United Kingdom,Card
TX004847,20397,2026-07-10 18:17:59,Card Purchase,123.33,United Kingdom,Mobile
TX004848,20331,2026-04-06 09:54:07,Card Purchase,158.77,Germany,Card
TX004849,20547,2026-01-03 20:15:47,Bank Transfer,15.1,United Kingdom,Online
TX004850,20205,2026-05-22 00:07:32,Card Purchase,164.7,United Kingdom,Online
TX004851,20073,2026-05-11 12:54:30,Bank Transfer,28.44,Germany,Mobile
TX004852,20485,2026-09-26 01:49:47,Cash Withdrawal,55.75,Spain,Card
TX004853,20532,2026-03-31 18:38:39,Deposit,87.0,Spain,Card
TX004854,20082,2026-09-27 06:30:08,Bank Transfer,42.79,Singapore,Branch
TX004855,20654,2026-01-28 09:53:16,Direct Debit,18.86,Singapore,Card
TX004856,20157,2026-08-06 14:26:13,Bank Transfer,113.88,United Kingdom,Card
TX004857,20299,2026-11-30 06:00:55,Bank Transfer,39.15,UAE,Card
TX004858,20110,2026-12-31 21:58:59,Card Purchase,57.53,United Kingdom,Mobile
TX004859,20484,2026-12-25 12:07:07,Card Purchase,157.42,Germany,Card
TX004860,20104,2026-10-28 08:24:40,Bank Transfer,31.63,United States,Mobile
TX004861,20262,2026-07-28 20:06:20,Card Purchase,17.32,United Kingdom,Branch
TX004862,20588,2026-05-23 12:36:04,Card Purchase,131.21,United Kingdom,Card
TX004863,20076,2026-11-24 15:16:49,Card Purchase,63.29,Germany,Mobile
TX004864,20559,2026-04-27 22:38:21,Direct Debit,121.16,United Kingdom,Card
TX004865,20070,2026-05-02 02:01:42,Bank Transfer,84.24,United Kingdom,Online
TX004866,20113,2026-09-23 05:27:46,Card Purchase,19.16,United Kingdom,Mobile
TX004867,20190,2026-09-24 20:26:37,Card Purchase,110.45,Netherlands,Online
TX004868,20442,2026-06-11 21:57:07,Bank Transfer,76.8,Netherlands,Card
TX004869,20169,2026-04-01 10:36:09,Cash Withdrawal,86.14,United Kingdom,Mobile
TX004870,20644,2026-02-24 09:32:50,Card Purchase,336.64,Netherlands,Card
TX004871,20498,2026-11-18 17:50:54,Card Purchase,102.57,United States,Card
TX004872,20041,2026-11-30 21:06:02,Card Purchase,152.75,United Kingdom,Online
TX004873,20294,2026-03-03 23:41:40,Bank Transfer,72.87,Ireland,Mobile
TX004874,20446,2026-10-04 20:30:16,Direct Debit,14.26,United Kingdom,Mobile
TX004875,20588,2026-10-12 02:18:52,Card Purchase,207.57,Spain,Mobile
TX004876,20116,2026-08-28 10:03:41,Card Purchase,102.59,Germany,Online
TX004877,20090,2026-02-22 23:37:06,Bank Transfer,290.91,Spain,Online
TX004878,20518,2026-07-13 06:12:29,Direct Debit,268.79,United Kingdom,Card
TX004879,20072,2026-03-01 23:03:20,Card Purchase,115.93,United Kingdom,Mobile
TX004880,20161,2026-03-07 22:36:55,Card Purchase,274.89,United Kingdom,Mobile
TX004881,20590,2026-05-29 04:43:53,Deposit,68.16,Nigeria,Online
TX004882,20328,2026-06-04 21:51:25,Card Purchase,720.63,United Kingdom,Online
TX004883,20212,2026-05-18 01:32:36,Bank Transfer,30.01,United Kingdom,Mobile
TX004884,20628,2026-08-27 15:40:37,Card Purchase,180.04,United States,Mobile
TX004885,20397,2026-03-04 05:56:17,Bank Transfer,119.53,United Kingdom,Mobile
TX004886,20216,2026-04-22 12:12:51,Deposit,80.52,United Kingdom,Online
TX004887,20533,2026-07-01 15:27:48,Card Purchase,30.82,Germany,Branch
TX004888,20108,2026-09-17 02:30:47,Card Purchase,62.12,United Kingdom,ATM
TX004889,20470,2026-08-01 01:34:58,Bank Transfer,93.39,Nigeria,Mobile
TX004890,20336,2026-06-03 07:15:37,Card Purchase,237.66,United Kingdom,Mobile
TX004891,20363,2026-08-17 03:22:55,Bank Transfer,254.88,United Kingdom,Card
TX004892,20257,2026-12-16 21:47:45,Card Purchase,90.92,United Kingdom,Card
TX004893,20598,2026-04-30 03:36:28,Card Purchase,50.38,United Kingdom,Branch
TX004894,20392,2026-07-15 17:08:52,Cash Withdrawal,54.26,United Kingdom,Mobile
TX004895,20626,2026-01-07 18:54:33,Bank Transfer,52.62,Spain,Online
TX004896,20621,2026-08-12 12:30:24,Bank Transfer,119.59,United Kingdom,Card
TX004897,20141,2026-06-18 06:27:38,Deposit,107.05,United Kingdom,Mobile
TX004898,20140,2026-02-05 00:51:40,Bank Transfer,177.02,United Kingdom,Online
TX004899,20215,2026-10-12 01:46:33,Card Purchase,249.4,United Kingdom,Mobile
TX004900,20640,2026-04-27 23:22:48,Card Purchase,433.25,United Kingdom,Card
TX004901,20025,2026-07-04 21:36:43,Card Purchase,15.68,Nigeria,Online
TX004902,20354,2026-12-15 01:09:41,Card Purchase,188.24,Spain,Mobile
TX004903,20189,2026-09-08 02:03:50,Card Purchase,602.47,UAE,Mobile
TX004904,20440,2026-09-29 19:26:07,Bank Transfer,108.27,United Kingdom,Card
TX004905,20554,2026-12-31 13:25:10,Direct Debit,222.75,France,Online
TX004906,20632,2026-11-26 00:22:19,Direct Debit,14.29,United Kingdom,Mobile
TX004907,20648,2026-05-02 23:35:18,Card Purchase,53.87,Nigeria,Branch
TX004908,20428,2026-06-20 04:28:23,Direct Debit,159.66,United Kingdom,Card
TX004909,20250,2026-01-25 16:48:26,Deposit,42.87,UAE,Mobile
TX004910,20235,2026-10-08 13:06:40,Bank Transfer,105.48,UAE,Card
TX004911,20640,2026-07-28 23:17:43,Bank Transfer,110.0,United Kingdom,Mobile
TX004912,20628,2026-02-17 00:33:23,Card Purchase,73.42,United Kingdom,ATM
TX004913,20579,2026-07-23 15:12:16,Card Purchase,55.83,United States,Online
TX004914,20335,2026-04-14 23:31:09,Bank Transfer,150.87,Ireland,Card
TX004915,20316,2026-09-14 06:49:44,Direct Debit,51.69,United Kingdom,Online
TX004916,20476,2026-04-23 13:40:04,Bank Transfer,96.63,Ireland,Card
TX004917,20265,2026-05-15 00:21:26,Bank Transfer,55.38,United Kingdom,Card
TX004918,20258,2026-08-11 06:22:19,Card Purchase,62.22,United States,Online
TX004919,20534,2026-05-28 18:14:45,Cash Withdrawal,155.64,United Kingdom,Card
TX004920,20375,2026-11-15 15:54:24,Card Purchase,19.99,France,Card
TX004921,20426,2026-03-10 09:18:24,Card Purchase,171.43,United Kingdom,Mobile
TX004922,20250,2026-03-13 12:47:08,Direct Debit,182.03,United Kingdom,ATM
TX004923,20485,2026-06-03 19:20:04,Card Purchase,62.44,UAE,Online
TX004924,20572,2026-08-03 05:44:07,Card Purchase,67.77,United Kingdom,Online
TX004925,20136,2026-04-25 10:50:47,Direct Debit,26.56,United States,Online
TX004926,20273,2026-12-22 16:18:07,Card Purchase,106.93,United Kingdom,Card
TX004927,20204,2026-10-12 14:53:25,Deposit,116.81,France,Card
TX004928,20015,2026-03-03 15:14:49,Direct Debit,97.66,United Kingdom,Mobile
TX004929,20059,2026-12-03 13:06:06,Card Purchase,218.71,United Kingdom,Card
TX004930,20215,2026-11-07 05:56:45,Deposit,48.98,France,Branch
TX004931,20547,2026-11-29 20:22:57,Card Purchase,252.93,Ireland,Mobile
TX004932,20408,2026-12-19 21:17:35,Card Purchase,18.1,Singapore,Online
TX004933,20267,2026-12-24 07:13:35,Card Purchase,85.66,Spain,Online
TX004934,20316,2026-01-03 09:38:13,Deposit,60.26,Netherlands,ATM
TX004935,20393,2026-08-18 05:17:27,Direct Debit,26.16,United Kingdom,Branch
TX004936,20094,2026-04-21 20:51:08,Card Purchase,223.93,United Kingdom,ATM
TX004937,20612,2026-11-15 23:18:07,Bank Transfer,92.65,United Kingdom,Online
TX004938,20385,2026-10-17 02:58:40,Direct Debit,48.11,United Kingdom,Online
TX004939,20484,2026-05-19 17:32:18,Card Purchase,15.1,Spain,Branch
TX004940,20303,2026-09-28 14:58:47,Card Purchase,197.68,United Kingdom,Mobile
TX004941,20488,2026-10-29 20:45:00,Card Purchase,69.98,United Kingdom,ATM
TX004942,20399,2026-12-13 01:32:43,Bank Transfer,670.09,Singapore,Card
TX004943,20118,2026-02-11 20:29:08,Card Purchase,42.24,United Kingdom,Mobile
TX004944,20576,2026-05-14 09:18:12,Deposit,66.7,United Kingdom,Online
TX004945,20532,2026-10-06 00:40:10,Cash Withdrawal,16.23,Singapore,ATM
TX004946,20142,2026-08-13 21:47:48,Bank Transfer,108.19,United Kingdom,Card
TX004947,20448,2026-11-19 18:57:37,Card Purchase,84.94,France,Online
TX004948,20551,2026-03-02 13:52:11,Deposit,451.48,France,Card
TX004949,20033,2026-10-05 06:18:38,Bank Transfer,64.66,United Kingdom,Branch
TX004950,20602,2026-09-23 22:03:35,Card Purchase,68.49,United Kingdom,Online
TX004951,20136,2026-06-07 20:41:48,Card Purchase,15.97,United Kingdom,Mobile
TX004952,20339,2026-10-12 00:42:44,Deposit,82.57,United Kingdom,Branch
TX004953,20626,2026-06-02 07:43:01,Direct Debit,83.62,UAE,Branch
TX004954,20090,2026-11-30 11:41:06,Direct Debit,270.8,United Kingdom,Online
TX004955,20208,2026-10-22 11:29:44,Bank Transfer,13.0,France,Branch
TX004956,20123,2026-03-14 09:56:18,Bank Transfer,905.37,Germany,Branch
TX004957,20074,2026-04-18 08:05:39,Card Purchase,165.21,United Kingdom,Online
TX004958,20254,2026-09-17 00:37:10,Card Purchase,52.69,United Kingdom,Mobile
TX004959,20279,2026-11-23 12:21:10,Card Purchase,154.07,United Kingdom,ATM
TX004960,20217,2026-07-01 22:26:20,Card Purchase,54.4,Germany,ATM
TX004961,20325,2026-06-20 06:18:10,Deposit,54.88,Singapore,Online
TX004962,20187,2026-06-27 09:17:48,Cash Withdrawal,91.08,UAE,Mobile
TX004963,20306,2026-01-15 21:27:11,Cash Withdrawal,46.68,Netherlands,Mobile
TX004964,20138,2026-05-24 10:13:32,Bank Transfer,79.49,United Kingdom,Mobile
TX004965,20032,2026-01-04 21:59:52,Card Purchase,135.56,United Kingdom,Online
TX004966,20366,2026-09-02 10:21:29,Card Purchase,165.73,United Kingdom,Mobile
TX004967,20442,2026-11-08 17:32:06,Card Purchase,337.64,Ireland,Card
TX004968,20540,2026-08-24 08:58:56,Direct Debit,131.57,United Kingdom,Card
TX004969,20396,2026-05-24 17:16:57,Card Purchase,273.3,United States,ATM
TX004970,20119,2026-07-23 21:59:32,Card Purchase,143.74,United Kingdom,Mobile
TX004971,20047,2026-03-17 21:25:37,Direct Debit,115.13,United Kingdom,Online
TX004972,20622,2026-08-31 10:49:52,Bank Transfer,71.56,United Kingdom,Mobile
TX004973,20363,2026-05-23 20:58:03,Card Purchase,481.83,United Kingdom,Card
TX004974,20337,2026-02-28 11:40:14,Card Purchase,190.15,United Kingdom,Online
TX004975,20138,2026-08-17 07:33:44,Card Purchase,210.2,United Kingdom,Card
TX004976,20275,2026-08-07 21:28:38,Cash Withdrawal,34.52,United Kingdom,Online
TX004977,20042,2026-09-20 12:51:54,Bank Transfer,213.46,United States,Card
TX004978,20563,2026-07-02 17:17:11,Bank Transfer,24.96,United Kingdom,Online
TX004979,20391,2026-07-31 06:54:30,Bank Transfer,643.7,United Kingdom,Card
TX004980,20584,2026-12-05 14:18:05,Card Purchase,27.18,United Kingdom,ATM
TX004981,20497,2026-07-02 00:23:41,Card Purchase,58.33,France,Card
TX004982,20506,2026-05-15 08:37:23,Card Purchase,21.36,United Kingdom,Online
TX004983,20179,2026-05-11 19:58:01,Cash Withdrawal,289.91,United Kingdom,Mobile
TX004984,20063,2026-11-27 07:47:58,Card Purchase,145.03,United States,Branch
TX004985,20188,2026-04-20 20:35:36,Card Purchase,26.92,United Kingdom,Card
TX004986,20051,2026-12-19 04:57:32,Card Purchase,127.94,United Kingdom,Mobile
TX004987,20187,2026-03-22 18:00:18,Direct Debit,467.45,United Kingdom,Online
TX004988,20067,2026-10-31 08:50:05,Card Purchase,95.68,United Kingdom,Card
TX004989,20157,2026-08-11 22:59:54,Card Purchase,226.47,United States,Card
TX004990,20067,2026-05-02 09:21:51,Deposit,59.06,France,Mobile
TX004991,20293,2026-04-03 17:24:35,Bank Transfer,92.93,United Kingdom,Mobile
TX004992,20668,2026-09-30 08:10:00,Card Purchase,39.76,United States,Card
TX004993,20670,2026-10-19 15:57:15,Bank Transfer,68.18,Germany,Mobile
TX004994,20484,2026-11-14 10:17:49,Card Purchase,482.95,United States,Card
TX004995,20504,2026-04-23 18:58:17,Card Purchase,307.35,Ireland,Branch
TX004996,20242,2026-08-29 14:14:38,Cash Withdrawal,483.1,United Kingdom,Mobile
TX004997,20356,2026-10-21 14:50:36,Deposit,251.72,United Kingdom,Mobile
TX004998,20089,2026-03-01 11:34:57,Bank Transfer,32.17,Netherlands,Mobile
TX004999,20390,2026-08-31 01:54:04,Card Purchase,119.65,United Kingdom,Mobile
TX005000,20359,2026-07-09 04:22:48,Bank Transfer,231.89,United Kingdom,Card
TX005001,20179,2026-04-17 00:05:28,Deposit,58.5,United Kingdom,ATM
TX005002,20646,2026-09-11 00:25:23,Card Purchase,32.03,Ireland,Online
TX005003,20113,2026-12-23 16:18:59,Bank Transfer,213.88,Ireland,ATM
TX005004,20066,2026-06-28 20:26:19,Card Purchase,110.92,United Kingdom,Card
TX005005,20143,2026-02-12 07:12:30,Card Purchase,29.72,United Kingdom,Card
TX005006,20130,2026-04-11 01:05:30,Bank Transfer,64.9,United Kingdom,Mobile
TX005007,20284,2026-04-30 19:16:35,Bank Transfer,169.68,United Kingdom,Card
TX005008,20349,2026-11-21 19:18:02,Card Purchase,451.1,United Kingdom,Card
TX005009,20284,2026-06-23 12:37:04,Bank Transfer,291.98,France,Mobile
TX005010,20445,2026-02-12 23:59:39,Card Purchase,60.96,United Kingdom,Mobile
TX005011,20344,2026-05-13 23:07:59,Bank Transfer,50.6,Singapore,Online
TX005012,20478,2026-10-04 11:07:51,Card Purchase,83.17,United Kingdom,Mobile
TX005013,20493,2026-11-16 03:35:20,Bank Transfer,44.56,United Kingdom,Card
TX005014,20219,2026-03-18 18:11:44,Card Purchase,92.61,United Kingdom,Card
TX005015,20193,2026-09-23 18:51:37,Card Purchase,963.46,United Kingdom,Mobile
TX005016,20634,2026-06-15 22:24:46,Card Purchase,102.27,United States,Card
TX005017,20037,2026-07-01 18:24:36,Deposit,90.56,Nigeria,Mobile
TX005018,20206,2026-07-30 06:44:19,Bank Transfer,131.99,UAE,Online
TX005019,20339,2026-09-27 23:01:25,Card Purchase,24.14,United Kingdom,ATM
TX005020,20300,2026-01-21 05:55:04,Bank Transfer,34.94,United Kingdom,Online
TX005021,20370,2026-12-24 04:16:19,Bank Transfer,32.77,United States,Branch
TX005022,20190,2026-02-05 12:34:55,Bank Transfer,136.86,Germany,Card
TX005023,20573,2026-12-18 09:06:18,Direct Debit,294.97,Germany,Online
TX005024,20449,2026-10-02 23:05:11,Card Purchase,40.45,United Kingdom,Online
TX005025,20170,2026-11-26 07:15:27,Cash Withdrawal,50.44,United Kingdom,Mobile
TX005026,20303,2026-04-27 18:58:04,Bank Transfer,163.56,United Kingdom,Card
TX005027,20278,2026-12-21 02:59:25,Card Purchase,9.14,United States,Mobile
TX005028,20271,2026-11-20 22:43:25,Deposit,104.74,United Kingdom,Online
TX005029,20264,2026-12-17 06:43:03,Card Purchase,27.04,United Kingdom,Card
TX005030,20103,2026-02-16 21:53:53,Cash Withdrawal,5.17,United Kingdom,Mobile
TX005031,20402,2026-10-10 10:35:22,Direct Debit,28.56,United Kingdom,Online
TX005032,20311,2026-08-30 05:28:16,Deposit,114.53,United Kingdom,Mobile
TX005033,20491,2026-09-25 08:54:01,Card Purchase,138.16,United Kingdom,Online
TX005034,20588,2026-06-08 21:59:24,Card Purchase,135.34,Spain,Card
TX005035,20460,2026-05-07 20:35:12,Cash Withdrawal,202.4,United States,Card
TX005036,20082,2026-09-21 02:36:18,Card Purchase,50.41,United Kingdom,Mobile
TX005037,20544,2026-11-24 21:02:10,Card Purchase,62.07,United States,Branch
TX005038,20284,2026-06-25 20:18:48,Direct Debit,29.12,United Kingdom,Online
TX005039,20163,2026-12-31 19:25:49,Card Purchase,99.6,Spain,Online
TX005040,20345,2026-12-18 03:37:51,Card Purchase,73.81,Spain,Online
TX005041,20108,2026-01-29 17:26:55,Bank Transfer,27.12,Singapore,Mobile
TX005042,20354,2026-05-10 06:59:34,Card Purchase,143.54,United Kingdom,Online
TX005043,20024,2026-09-18 03:47:57,Bank Transfer,84.38,UAE,Mobile
TX005044,20169,2026-10-15 18:02:48,Bank Transfer,331.25,United Kingdom,Mobile
TX005045,20361,2026-09-13 02:04:05,Bank Transfer,61.35,United Kingdom,Branch
TX005046,20654,2026-02-14 22:00:28,Deposit,86.87,United Kingdom,Mobile
TX005047,20281,2026-10-11 02:55:57,Bank Transfer,82.67,United Kingdom,Mobile
TX005048,20672,2026-04-22 22:51:33,Card Purchase,54.62,United Kingdom,Card
TX005049,20219,2026-02-10 05:18:08,Deposit,90.34,United Kingdom,Online
TX005050,20122,2026-05-20 23:33:17,Direct Debit,27.19,United Kingdom,Online
TX005051,20013,2026-08-27 22:26:53,Deposit,49.26,Ireland,Card
TX005052,20603,2026-10-26 21:29:49,Bank Transfer,106.92,Ireland,Online
TX005053,20336,2026-04-20 14:19:55,Card Purchase,11.26,Spain,ATM
TX005054,20524,2026-12-05 07:58:52,Direct Debit,48.78,United Kingdom,Mobile
TX005055,20155,2026-05-01 22:29:31,Direct Debit,353.88,United Kingdom,Branch
TX005056,20057,2026-02-08 11:45:44,Card Purchase,144.16,United Kingdom,Mobile
TX005057,20369,2026-02-23 23:07:43,Bank Transfer,27.71,Spain,Card
TX005058,20360,2026-11-20 16:52:45,Deposit,86.09,United Kingdom,Card
TX005059,20246,2026-09-08 09:49:59,Card Purchase,154.2,United Kingdom,Card
TX005060,20031,2026-05-16 19:02:24,Cash Withdrawal,16.54,United Kingdom,Card
TX005061,20048,2026-04-13 16:24:38,Deposit,56.0,United Kingdom,ATM
TX005062,20159,2026-04-27 08:15:37,Bank Transfer,213.74,UAE,Branch
TX005063,20536,2026-07-22 02:10:29,Bank Transfer,130.99,United Kingdom,Online
TX005064,20259,2026-05-26 19:02:21,Card Purchase,306.61,Germany,Mobile
TX005065,20546,2026-04-06 05:38:05,Deposit,204.78,United Kingdom,Card
TX005066,20426,2026-11-22 17:19:45,Direct Debit,70.4,United Kingdom,Online
TX005067,20090,2026-11-12 12:41:47,Direct Debit,73.29,Germany,Card
TX005068,20651,2026-03-29 04:03:30,Direct Debit,820.3,United Kingdom,Card
TX005069,20137,2026-12-10 04:21:53,Card Purchase,465.71,United Kingdom,ATM
TX005070,20109,2026-12-06 12:49:11,Bank Transfer,35.93,United Kingdom,Card
TX005071,20229,2026-06-11 06:31:37,Direct Debit,20.09,Germany,Card
TX005072,20664,2026-04-12 01:20:36,Bank Transfer,45.86,Nigeria,Mobile
TX005073,20131,2026-02-25 22:31:40,Card Purchase,7.27,France,Mobile
TX005074,20503,2026-02-04 02:12:52,Cash Withdrawal,71.46,United Kingdom,Online
TX005075,20596,2026-01-25 19:20:27,Card Purchase,107.92,United Kingdom,Online
TX005076,20520,2026-01-04 00:39:25,Direct Debit,632.49,Spain,Online
TX005077,20029,2026-11-24 18:35:13,Direct Debit,127.28,Germany,Branch
TX005078,20225,2026-10-06 21:37:11,Card Purchase,50.53,United Kingdom,Mobile
TX005079,20354,2026-12-17 10:36:41,Card Purchase,38.49,Netherlands,ATM
TX005080,20307,2026-03-27 22:14:33,Card Purchase,269.62,France,Online
TX005081,20477,2026-03-25 22:02:55,Cash Withdrawal,89.45,United Kingdom,Mobile
TX005082,20459,2026-10-23 23:30:26,Card Purchase,60.2,United Kingdom,Branch
TX005083,20447,2026-06-12 01:16:25,Direct Debit,729.61,United Kingdom,ATM
TX005084,20156,2026-09-20 15:55:43,Cash Withdrawal,23.76,United Kingdom,Branch
TX005085,20258,2026-05-27 14:29:55,Bank Transfer,120.45,United Kingdom,Mobile
TX005086,20049,2026-07-05 14:24:44,Direct Debit,16.17,United Kingdom,Online
TX005087,20352,2026-12-01 12:42:59,Bank Transfer,429.95,United Kingdom,Card
TX005088,20521,2026-06-27 17:12:00,Card Purchase,178.88,France,ATM
TX005089,20501,2026-06-05 03:24:01,Direct Debit,44.46,United Kingdom,Mobile
TX005090,20050,2026-04-30 21:11:53,Card Purchase,56.5,Germany,Mobile
TX005091,20301,2026-04-03 03:10:57,Card Purchase,47.19,United Kingdom,Card
TX005092,20182,2026-03-21 02:34:27,Card Purchase,24.99,United Kingdom,ATM
TX005093,20367,2026-01-08 12:46:16,Direct Debit,38.4,France,Card
TX005094,20136,2026-07-31 18:25:50,Card Purchase,84.84,United Kingdom,Card
TX005095,20150,2026-01-14 06:21:13,Card Purchase,638.2,Ireland,Online
TX005096,20301,2026-09-08 10:45:07,Bank Transfer,257.48,United Kingdom,Online
TX005097,20637,2026-07-31 08:13:02,Deposit,532.2,United Kingdom,Mobile
TX005098,20157,2026-06-29 13:01:43,Bank Transfer,79.88,United Kingdom,Branch
TX005099,20596,2026-01-15 09:00:02,Card Purchase,231.72,France,Card
TX005100,20391,2026-04-20 03:55:15,Card Purchase,36.38,United Kingdom,Card
TX005101,20378,2026-03-25 18:29:43,Deposit,66.41,United Kingdom,Mobile
TX005102,20383,2026-04-20 00:15:57,Deposit,126.36,United Kingdom,Online
TX005103,20404,2026-05-29 09:24:36,Direct Debit,440.29,United Kingdom,Card
TX005104,20115,2026-01-25 17:43:48,Card Purchase,84.52,United Kingdom,Card
TX005105,20329,2026-12-31 08:49:36,Bank Transfer,58.82,Singapore,Card
TX005106,20612,2026-02-04 15:37:36,Card Purchase,18.93,United States,ATM
TX005107,20291,2026-05-31 01:56:01,Bank Transfer,166.56,France,Mobile
TX005108,20429,2026-08-02 01:30:34,Deposit,88.73,United Kingdom,Online
TX005109,20377,2026-02-04 08:49:16,Direct Debit,118.81,United Kingdom,Card
TX005110,20673,2026-03-01 19:22:57,Bank Transfer,51.1,United Kingdom,Online
TX005111,20518,2026-02-02 14:12:05,Bank Transfer,58.12,France,ATM
TX005112,20247,2026-08-24 16:00:04,Deposit,166.35,United States,Card
TX005113,20600,2026-04-21 09:50:50,Bank Transfer,372.66,United Kingdom,Online
TX005114,20394,2026-10-28 19:15:58,Bank Transfer,14.07,Germany,Online
TX005115,20269,2026-09-29 05:21:40,Deposit,41.83,United Kingdom,ATM
TX005116,20034,2026-01-02 13:46:20,Card Purchase,37.2,France,Mobile
TX005117,20617,2026-04-23 13:48:01,Card Purchase,125.35,United Kingdom,Online
TX005118,20269,2026-08-29 15:13:22,Card Purchase,61.28,United Kingdom,Online
TX005119,20565,2026-08-27 14:04:52,Card Purchase,40.45,United Kingdom,Mobile
TX005120,20628,2026-08-11 07:21:02,Bank Transfer,77.51,United Kingdom,Card
TX005121,20661,2026-07-07 21:50:31,Card Purchase,39.63,United Kingdom,Mobile
TX005122,20143,2026-08-24 17:21:09,Deposit,78.48,United Kingdom,Online
TX005123,20513,2026-09-06 18:21:30,Card Purchase,236.97,Singapore,Mobile
TX005124,20601,2026-12-01 04:02:04,Card Purchase,27.99,United Kingdom,Online
TX005125,20467,2026-09-06 17:30:58,Bank Transfer,213.92,United Kingdom,Mobile
TX005126,20122,2026-11-25 16:46:39,Card Purchase,99.85,United Kingdom,Card
TX005127,20232,2026-09-19 11:35:23,Card Purchase,90.42,United Kingdom,Mobile
TX005128,20035,2026-10-27 03:29:48,Deposit,45.21,United Kingdom,ATM
TX005129,20050,2026-04-19 20:00:00,Card Purchase,18.03,Ireland,Online
TX005130,20259,2026-04-28 17:03:00,Card Purchase,110.21,United Kingdom,Card
TX005131,20160,2026-04-12 13:13:42,Card Purchase,45.58,United Kingdom,Branch
TX005132,20436,2026-09-02 01:45:00,Bank Transfer,34.86,Nigeria,Online
TX005133,20070,2026-01-05 01:13:42,Bank Transfer,112.43,United Kingdom,Mobile
TX005134,20660,2026-02-22 14:50:08,Direct Debit,364.05,United Kingdom,Mobile
TX005135,20087,2026-10-01 21:49:08,Deposit,258.41,United States,Mobile
TX005136,20011,2026-11-07 21:57:29,Card Purchase,22.24,United Kingdom,Card
TX005137,20423,2026-03-16 13:56:44,Bank Transfer,44.36,Nigeria,Card
TX005138,20459,2026-08-26 13:27:17,Bank Transfer,171.72,Nigeria,ATM
TX005139,20602,2026-04-28 19:09:07,Bank Transfer,36.23,United Kingdom,Branch
TX005140,20550,2026-07-03 04:37:47,Card Purchase,29.02,Ireland,Online
TX005141,20224,2026-02-03 22:52:53,Bank Transfer,113.91,United Kingdom,Mobile
TX005142,20050,2026-07-05 03:52:00,Card Purchase,19.98,United Kingdom,Branch
TX005143,20190,2026-10-11 11:22:19,Card Purchase,72.51,United Kingdom,Online
TX005144,20675,2026-07-13 05:31:54,Card Purchase,173.51,Germany,Online
TX005145,20086,2026-06-21 03:40:17,Card Purchase,146.57,United Kingdom,Online
TX005146,20274,2026-03-15 04:20:55,Card Purchase,406.46,United Kingdom,Branch
TX005147,20285,2026-06-15 00:59:21,Card Purchase,36.68,Singapore,Online
TX005148,20525,2026-01-08 13:41:22,Card Purchase,565.52,Netherlands,Online
TX005149,20580,2026-07-13 02:51:05,Card Purchase,225.33,United Kingdom,ATM
TX005150,20627,2026-03-21 18:10:04,Card Purchase,105.86,UAE,Card
TX005151,20541,2026-08-31 07:57:19,Card Purchase,377.06,United Kingdom,Card
TX005152,20251,2026-01-28 08:05:16,Card Purchase,63.22,United Kingdom,Mobile
TX005153,20172,2026-09-08 00:34:41,Bank Transfer,28.32,United States,Online
TX005154,20131,2026-07-31 07:11:54,Card Purchase,37.77,United Kingdom,ATM
TX005155,20093,2026-09-07 22:49:22,Card Purchase,38.77,United Kingdom,Card
TX005156,20082,2026-01-29 14:31:51,Direct Debit,23.34,United Kingdom,Card
TX005157,20603,2026-06-13 20:15:24,Bank Transfer,12.83,United Kingdom,Online
TX005158,20245,2026-04-05 05:25:08,Card Purchase,89.18,United Kingdom,Mobile
TX005159,20034,2026-10-08 02:05:19,Bank Transfer,810.31,United Kingdom,Mobile
TX005160,20340,2026-02-25 01:21:44,Card Purchase,42.35,United Kingdom,Online
TX005161,20567,2026-04-01 02:32:05,Cash Withdrawal,266.54,United Kingdom,Card
TX005162,20341,2026-04-30 09:16:55,Direct Debit,355.39,United Kingdom,Card
TX005163,20233,2026-02-27 00:21:30,Card Purchase,80.78,United Kingdom,Mobile
TX005164,20392,2026-07-02 09:12:18,Card Purchase,32.96,UAE,ATM
TX005165,20187,2026-08-17 18:23:12,Card Purchase,49.05,United Kingdom,Online
TX005166,20391,2026-04-24 08:30:08,Card Purchase,13.45,United States,Card
TX005167,20149,2026-04-27 21:36:13,Deposit,83.61,Nigeria,Card
TX005168,20230,2026-01-04 17:18:49,Cash Withdrawal,340.98,United Kingdom,ATM
TX005169,20200,2026-07-14 05:56:34,Deposit,302.77,Nigeria,Mobile
TX005170,20206,2026-03-20 13:33:01,Bank Transfer,19.67,United Kingdom,Mobile
TX005171,20281,2026-11-24 00:42:22,Cash Withdrawal,124.28,United Kingdom,Online
TX005172,20175,2026-04-09 14:53:43,Card Purchase,567.42,United Kingdom,Card
TX005173,20273,2026-09-29 17:04:11,Card Purchase,80.56,United Kingdom,Mobile
TX005174,20406,2026-10-26 18:12:19,Direct Debit,6.18,United States,Mobile
TX005175,20274,2026-11-20 05:10:25,Direct Debit,67.82,United States,Online
TX005176,20198,2026-11-22 08:05:05,Bank Transfer,38.33,Germany,Online
TX005177,20215,2026-02-17 20:04:32,Direct Debit,145.5,Nigeria,Card
TX005178,20192,2026-11-23 22:31:38,Card Purchase,50.3,France,Card
TX005179,20373,2026-07-03 17:10:04,Card Purchase,42.64,United States,Mobile
TX005180,20254,2026-09-02 20:32:18,Card Purchase,126.26,Ireland,Card
TX005181,20292,2026-08-20 08:46:59,Deposit,38.18,United Kingdom,Card
TX005182,20137,2026-07-03 03:21:15,Deposit,138.06,UAE,Card
TX005183,20314,2026-01-10 11:05:20,Deposit,23.65,United Kingdom,ATM
TX005184,20568,2026-09-25 04:09:52,Bank Transfer,17.74,United Kingdom,Card
TX005185,20348,2026-03-14 18:22:10,Card Purchase,536.99,United Kingdom,Online
TX005186,20604,2026-09-05 22:09:33,Card Purchase,82.8,United Kingdom,ATM
TX005187,20305,2026-12-16 01:25:28,Bank Transfer,35.84,Spain,Online
TX005188,20581,2026-11-07 10:57:19,Direct Debit,289.3,United States,Online
TX005189,20043,2026-03-22 05:45:58,Cash Withdrawal,12.4,United Kingdom,Mobile
TX005190,20638,2026-01-24 13:31:11,Direct Debit,87.51,Nigeria,Card
TX005191,20501,2026-09-21 21:14:16,Bank Transfer,342.9,United Kingdom,Mobile
TX005192,20299,2026-08-22 14:32:49,Deposit,62.16,United Kingdom,Mobile
TX005193,20117,2026-05-23 19:02:09,Card Purchase,168.81,United Kingdom,Online
TX005194,20639,2026-10-22 12:09:04,Card Purchase,206.63,United Kingdom,Card
TX005195,20217,2026-10-11 10:20:24,Card Purchase,531.19,United Kingdom,ATM
TX005196,20281,2026-09-27 07:41:00,Card Purchase,539.76,United Kingdom,Mobile
TX005197,20346,2026-03-07 13:24:43,Direct Debit,28.66,United Kingdom,Mobile
TX005198,20233,2026-12-23 12:11:42,Cash Withdrawal,30.97,UAE,Mobile
TX005199,20603,2026-07-25 00:08:01,Card Purchase,441.1,United Kingdom,Online
TX005200,20484,2026-07-01 14:46:52,Direct Debit,158.89,United Kingdom,ATM
TX005201,20669,2026-10-25 20:09:12,Card Purchase,17.83,United Kingdom,Mobile
TX005202,20210,2026-03-24 02:09:35,Bank Transfer,229.53,Singapore,Online
TX005203,20361,2026-07-14 23:57:53,Card Purchase,70.99,Netherlands,Online
TX005204,20127,2026-07-06 18:22:05,Direct Debit,59.89,United Kingdom,Branch
TX005205,20347,2026-11-27 04:51:01,Card Purchase,175.05,United Kingdom,Card
TX005206,20672,2026-05-20 10:10:57,Deposit,52.58,UAE,Mobile
TX005207,20060,2026-12-31 15:39:30,Deposit,58.0,United Kingdom,Mobile
TX005208,20587,2026-07-01 11:03:11,Card Purchase,79.83,France,Mobile
TX005209,20407,2026-07-09 01:56:21,Card Purchase,21.09,Netherlands,Online
TX005210,20518,2026-05-12 05:42:38,Card Purchase,32.03,UAE,Card
TX005211,20016,2026-07-24 12:55:49,Direct Debit,84.93,Netherlands,Mobile
TX005212,20232,2026-04-30 01:54:40,Card Purchase,242.98,United Kingdom,Card
TX005213,20133,2026-03-20 20:06:38,Card Purchase,148.26,Nigeria,Mobile
TX005214,20069,2026-12-10 12:10:25,Bank Transfer,52.92,United Kingdom,Card
TX005215,20361,2026-04-03 23:51:24,Bank Transfer,17.92,United Kingdom,Card
TX005216,20541,2026-01-28 05:17:45,Direct Debit,53.03,United Kingdom,Branch
TX005217,20004,2026-09-05 17:58:19,Direct Debit,228.79,United Kingdom,Online
TX005218,20497,2026-05-13 03:15:49,Card Purchase,613.8,United Kingdom,ATM
TX005219,20087,2026-06-11 10:33:42,Card Purchase,38.1,United Kingdom,Branch
TX005220,20476,2026-05-04 05:55:56,Deposit,78.92,Germany,Online
TX005221,20068,2026-08-06 09:34:53,Bank Transfer,279.56,Singapore,Mobile
TX005222,20623,2026-07-18 06:51:46,Cash Withdrawal,115.48,United Kingdom,Mobile
TX005223,20487,2026-06-11 01:28:36,Cash Withdrawal,4.06,Germany,Branch
TX005224,20015,2026-08-18 16:18:32,Bank Transfer,63.82,United States,Mobile
TX005225,20582,2026-01-29 10:23:29,Direct Debit,379.86,United Kingdom,Card
TX005226,20239,2026-11-23 20:08:36,Cash Withdrawal,66.83,United Kingdom,Online
TX005227,20528,2026-02-01 12:44:16,Cash Withdrawal,148.59,France,ATM
TX005228,20233,2026-01-06 16:00:39,Bank Transfer,285.55,Spain,ATM
TX005229,20449,2026-05-07 13:10:48,Card Purchase,73.03,United Kingdom,Online
TX005230,20361,2026-05-29 00:25:01,Card Purchase,98.74,United Kingdom,Mobile
TX005231,20290,2026-09-25 22:17:22,Card Purchase,124.48,United Kingdom,Online
TX005232,20515,2026-05-09 04:26:06,Bank Transfer,28.54,UAE,ATM
TX005233,20437,2026-10-18 04:16:43,Cash Withdrawal,199.74,United Kingdom,Mobile
TX005234,20669,2026-08-16 19:32:41,Card Purchase,59.18,Germany,Online
TX005235,20027,2026-08-14 04:55:09,Card Purchase,75.16,United Kingdom,Card
TX005236,20070,2026-01-31 22:15:56,Card Purchase,75.59,Nigeria,Online
TX005237,20514,2026-04-14 09:02:32,Deposit,767.47,United Kingdom,Card
TX005238,20186,2026-02-27 17:27:18,Bank Transfer,184.21,United Kingdom,Card
TX005239,20470,2026-04-15 04:48:31,Deposit,160.56,United States,Mobile
TX005240,20211,2026-05-07 04:16:09,Direct Debit,240.26,United Kingdom,Mobile
TX005241,20460,2026-10-17 14:28:22,Direct Debit,51.98,Spain,Mobile
TX005242,20052,2026-07-05 08:12:05,Card Purchase,88.49,United Kingdom,Online
TX005243,20094,2026-08-27 18:11:24,Deposit,264.68,Ireland,Online
TX005244,20617,2026-08-18 22:13:17,Card Purchase,24.34,France,Card
TX005245,20187,2026-05-15 20:14:10,Direct Debit,381.46,Ireland,Online
TX005246,20213,2026-01-28 16:56:40,Deposit,144.19,Singapore,Mobile
TX005247,20440,2026-11-27 13:13:20,Direct Debit,17.95,Singapore,Mobile
TX005248,20003,2026-05-30 05:33:01,Direct Debit,129.84,France,Mobile
TX005249,20333,2026-05-14 21:15:35,Cash Withdrawal,30.33,United Kingdom,Mobile
TX005250,20170,2026-09-15 22:44:56,Direct Debit,96.21,Germany,Card
TX005251,20167,2026-04-18 08:38:18,Card Purchase,226.61,Ireland,Card
TX005252,20096,2026-08-09 22:10:12,Card Purchase,246.51,France,Card
TX005253,20151,2026-02-18 03:46:01,Card Purchase,19.48,United Kingdom,Mobile
TX005254,20097,2026-02-08 18:13:08,Direct Debit,33.09,United Kingdom,Mobile
TX005255,20053,2026-03-21 03:42:04,Bank Transfer,119.33,Spain,Card
TX005256,20345,2026-11-22 02:26:58,Bank Transfer,78.53,United Kingdom,Card
TX005257,20069,2026-05-12 09:03:33,Deposit,199.73,Nigeria,Branch
TX005258,20237,2026-08-01 04:22:03,Bank Transfer,14.74,United Kingdom,Card
TX005259,20450,2026-05-26 21:11:47,Direct Debit,158.31,United States,Card
TX005260,20169,2026-06-04 07:03:46,Deposit,123.96,Ireland,Mobile
TX005261,20536,2026-02-07 19:55:58,Direct Debit,25.08,United Kingdom,Card
TX005262,20503,2026-05-01 21:37:02,Card Purchase,46.85,United Kingdom,Card
TX005263,20622,2026-08-24 14:38:07,Bank Transfer,468.91,United Kingdom,Mobile
TX005264,20637,2026-07-11 05:07:00,Card Purchase,255.12,United Kingdom,Card
TX005265,20076,2026-02-26 23:41:34,Card Purchase,924.63,United Kingdom,Card
TX005266,20346,2026-02-14 03:07:24,Direct Debit,90.98,United Kingdom,Mobile
TX005267,20009,2026-09-07 03:48:15,Card Purchase,1006.38,United Kingdom,Card
TX005268,20642,2026-12-19 10:41:22,Card Purchase,16.54,United Kingdom,Card
TX005269,20586,2026-09-22 20:56:50,Direct Debit,42.98,Netherlands,Online
TX005270,20003,2026-12-07 00:32:37,Cash Withdrawal,84.52,United Kingdom,ATM
TX005271,20006,2026-02-06 02:24:32,Bank Transfer,34.79,Nigeria,Branch
TX005272,20083,2026-02-08 00:20:48,Direct Debit,39.41,UAE,Card
TX005273,20361,2026-06-14 09:05:50,Bank Transfer,51.28,United Kingdom,Card
TX005274,20543,2026-07-14 12:58:51,Deposit,70.59,United Kingdom,Card
TX005275,20104,2026-06-15 20:09:42,Card Purchase,68.27,United Kingdom,Mobile
TX005276,20113,2026-07-21 11:07:54,Cash Withdrawal,76.93,United Kingdom,Card
TX005277,20206,2026-10-11 10:04:58,Card Purchase,184.13,United Kingdom,Mobile
TX005278,20491,2026-02-12 07:43:46,Card Purchase,105.73,Nigeria,Online
TX005279,20236,2026-06-10 10:08:17,Cash Withdrawal,119.46,United Kingdom,Mobile
TX005280,20254,2026-05-18 15:36:16,Cash Withdrawal,103.32,UAE,Card
TX005281,20076,2026-04-23 07:35:37,Card Purchase,32.31,Spain,Online
TX005282,20052,2026-03-21 01:05:21,Deposit,202.24,Germany,Card
TX005283,20208,2026-01-28 10:07:08,Bank Transfer,180.97,Nigeria,Mobile
TX005284,20071,2026-03-06 18:12:27,Card Purchase,48.97,UAE,Online
TX005285,20328,2026-04-15 08:16:12,Cash Withdrawal,94.53,United Kingdom,Card
TX005286,20118,2026-11-16 16:31:03,Bank Transfer,115.2,Nigeria,Mobile
TX005287,20588,2026-07-04 08:23:39,Card Purchase,205.9,Germany,ATM
TX005288,20219,2026-07-08 09:37:18,Deposit,23.79,United Kingdom,Branch
TX005289,20646,2026-04-24 08:02:22,Bank Transfer,65.08,France,Card
TX005290,20317,2026-02-07 01:48:54,Bank Transfer,510.66,United Kingdom,ATM
TX005291,20638,2026-09-26 22:55:45,Bank Transfer,34.21,UAE,Mobile
TX005292,20431,2026-11-13 21:46:30,Direct Debit,22.45,Germany,Online
TX005293,20227,2026-09-22 15:45:39,Deposit,72.86,United Kingdom,ATM
TX005294,20237,2026-01-01 03:23:52,Deposit,196.39,Ireland,Branch
TX005295,20561,2026-09-06 01:20:18,Bank Transfer,40.78,United Kingdom,Mobile
TX005296,20367,2026-02-26 07:07:27,Card Purchase,273.93,United Kingdom,ATM
TX005297,20500,2026-12-13 11:24:14,Bank Transfer,228.0,United Kingdom,Card
TX005298,20185,2026-06-15 15:10:55,Direct Debit,93.11,United Kingdom,Branch
TX005299,20298,2026-08-10 16:45:02,Deposit,113.65,United Kingdom,Mobile
TX005300,20451,2026-01-29 09:38:12,Card Purchase,599.0,Spain,Mobile
TX005301,20588,2026-04-05 04:22:08,Cash Withdrawal,402.59,UAE,Mobile
TX005302,20084,2026-06-13 20:41:09,Deposit,97.13,United Kingdom,Mobile
TX005303,20272,2026-10-08 16:01:17,Bank Transfer,598.15,United Kingdom,Mobile
TX005304,20334,2026-03-20 02:20:04,Card Purchase,18.56,United Kingdom,Card
TX005305,20446,2026-11-12 03:12:56,Card Purchase,16.45,United Kingdom,Mobile
TX005306,20481,2026-10-09 01:07:50,Card Purchase,245.85,United Kingdom,Online
TX005307,20023,2026-03-30 00:09:38,Bank Transfer,57.0,United Kingdom,ATM
TX005308,20521,2026-07-26 02:33:03,Bank Transfer,29.23,United Kingdom,Card
TX005309,20178,2026-10-08 12:59:39,Bank Transfer,83.23,United Kingdom,ATM
TX005310,20294,2026-08-24 20:40:37,Bank Transfer,33.38,Singapore,Online
TX005311,20245,2026-04-06 05:19:27,Card Purchase,42.22,United Kingdom,Mobile
TX005312,20665,2026-06-25 22:43:38,Card Purchase,433.93,United Kingdom,Branch
TX005313,20518,2026-06-01 23:46:13,Bank Transfer,127.12,United Kingdom,Mobile
TX005314,20504,2026-03-23 00:21:24,Bank Transfer,69.73,United Kingdom,Mobile
TX005315,20020,2026-11-10 18:02:10,Card Purchase,31.37,United Kingdom,Mobile
TX005316,20412,2026-03-27 15:12:28,Card Purchase,151.1,United Kingdom,Online
TX005317,20551,2026-11-19 06:35:00,Cash Withdrawal,27.69,Singapore,Card
TX005318,20188,2026-03-01 15:38:04,Direct Debit,60.58,United Kingdom,Online
TX005319,20316,2026-09-01 21:03:55,Card Purchase,53.46,United Kingdom,Mobile
TX005320,20655,2026-08-24 16:11:26,Direct Debit,70.55,United Kingdom,Online
TX005321,20580,2026-03-22 12:46:48,Bank Transfer,18.4,United Kingdom,Mobile
TX005322,20058,2026-09-02 23:12:05,Card Purchase,86.88,Ireland,Online
TX005323,20081,2026-01-02 13:02:04,Bank Transfer,128.95,United Kingdom,Card
TX005324,20547,2026-09-23 11:09:36,Card Purchase,53.96,United Kingdom,Card
TX005325,20050,2026-03-07 00:20:01,Bank Transfer,13.28,United Kingdom,Card
TX005326,20584,2026-06-08 13:27:58,Card Purchase,28.12,Ireland,Card
TX005327,20642,2026-07-05 11:50:55,Card Purchase,724.92,United States,Online
TX005328,20396,2026-11-13 12:40:19,Bank Transfer,198.65,United Kingdom,Mobile
TX005329,20281,2026-01-05 16:41:42,Bank Transfer,74.68,United Kingdom,Card
TX005330,20007,2026-03-04 10:30:35,Bank Transfer,138.3,France,Card
TX005331,20395,2026-06-22 01:10:47,Card Purchase,115.74,Spain,Mobile
TX005332,20485,2026-08-10 23:37:42,Card Purchase,89.9,Spain,Online
TX005333,20159,2026-07-22 01:59:53,Direct Debit,29.75,United Kingdom,Mobile
TX005334,20462,2026-09-22 21:38:55,Card Purchase,403.79,Ireland,Online
TX005335,20570,2026-07-25 03:45:43,Card Purchase,499.5,United Kingdom,Card
TX005336,20353,2026-01-14 15:21:12,Direct Debit,203.82,United States,Branch
TX005337,20513,2026-07-18 04:50:31,Card Purchase,18.7,United Kingdom,Card
TX005338,20535,2026-10-14 00:18:23,Deposit,33.37,United States,ATM
TX005339,20101,2026-05-31 15:47:05,Card Purchase,85.14,United Kingdom,Mobile
TX005340,20089,2026-06-02 08:30:46,Direct Debit,97.89,United Kingdom,Mobile
TX005341,20319,2026-04-08 09:43:49,Direct Debit,195.54,Spain,Mobile
TX005342,20492,2026-02-05 18:31:31,Card Purchase,158.54,France,Mobile
TX005343,20176,2026-07-11 09:24:12,Card Purchase,108.18,United Kingdom,Online
TX005344,20322,2026-11-15 11:30:25,Card Purchase,68.93,United Kingdom,Card
TX005345,20335,2026-10-02 05:23:27,Direct Debit,61.98,Ireland,Mobile
TX005346,20446,2026-05-12 16:18:29,Cash Withdrawal,71.57,United Kingdom,Mobile
TX005347,20122,2026-11-02 09:09:57,Cash Withdrawal,184.08,United Kingdom,Online
TX005348,20031,2026-05-30 22:28:05,Card Purchase,5.13,France,Card
TX005349,20284,2026-03-17 01:26:33,Bank Transfer,36.29,United Kingdom,Online
TX005350,20342,2026-03-19 23:33:07,Bank Transfer,34.69,UAE,Online
TX005351,20062,2026-11-14 03:25:12,Card Purchase,26.13,United Kingdom,Online
TX005352,20516,2026-09-20 16:26:36,Cash Withdrawal,208.96,Ireland,Mobile
TX005353,20363,2026-02-03 17:33:48,Bank Transfer,31.12,France,Card
TX005354,20423,2026-04-28 22:41:32,Card Purchase,79.87,United Kingdom,Card
TX005355,20297,2026-05-08 22:01:57,Bank Transfer,29.02,Germany,Card
TX005356,20064,2026-07-10 08:56:08,Cash Withdrawal,34.62,UAE,Online
TX005357,20254,2026-12-18 12:36:16,Bank Transfer,137.75,France,Mobile
TX005358,20614,2026-11-30 09:44:08,Bank Transfer,241.04,United Kingdom,Card
TX005359,20195,2026-01-27 20:23:31,Direct Debit,560.41,Ireland,Mobile
TX005360,20219,2026-09-20 13:56:29,Card Purchase,59.21,Ireland,Online
TX005361,20186,2026-03-25 10:11:55,Bank Transfer,265.96,United Kingdom,ATM
TX005362,20423,2026-08-24 20:00:35,Direct Debit,56.75,Spain,ATM
TX005363,20416,2026-04-30 21:33:29,Bank Transfer,7790.82,Netherlands,Online
TX005364,20502,2026-09-22 11:36:16,Cash Withdrawal,51.95,UAE,ATM
TX005365,20212,2026-02-23 18:47:55,Card Purchase,255.05,United Kingdom,Card
TX005366,20637,2026-02-03 03:32:44,Direct Debit,97.57,United Kingdom,ATM
TX005367,20423,2026-11-02 01:33:29,Cash Withdrawal,31.09,France,Card
TX005368,20035,2026-06-21 07:32:49,Bank Transfer,396.17,United Kingdom,Branch
TX005369,20150,2026-01-16 20:43:16,Bank Transfer,44.22,Netherlands,ATM
TX005370,20007,2026-03-04 03:38:31,Bank Transfer,566.04,Germany,Online
TX005371,20007,2026-09-11 15:11:47,Card Purchase,19.33,United Kingdom,ATM
TX005372,20009,2026-04-22 01:06:12,Card Purchase,692.04,United Kingdom,Online
TX005373,20675,2026-07-15 03:05:57,Direct Debit,140.91,Nigeria,ATM
TX005374,20383,2026-03-29 02:37:33,Card Purchase,52.65,UAE,Mobile
TX005375,20374,2026-11-12 15:07:00,Bank Transfer,67.51,United States,Mobile
TX005376,20465,2026-05-31 13:30:43,Direct Debit,312.4,United Kingdom,Card
TX005377,20582,2026-07-08 00:59:34,Card Purchase,80.12,Ireland,Mobile
TX005378,20666,2026-10-30 02:52:28,Card Purchase,88.06,UAE,Card
TX005379,20330,2026-05-30 22:30:20,Bank Transfer,155.34,UAE,Mobile
TX005380,20101,2026-01-31 20:59:11,Card Purchase,47.68,United Kingdom,Card
TX005381,20085,2026-12-13 17:46:08,Bank Transfer,41.36,United Kingdom,Card
TX005382,20211,2026-10-31 13:50:30,Direct Debit,159.93,United Kingdom,Online
TX005383,20188,2026-01-19 00:56:04,Card Purchase,80.77,United States,Branch
TX005384,20033,2026-04-14 00:00:50,Bank Transfer,87.5,United Kingdom,Card
TX005385,20445,2026-03-25 05:47:17,Card Purchase,109.06,Germany,Online
TX005386,20420,2026-01-22 02:50:10,Card Purchase,54.72,United Kingdom,Mobile
TX005387,20325,2026-11-28 19:39:04,Bank Transfer,86.4,Nigeria,Mobile
TX005388,20078,2026-09-12 12:39:09,Card Purchase,74.31,United Kingdom,ATM
TX005389,20353,2026-04-19 20:55:00,Bank Transfer,147.2,United Kingdom,Mobile
TX005390,20465,2026-08-28 03:00:04,Card Purchase,234.46,United Kingdom,Online
TX005391,20168,2026-12-13 05:27:47,Deposit,29.5,Nigeria,Mobile
TX005392,20081,2026-01-06 21:10:57,Card Purchase,59.46,United Kingdom,Card
TX005393,20277,2026-07-19 08:23:27,Cash Withdrawal,64.32,United Kingdom,Mobile
TX005394,20311,2026-12-11 17:30:08,Deposit,38.58,Ireland,Card
TX005395,20325,2026-07-17 19:23:08,Card Purchase,98.57,Nigeria,ATM
TX005396,20126,2026-10-23 22:52:29,Bank Transfer,97.93,Nigeria,Online
TX005397,20264,2026-08-14 13:45:35,Direct Debit,82.22,United Kingdom,Online
TX005398,20247,2026-02-04 23:04:37,Deposit,40.01,Spain,Online
TX005399,20657,2026-12-12 11:25:35,Card Purchase,93.6,United Kingdom,Branch
TX005400,20136,2026-02-19 21:19:05,Deposit,174.39,United Kingdom,Online
TX005401,20641,2026-01-08 18:01:04,Deposit,145.77,United Kingdom,Online
TX005402,20514,2026-10-27 06:35:09,Card Purchase,32.6,France,ATM
TX005403,20579,2026-12-01 17:39:26,Card Purchase,107.39,United Kingdom,Card
TX005404,20216,2026-05-01 12:28:16,Cash Withdrawal,41.02,United Kingdom,Online
TX005405,20609,2026-05-26 16:06:33,Bank Transfer,18.01,UAE,Card
TX005406,20067,2026-12-11 15:11:37,Bank Transfer,75.6,Ireland,Online
TX005407,20132,2026-04-27 19:17:43,Card Purchase,25.17,United Kingdom,Card
TX005408,20523,2026-10-08 19:39:05,Cash Withdrawal,39.72,France,Online
TX005409,20495,2026-12-23 00:50:02,Bank Transfer,9.52,United Kingdom,Mobile
TX005410,20410,2026-09-09 14:41:17,Deposit,26.8,Nigeria,Mobile
TX005411,20063,2026-09-01 07:50:10,Card Purchase,19.42,United Kingdom,Mobile
TX005412,20338,2026-11-07 23:01:52,Card Purchase,343.29,United Kingdom,Online
TX005413,20004,2026-03-10 23:01:27,Cash Withdrawal,137.02,United Kingdom,Mobile
TX005414,20673,2026-10-24 02:44:27,Cash Withdrawal,201.31,United Kingdom,Mobile
TX005415,20270,2026-09-21 10:59:17,Bank Transfer,163.72,United Kingdom,Online
TX005416,20146,2026-10-05 08:40:50,Bank Transfer,172.84,United Kingdom,Card
TX005417,20140,2026-02-28 01:14:55,Card Purchase,83.81,United Kingdom,ATM
TX005418,20513,2026-05-12 08:02:39,Card Purchase,434.71,United Kingdom,ATM
TX005419,20585,2026-01-22 13:48:17,Direct Debit,135.7,United Kingdom,Card
TX005420,20402,2026-03-27 20:14:22,Cash Withdrawal,68.44,Ireland,Online
TX005421,20417,2026-08-03 23:23:33,Card Purchase,255.82,Nigeria,ATM
TX005422,20658,2026-02-02 00:08:56,Direct Debit,312.14,United Kingdom,Mobile
TX005423,20361,2026-03-05 09:55:08,Deposit,242.36,Singapore,Online
TX005424,20030,2026-08-12 19:57:12,Card Purchase,72.21,United Kingdom,Mobile
TX005425,20672,2026-04-26 14:49:46,Card Purchase,111.99,Netherlands,Card
TX005426,20168,2026-08-13 04:18:20,Bank Transfer,145.37,United Kingdom,Online
TX005427,20088,2026-03-01 17:14:57,Bank Transfer,86.18,United Kingdom,Online
TX005428,20074,2026-04-15 14:07:36,Card Purchase,19.08,Ireland,Branch
TX005429,20205,2026-08-22 16:07:37,Card Purchase,53.97,United Kingdom,ATM
TX005430,20035,2026-09-17 12:33:38,Card Purchase,48.94,Spain,Mobile
TX005431,20341,2026-12-04 11:06:42,Deposit,69.79,Germany,Online
TX005432,20042,2026-08-14 00:54:53,Cash Withdrawal,37.62,France,Mobile
TX005433,20354,2026-12-30 01:23:12,Direct Debit,51.12,United Kingdom,Card
TX005434,20451,2026-01-08 10:15:36,Deposit,27.71,United Kingdom,Online
TX005435,20665,2026-04-10 20:10:29,Deposit,129.06,Singapore,Mobile
TX005436,20255,2026-09-20 07:49:08,Card Purchase,478.92,Spain,Mobile
TX005437,20382,2026-05-27 09:37:23,Card Purchase,115.2,United Kingdom,Online
TX005438,20372,2026-09-10 14:01:10,Card Purchase,44.88,United Kingdom,Online
TX005439,20191,2026-02-10 08:06:09,Direct Debit,56.74,Spain,Mobile
TX005440,20665,2026-05-16 23:59:51,Card Purchase,15.25,UAE,Online
TX005441,20222,2026-12-03 06:47:33,Direct Debit,291.28,Germany,Card
TX005442,20263,2026-06-26 05:20:57,Bank Transfer,471.66,United Kingdom,Mobile
TX005443,20565,2026-01-18 06:26:09,Card Purchase,310.24,United Kingdom,ATM
TX005444,20585,2026-06-19 17:24:13,Cash Withdrawal,69.38,France,ATM
TX005445,20525,2026-08-30 23:59:23,Card Purchase,64.7,United Kingdom,ATM
TX005446,20125,2026-11-23 15:56:15,Card Purchase,135.25,United Kingdom,Online
TX005447,20546,2026-12-14 14:17:21,Direct Debit,200.15,United Kingdom,Card
TX005448,20032,2026-08-21 15:43:16,Card Purchase,438.57,United Kingdom,Card
TX005449,20143,2026-02-27 21:29:11,Card Purchase,104.41,United States,ATM
TX005450,20556,2026-12-17 07:19:41,Cash Withdrawal,65.71,United Kingdom,Mobile
TX005451,20156,2026-01-09 10:13:50,Bank Transfer,9.61,United Kingdom,ATM
TX005452,20459,2026-03-05 09:09:20,Direct Debit,50.85,United Kingdom,Card
TX005453,20067,2026-09-12 10:30:25,Bank Transfer,103.16,United Kingdom,Card
TX005454,20270,2026-02-17 03:46:54,Card Purchase,162.4,United Kingdom,Mobile
TX005455,20048,2026-08-08 15:03:59,Deposit,37.09,UAE,Online
TX005456,20492,2026-11-14 20:20:23,Bank Transfer,123.55,United Kingdom,Card
TX005457,20372,2026-03-26 19:22:41,Card Purchase,378.1,United Kingdom,Card
TX005458,20465,2026-11-08 11:28:00,Bank Transfer,433.68,Nigeria,Online
TX005459,20016,2026-01-23 06:44:09,Card Purchase,51.26,United Kingdom,Card
TX005460,20193,2026-02-08 05:04:42,Card Purchase,387.35,Spain,Online
TX005461,20599,2026-02-01 00:28:37,Bank Transfer,200.44,United Kingdom,ATM
TX005462,20181,2026-09-21 08:11:28,Bank Transfer,84.79,France,Card
TX005463,20426,2026-02-13 02:59:25,Card Purchase,3679.89,United Kingdom,Mobile
TX005464,20227,2026-10-10 09:39:08,Card Purchase,273.8,France,Mobile
TX005465,20517,2026-05-04 10:49:28,Card Purchase,134.91,United Kingdom,Online
TX005466,20132,2026-06-01 04:09:14,Direct Debit,95.27,Nigeria,Card
TX005467,20139,2026-10-07 02:06:28,Deposit,37.13,United Kingdom,Branch
TX005468,20557,2026-08-18 18:43:24,Card Purchase,511.53,Nigeria,Online
TX005469,20210,2026-10-28 15:34:48,Card Purchase,24.34,United Kingdom,Branch
TX005470,20170,2026-04-14 16:17:07,Card Purchase,148.79,United Kingdom,Branch
TX005471,20617,2026-03-02 08:25:35,Bank Transfer,119.99,United States,Online
TX005472,20591,2026-09-13 06:59:37,Card Purchase,25.81,United Kingdom,Card
TX005473,20369,2026-12-05 23:55:06,Card Purchase,50.19,Nigeria,Online
TX005474,20142,2026-10-09 12:31:00,Bank Transfer,38.47,Ireland,Mobile
TX005475,20582,2026-08-25 20:17:35,Direct Debit,95.26,United Kingdom,Card
TX005476,20055,2026-03-31 08:11:42,Card Purchase,78.32,United Kingdom,Online
TX005477,20652,2026-02-02 08:50:35,Card Purchase,66.49,UAE,ATM
TX005478,20305,2026-09-12 09:50:01,Card Purchase,55.05,France,Card
TX005479,20264,2026-04-21 21:50:31,Bank Transfer,71.9,United Kingdom,Mobile
TX005480,20205,2026-11-30 07:43:42,Deposit,98.25,United Kingdom,ATM
TX005481,20387,2026-12-10 11:49:09,Card Purchase,81.13,Germany,Mobile
TX005482,20405,2026-11-18 10:17:46,Direct Debit,110.21,Nigeria,ATM
TX005483,20658,2026-03-17 18:46:31,Card Purchase,36.83,United States,ATM
TX005484,20665,2026-07-01 17:01:42,Card Purchase,82.04,France,Mobile
TX005485,20061,2026-05-30 20:24:48,Bank Transfer,290.33,United Kingdom,Online
TX005486,20295,2026-10-04 13:25:48,Card Purchase,527.99,France,Card
TX005487,20589,2026-01-19 21:48:36,Card Purchase,87.19,France,Online
TX005488,20326,2026-03-20 20:25:48,Card Purchase,217.61,United Kingdom,Card
TX005489,20469,2026-04-06 00:37:37,Card Purchase,83.02,Spain,Mobile
TX005490,20491,2026-12-15 03:22:27,Direct Debit,12.17,Netherlands,Mobile
TX005491,20035,2026-04-05 17:24:50,Bank Transfer,105.19,United Kingdom,Online
TX005492,20438,2026-04-20 21:38:24,Card Purchase,23.09,United Kingdom,Card
TX005493,20441,2026-04-11 22:30:44,Bank Transfer,23.02,UAE,Mobile
TX005494,20018,2026-02-16 01:48:24,Card Purchase,491.88,United Kingdom,ATM
TX005495,20310,2026-06-21 23:21:18,Card Purchase,35.83,United Kingdom,Mobile
TX005496,20188,2026-08-24 16:24:35,Card Purchase,225.13,United Kingdom,Card
TX005497,20173,2026-10-08 02:18:01,Bank Transfer,183.88,UAE,ATM
TX005498,20329,2026-10-17 14:20:33,Direct Debit,158.88,United States,Online
TX005499,20135,2026-05-03 09:02:12,Card Purchase,314.2,Spain,Branch
TX005500,20283,2026-06-05 14:25:16,Cash Withdrawal,173.98,Nigeria,Online
TX005501,20242,2026-04-27 03:12:52,Card Purchase,51.66,United Kingdom,Mobile
TX005502,20269,2026-07-14 15:15:19,Card Purchase,44.02,United States,Online
TX005503,20093,2026-10-09 13:14:39,Bank Transfer,171.2,Nigeria,Branch
TX005504,20039,2026-06-18 16:15:14,Card Purchase,17.54,Netherlands,Mobile
TX005505,20507,2026-04-11 06:30:36,Bank Transfer,101.77,France,Mobile
TX005506,20293,2026-10-18 08:11:39,Card Purchase,85.38,United Kingdom,ATM
TX005507,20060,2026-08-08 16:06:10,Card Purchase,177.12,United Kingdom,Card
TX005508,20003,2026-06-01 19:32:01,Bank Transfer,155.09,United States,Card
TX005509,20315,2026-10-28 04:18:12,Deposit,151.1,Ireland,Mobile
TX005510,20421,2026-04-26 10:43:11,Bank Transfer,15.72,United Kingdom,Mobile
TX005511,20127,2026-10-10 10:46:07,Direct Debit,12.1,United Kingdom,Card
TX005512,20349,2026-08-18 18:08:37,Bank Transfer,176.58,United Kingdom,Online
TX005513,20529,2026-01-28 21:37:03,Card Purchase,41.5,Netherlands,Mobile
TX005514,20391,2026-04-24 07:06:07,Card Purchase,304.66,United Kingdom,Mobile
TX005515,20087,2026-04-27 17:39:34,Direct Debit,62.73,Nigeria,Branch
TX005516,20074,2026-10-04 22:33:52,Bank Transfer,423.25,Germany,Online
TX005517,20443,2026-04-24 01:54:52,Card Purchase,59.24,United States,Online
TX005518,20611,2026-12-18 19:32:38,Deposit,87.05,United Kingdom,Card
TX005519,20663,2026-11-11 05:01:37,Card Purchase,41.74,United States,Branch
TX005520,20447,2026-01-17 09:42:17,Direct Debit,59.38,United Kingdom,Online
TX005521,20317,2026-11-12 03:57:42,Card Purchase,225.81,United Kingdom,Mobile
TX005522,20318,2026-12-23 02:57:15,Card Purchase,210.86,Germany,Mobile
TX005523,20306,2026-03-23 12:13:14,Card Purchase,71.73,United Kingdom,ATM
TX005524,20146,2026-06-08 18:41:58,Card Purchase,77.21,France,ATM
TX005525,20061,2026-09-25 08:07:25,Card Purchase,48.68,United Kingdom,ATM
TX005526,20525,2026-01-11 08:05:09,Card Purchase,70.09,United Kingdom,Mobile
TX005527,20218,2026-08-13 11:21:38,Card Purchase,539.58,United Kingdom,Card
TX005528,20027,2026-12-17 19:52:02,Bank Transfer,21.2,United Kingdom,Online
TX005529,20538,2026-12-26 08:36:17,Direct Debit,78.14,United Kingdom,Online
TX005530,20667,2026-02-19 17:25:20,Bank Transfer,149.66,United Kingdom,Card
TX005531,20610,2026-06-05 17:53:48,Bank Transfer,16.24,Nigeria,Mobile
TX005532,20393,2026-03-26 16:18:29,Bank Transfer,89.34,United Kingdom,Card
TX005533,20172,2026-10-14 11:32:09,Bank Transfer,56.9,United Kingdom,Mobile
TX005534,20063,2026-08-02 12:54:18,Card Purchase,520.21,United Kingdom,Mobile
TX005535,20139,2026-12-25 02:22:53,Card Purchase,87.62,United Kingdom,Branch
TX005536,20418,2026-04-01 03:50:01,Direct Debit,2.0,Netherlands,Online
TX005537,20332,2026-09-11 07:46:43,Bank Transfer,52.28,United Kingdom,ATM
TX005538,20271,2026-01-29 12:06:23,Card Purchase,86.83,United Kingdom,Mobile
TX005539,20027,2026-12-25 09:09:27,Bank Transfer,670.88,United Kingdom,Card
TX005540,20269,2026-01-26 00:45:09,Card Purchase,43.16,Spain,Mobile
TX005541,20380,2026-08-21 15:43:56,Cash Withdrawal,92.95,United States,Card
TX005542,20309,2026-09-18 08:09:45,Cash Withdrawal,55.89,United Kingdom,Online
TX005543,20322,2026-07-21 09:07:28,Direct Debit,600.03,Netherlands,Mobile
TX005544,20120,2026-02-25 20:07:30,Direct Debit,196.39,Germany,Mobile
TX005545,20625,2026-09-25 12:40:56,Card Purchase,167.11,United Kingdom,Online
TX005546,20384,2026-05-15 00:21:56,Bank Transfer,234.33,United Kingdom,Mobile
TX005547,20182,2026-03-20 16:44:53,Bank Transfer,37.68,Nigeria,Mobile
TX005548,20634,2026-07-27 17:29:15,Cash Withdrawal,32.29,United Kingdom,Branch
TX005549,20173,2026-02-09 19:03:28,Card Purchase,373.04,Germany,Card
TX005550,20133,2026-04-08 09:15:13,Bank Transfer,217.13,United Kingdom,Mobile
TX005551,20001,2026-08-11 06:09:02,Card Purchase,142.03,United Kingdom,Online
TX005552,20524,2026-04-25 10:57:22,Card Purchase,86.29,United Kingdom,Online
TX005553,20529,2026-03-31 14:40:37,Card Purchase,98.52,United Kingdom,Mobile
TX005554,20647,2026-03-08 14:38:46,Bank Transfer,73.68,Nigeria,Branch
TX005555,20455,2026-07-04 09:05:41,Bank Transfer,376.95,United Kingdom,Online
TX005556,20435,2026-02-03 22:03:23,Card Purchase,121.09,United Kingdom,Mobile
TX005557,20671,2026-06-28 16:35:40,Bank Transfer,14.85,Spain,Card
TX005558,20547,2026-06-30 03:47:13,Card Purchase,15.98,Singapore,Card
TX005559,20111,2026-09-06 16:20:02,Card Purchase,146.31,United Kingdom,Branch
TX005560,20126,2026-05-24 16:00:12,Bank Transfer,56.91,UAE,Mobile
TX005561,20673,2026-12-14 10:12:58,Cash Withdrawal,23.62,Netherlands,Online
TX005562,20664,2026-08-29 12:49:07,Card Purchase,57.16,Spain,Mobile
TX005563,20182,2026-12-12 14:07:22,Card Purchase,25.71,United Kingdom,Mobile
TX005564,20334,2026-08-28 17:18:27,Direct Debit,42.82,United Kingdom,Branch
TX005565,20192,2026-08-05 13:10:11,Card Purchase,9.41,United Kingdom,Branch
TX005566,20158,2026-01-11 23:15:46,Bank Transfer,85.62,UAE,Mobile
TX005567,20423,2026-05-17 18:40:03,Cash Withdrawal,235.93,United Kingdom,Online
TX005568,20059,2026-05-07 02:41:26,Deposit,27.19,United Kingdom,Card
TX005569,20307,2026-02-10 14:34:23,Bank Transfer,104.3,United Kingdom,Mobile
TX005570,20034,2026-11-30 02:01:35,Cash Withdrawal,34.05,Nigeria,Online
TX005571,20205,2026-07-13 19:46:55,Card Purchase,94.24,Ireland,Online
TX005572,20316,2026-10-12 03:22:11,Card Purchase,19.16,United Kingdom,Card
TX005573,20589,2026-06-16 14:08:22,Bank Transfer,223.27,United Kingdom,Online
TX005574,20326,2026-12-26 09:01:04,Bank Transfer,21.7,France,Mobile
TX005575,20250,2026-02-18 01:08:18,Card Purchase,25.65,United Kingdom,Mobile
TX005576,20418,2026-10-06 06:15:29,Direct Debit,118.12,United Kingdom,Card
TX005577,20668,2026-01-20 06:07:59,Cash Withdrawal,142.47,United Kingdom,Online
TX005578,20254,2026-10-21 00:34:44,Card Purchase,8494.62,Ireland,Online
TX005579,20020,2026-01-11 19:17:40,Card Purchase,1090.04,Singapore,Online
TX005580,20597,2026-12-09 03:24:32,Card Purchase,84.25,United Kingdom,Card
TX005581,20200,2026-05-11 02:53:59,Bank Transfer,7.57,United Kingdom,Online
TX005582,20672,2026-01-07 02:45:45,Card Purchase,137.55,United Kingdom,Card
TX005583,20174,2026-06-07 19:37:07,Card Purchase,91.34,United Kingdom,Card
TX005584,20644,2026-09-02 15:09:50,Cash Withdrawal,29.39,Germany,Card
TX005585,20640,2026-10-07 21:30:51,Direct Debit,188.17,UAE,Online
TX005586,20344,2026-06-14 06:55:31,Direct Debit,36.9,Spain,Online
TX005587,20591,2026-05-17 22:03:57,Bank Transfer,220.54,United Kingdom,Card
TX005588,20643,2026-02-06 22:26:21,Card Purchase,868.9,Nigeria,Card
TX005589,20060,2026-08-13 09:50:23,Card Purchase,489.46,United States,ATM
TX005590,20393,2026-09-15 23:49:23,Cash Withdrawal,78.61,Ireland,ATM
TX005591,20290,2026-08-02 12:09:34,Card Purchase,256.83,United Kingdom,Mobile
TX005592,20360,2026-02-03 13:31:13,Bank Transfer,143.42,UAE,Card
TX005593,20419,2026-06-01 07:49:28,Cash Withdrawal,121.16,United Kingdom,Online
TX005594,20112,2026-03-25 11:46:33,Bank Transfer,306.38,United Kingdom,Online
TX005595,20187,2026-03-01 02:01:23,Bank Transfer,49.83,Spain,Mobile
TX005596,20130,2026-04-02 07:29:28,Deposit,27.7,United Kingdom,Mobile
TX005597,20609,2026-03-02 07:17:46,Card Purchase,332.89,France,Mobile
TX005598,20067,2026-11-24 19:23:13,Direct Debit,36.99,Nigeria,Online
TX005599,20408,2026-10-19 09:06:55,Cash Withdrawal,151.74,France,Mobile
TX005600,20607,2026-11-23 19:02:51,Deposit,71.02,UAE,Online
TX005601,20181,2026-03-12 17:56:55,Card Purchase,319.6,United Kingdom,Mobile
TX005602,20310,2026-12-26 00:08:35,Deposit,230.87,UAE,Online
TX005603,20247,2026-01-21 06:04:48,Cash Withdrawal,152.26,Spain,ATM
TX005604,20622,2026-03-30 19:52:44,Card Purchase,352.78,United Kingdom,Card
TX005605,20134,2026-06-28 11:32:38,Card Purchase,47.8,United States,ATM
TX005606,20416,2026-07-10 19:43:53,Bank Transfer,175.78,UAE,Card
TX005607,20265,2026-12-01 08:44:16,Card Purchase,36.4,United States,Mobile
TX005608,20533,2026-07-13 20:04:55,Direct Debit,535.79,United Kingdom,Online
TX005609,20611,2026-11-22 00:00:31,Deposit,599.31,United States,Card
TX005610,20267,2026-01-11 21:31:13,Card Purchase,21.2,United Kingdom,Branch
TX005611,20299,2026-09-18 17:15:23,Bank Transfer,52.69,United Kingdom,Branch
TX005612,20368,2026-08-21 12:16:33,Direct Debit,8.08,United Kingdom,Branch
TX005613,20544,2026-11-17 23:00:33,Card Purchase,157.83,United Kingdom,Online
TX005614,20266,2026-03-30 17:57:05,Deposit,151.36,Nigeria,Mobile
TX005615,20175,2026-07-20 10:18:30,Deposit,362.16,United Kingdom,Card
TX005616,20396,2026-05-28 02:24:53,Card Purchase,456.65,Singapore,Online
TX005617,20305,2026-07-29 01:33:11,Bank Transfer,47.25,United Kingdom,ATM
TX005618,20226,2026-11-10 18:49:56,Card Purchase,127.3,United Kingdom,Mobile
TX005619,20496,2026-07-25 13:53:25,Direct Debit,107.13,United Kingdom,Online
TX005620,20359,2026-07-30 18:29:25,Card Purchase,7.22,United States,Online
TX005621,20144,2026-10-05 14:23:24,Direct Debit,647.26,France,Card
TX005622,20167,2026-09-19 03:28:30,Card Purchase,63.01,United Kingdom,Mobile
TX005623,20105,2026-06-15 07:34:37,Card Purchase,107.29,Nigeria,Card
TX005624,20642,2026-05-28 13:11:25,Direct Debit,105.8,Germany,ATM
TX005625,20386,2026-03-03 21:43:23,Card Purchase,150.74,United Kingdom,Card
TX005626,20210,2026-02-15 23:19:32,Cash Withdrawal,69.36,United Kingdom,Online
TX005627,20266,2026-10-14 06:09:14,Deposit,204.57,France,Mobile
TX005628,20270,2026-06-22 23:39:44,Card Purchase,73.92,United Kingdom,Mobile
TX005629,20400,2026-12-12 14:30:16,Card Purchase,198.9,Nigeria,ATM
TX005630,20061,2026-11-23 22:02:37,Direct Debit,82.92,United Kingdom,Online
TX005631,20281,2026-11-07 09:24:56,Deposit,17.0,Nigeria,Card
TX005632,20182,2026-07-22 21:42:16,Card Purchase,121.6,United Kingdom,Card
TX005633,20064,2026-01-09 09:14:55,Card Purchase,24.21,United Kingdom,Card
TX005634,20390,2026-06-14 05:34:49,Deposit,189.58,Netherlands,Online
TX005635,20049,2026-01-01 07:43:40,Card Purchase,148.22,United States,ATM
TX005636,20403,2026-11-01 12:03:24,Cash Withdrawal,306.94,United Kingdom,Online
TX005637,20123,2026-10-20 03:26:16,Bank Transfer,20.51,United Kingdom,Mobile
TX005638,20390,2026-10-03 21:27:35,Card Purchase,75.03,United Kingdom,Online
TX005639,20087,2026-08-13 08:33:06,Card Purchase,19.37,France,Card
TX005640,20301,2026-04-06 14:34:20,Card Purchase,416.92,United Kingdom,ATM
TX005641,20439,2026-03-23 01:04:49,Bank Transfer,15.77,United Kingdom,Branch
TX005642,20246,2026-08-27 04:40:13,Card Purchase,366.36,United Kingdom,Mobile
TX005643,20235,2026-11-23 04:13:20,Cash Withdrawal,48.44,France,Online
TX005644,20652,2026-05-17 15:11:39,Bank Transfer,179.26,Netherlands,Card
TX005645,20020,2026-01-05 05:59:33,Card Purchase,234.3,United Kingdom,Online
TX005646,20612,2026-09-21 14:35:19,Deposit,110.48,United Kingdom,Online
TX005647,20118,2026-06-11 23:04:29,Cash Withdrawal,40.66,United Kingdom,Mobile
TX005648,20381,2026-05-12 03:49:08,Card Purchase,13.16,Spain,Mobile
TX005649,20447,2026-10-21 03:07:23,Card Purchase,322.76,United States,Card
TX005650,20020,2026-11-13 13:54:22,Bank Transfer,43.89,United Kingdom,ATM
TX005651,20614,2026-08-15 12:12:22,Bank Transfer,78.26,Ireland,Card
TX005652,20051,2026-03-13 18:27:36,Bank Transfer,158.03,United States,Branch
TX005653,20241,2026-12-10 16:41:11,Card Purchase,73.52,United Kingdom,Card
TX005654,20159,2026-12-21 20:20:44,Card Purchase,75.06,United Kingdom,Mobile
TX005655,20137,2026-10-01 04:35:37,Bank Transfer,607.41,United Kingdom,Online
TX005656,20186,2026-02-21 18:58:12,Direct Debit,73.51,United Kingdom,Online
TX005657,20303,2026-06-25 14:08:18,Card Purchase,49.36,Singapore,Online
TX005658,20298,2026-08-14 12:56:35,Card Purchase,136.99,United States,Card
TX005659,20568,2026-10-26 07:20:49,Deposit,175.72,Ireland,ATM
TX005660,20461,2026-05-22 05:11:32,Card Purchase,102.59,United Kingdom,Online
TX005661,20604,2026-05-14 02:35:14,Card Purchase,257.23,France,Card
TX005662,20308,2026-08-27 19:34:20,Card Purchase,60.09,Germany,Card
TX005663,20546,2026-12-07 19:10:23,Card Purchase,72.56,United Kingdom,Mobile
TX005664,20515,2026-05-28 09:06:08,Bank Transfer,243.83,United Kingdom,Card
TX005665,20525,2026-02-04 18:26:48,Card Purchase,350.64,Netherlands,Mobile
TX005666,20364,2026-07-20 10:56:51,Card Purchase,205.67,United Kingdom,Card
TX005667,20585,2026-03-01 15:39:47,Bank Transfer,78.76,Germany,Card
TX005668,20642,2026-03-02 21:07:27,Deposit,87.45,Nigeria,Card
TX005669,20570,2026-10-24 21:59:07,Bank Transfer,426.14,UAE,Mobile
TX005670,20631,2026-02-05 14:12:20,Card Purchase,288.27,United Kingdom,Online
TX005671,20644,2026-01-09 01:28:31,Card Purchase,153.51,United Kingdom,Card
TX005672,20599,2026-09-09 04:25:21,Card Purchase,72.62,United Kingdom,Branch
TX005673,20228,2026-01-25 15:31:47,Card Purchase,328.12,Netherlands,Online
TX005674,20066,2026-07-01 22:18:05,Deposit,152.56,United Kingdom,Mobile
TX005675,20051,2026-08-02 10:14:39,Bank Transfer,104.94,United Kingdom,Card
TX005676,20617,2026-02-24 19:49:06,Bank Transfer,1150.28,Germany,Online
TX005677,20403,2026-12-11 20:23:40,Bank Transfer,19.18,United Kingdom,Mobile
TX005678,20596,2026-07-23 03:31:52,Card Purchase,193.72,Ireland,ATM
TX005679,20566,2026-03-04 15:58:30,Card Purchase,70.44,United States,Card
TX005680,20583,2026-09-10 05:20:22,Card Purchase,96.7,United Kingdom,Mobile
TX005681,20381,2026-02-28 13:02:28,Card Purchase,69.5,United Kingdom,Card
TX005682,20591,2026-03-25 11:30:17,Card Purchase,151.16,United Kingdom,Online
TX005683,20333,2026-08-31 15:08:09,Direct Debit,45.06,United Kingdom,Branch
TX005684,20346,2026-05-24 14:25:43,Card Purchase,125.21,United Kingdom,Mobile
TX005685,20308,2026-09-11 02:25:48,Card Purchase,106.52,United Kingdom,Branch
TX005686,20306,2026-09-23 07:09:43,Card Purchase,50.97,UAE,Mobile
TX005687,20165,2026-10-19 02:28:14,Deposit,7.12,United States,Card
TX005688,20209,2026-09-14 09:20:10,Deposit,455.62,United Kingdom,Online
TX005689,20020,2026-03-22 10:33:24,Cash Withdrawal,75.66,United Kingdom,Card
TX005690,20605,2026-01-23 05:00:42,Direct Debit,32.49,United Kingdom,Card
TX005691,20080,2026-02-18 20:11:31,Card Purchase,90.39,Germany,Mobile
TX005692,20014,2026-05-24 06:51:01,Bank Transfer,167.85,United Kingdom,ATM
TX005693,20020,2026-02-20 12:02:17,Card Purchase,55.29,United Kingdom,Mobile
TX005694,20651,2026-02-25 19:59:30,Direct Debit,57.08,United Kingdom,Mobile
TX005695,20129,2026-04-30 19:21:10,Bank Transfer,11.53,United Kingdom,Card
TX005696,20217,2026-10-13 17:53:13,Direct Debit,71.68,United Kingdom,Mobile
TX005697,20283,2026-11-20 05:54:48,Cash Withdrawal,218.59,United Kingdom,Mobile
TX005698,20013,2026-04-15 02:34:20,Cash Withdrawal,43.54,United Kingdom,Mobile
TX005699,20030,2026-03-30 03:19:15,Card Purchase,101.87,Netherlands,Online
TX005700,20202,2026-01-15 11:38:59,Direct Debit,120.29,United Kingdom,Mobile
TX005701,20613,2026-10-22 16:27:11,Bank Transfer,60.96,United Kingdom,Mobile
TX005702,20326,2026-03-21 05:38:20,Bank Transfer,35.71,United Kingdom,Online
TX005703,20557,2026-07-24 21:59:31,Card Purchase,218.58,United Kingdom,Card
TX005704,20598,2026-01-04 15:07:48,Card Purchase,181.83,France,Branch
TX005705,20531,2026-01-27 07:59:51,Card Purchase,19.63,Nigeria,Mobile
TX005706,20662,2026-05-17 07:30:18,Card Purchase,158.88,United Kingdom,Branch
TX005707,20659,2026-04-06 07:30:39,Deposit,1011.88,United Kingdom,Branch
TX005708,20229,2026-10-08 15:16:24,Card Purchase,199.41,United Kingdom,Mobile
TX005709,20305,2026-11-05 06:33:21,Bank Transfer,48.23,UAE,Mobile
TX005710,20453,2026-09-23 02:39:17,Card Purchase,158.42,United Kingdom,Mobile
TX005711,20590,2026-01-15 21:59:57,Bank Transfer,77.92,United Kingdom,Mobile
TX005712,20424,2026-09-23 23:27:12,Card Purchase,14795.55,United Kingdom,Online
TX005713,20211,2026-10-29 01:35:04,Card Purchase,232.83,United Kingdom,Online
TX005714,20045,2026-12-24 21:41:54,Card Purchase,418.25,United Kingdom,Mobile
TX005715,20628,2026-08-16 13:55:21,Card Purchase,50.3,Ireland,Mobile
TX005716,20064,2026-03-02 08:45:06,Direct Debit,138.72,United Kingdom,ATM
TX005717,20591,2026-11-27 19:44:44,Card Purchase,60.41,United Kingdom,Mobile
TX005718,20607,2026-07-20 11:18:14,Cash Withdrawal,68.93,United Kingdom,Mobile
TX005719,20180,2026-12-06 22:15:02,Deposit,703.06,United Kingdom,Online
TX005720,20482,2026-05-09 07:39:02,Card Purchase,298.36,United Kingdom,Mobile
TX005721,20317,2026-12-16 21:43:30,Card Purchase,98.32,United Kingdom,Mobile
TX005722,20179,2026-05-07 17:11:09,Bank Transfer,73.03,United Kingdom,Branch
TX005723,20390,2026-10-10 12:56:20,Deposit,99.61,United Kingdom,Mobile
TX005724,20051,2026-11-09 07:15:22,Deposit,18.08,United Kingdom,Online
TX005725,20054,2026-03-18 15:26:49,Card Purchase,281.02,United Kingdom,Online
TX005726,20344,2026-08-19 00:17:13,Direct Debit,55.1,United Kingdom,Mobile
TX005727,20104,2026-03-27 18:42:07,Bank Transfer,65.55,Nigeria,ATM
TX005728,20008,2026-02-26 07:13:07,Card Purchase,172.57,United Kingdom,Mobile
TX005729,20298,2026-09-20 00:52:54,Card Purchase,132.97,Germany,Online
TX005730,20004,2026-01-28 12:38:30,Direct Debit,175.28,Spain,Card
TX005731,20553,2026-09-25 06:36:44,Deposit,138.98,United Kingdom,Branch
TX005732,20285,2026-04-02 23:51:44,Card Purchase,130.21,United Kingdom,Mobile
TX005733,20443,2026-11-26 00:26:39,Card Purchase,129.73,United States,Online
TX005734,20029,2026-06-02 02:02:59,Direct Debit,13.76,United Kingdom,Online
TX005735,20198,2026-02-13 22:50:16,Bank Transfer,912.36,Singapore,Mobile
TX005736,20181,2026-12-26 23:54:35,Bank Transfer,41.26,United Kingdom,ATM
TX005737,20586,2026-02-25 21:03:34,Card Purchase,20.01,United Kingdom,Mobile
TX005738,20278,2026-12-01 06:52:01,Card Purchase,56.29,United Kingdom,Branch
TX005739,20351,2026-12-27 23:22:56,Bank Transfer,103.4,UAE,Online
TX005740,20072,2026-09-06 09:03:11,Bank Transfer,111.19,United Kingdom,Online
TX005741,20522,2026-09-09 12:00:26,Direct Debit,27.14,United Kingdom,Card
TX005742,20370,2026-06-30 09:07:08,Card Purchase,51.9,Nigeria,Mobile
TX005743,20150,2026-04-14 08:19:54,Direct Debit,249.88,Ireland,Mobile
TX005744,20627,2026-03-16 02:05:42,Card Purchase,255.08,Spain,Mobile
TX005745,20662,2026-10-11 11:38:25,Bank Transfer,24.99,United Kingdom,Card
TX005746,20224,2026-03-05 04:26:40,Card Purchase,296.07,United Kingdom,Card
TX005747,20390,2026-09-03 05:02:33,Card Purchase,174.43,United Kingdom,Mobile
TX005748,20120,2026-08-13 10:01:03,Deposit,97.92,United Kingdom,Online
TX005749,20056,2026-02-17 00:56:48,Deposit,50.73,United Kingdom,Card
TX005750,20657,2026-01-31 12:43:43,Bank Transfer,60.73,United Kingdom,Card
TX005751,20647,2026-02-06 22:55:16,Direct Debit,29.27,United Kingdom,Online
TX005752,20651,2026-01-15 16:47:01,Deposit,36.83,United Kingdom,Mobile
TX005753,20476,2026-06-23 22:53:55,Card Purchase,118.3,United Kingdom,Mobile
TX005754,20001,2026-06-15 21:22:59,Bank Transfer,132.28,United Kingdom,Card
TX005755,20220,2026-12-25 05:41:19,Card Purchase,36.35,United Kingdom,Card
TX005756,20334,2026-11-26 17:21:30,Card Purchase,96.79,United Kingdom,Mobile
TX005757,20059,2026-02-11 22:06:56,Deposit,260.8,Germany,ATM
TX005758,20325,2026-02-01 18:15:52,Direct Debit,58.01,United Kingdom,Online
TX005759,20558,2026-05-05 14:50:44,Card Purchase,16.17,United States,ATM
TX005760,20509,2026-01-30 17:39:21,Bank Transfer,49.99,United Kingdom,Online
TX005761,20633,2026-01-16 05:56:20,Card Purchase,47.48,United States,Mobile
TX005762,20494,2026-02-15 16:10:32,Card Purchase,57.44,France,Online
TX005763,20093,2026-04-21 23:01:20,Card Purchase,24.32,United Kingdom,Card
TX005764,20659,2026-09-02 10:55:22,Bank Transfer,190.42,United Kingdom,Online
TX005765,20043,2026-09-06 08:42:30,Bank Transfer,13.62,United Kingdom,Mobile
TX005766,20262,2026-02-28 15:09:06,Card Purchase,102.24,United Kingdom,Mobile
TX005767,20508,2026-09-04 17:17:04,Card Purchase,488.44,United Kingdom,Mobile
TX005768,20657,2026-02-08 06:13:46,Cash Withdrawal,100.27,United Kingdom,Mobile
TX005769,20203,2026-12-27 23:22:04,Cash Withdrawal,395.96,United Kingdom,Mobile
TX005770,20095,2026-05-09 08:31:00,Bank Transfer,6.32,United Kingdom,Card
TX005771,20576,2026-04-12 07:53:30,Bank Transfer,72.04,United Kingdom,Online
TX005772,20010,2026-12-28 18:45:19,Card Purchase,226.38,United Kingdom,Online
TX005773,20618,2026-02-16 05:58:41,Card Purchase,79.57,United Kingdom,Card
TX005774,20497,2026-08-06 09:11:15,Deposit,119.76,United States,Mobile
TX005775,20131,2026-09-05 07:02:37,Card Purchase,16.52,UAE,Card
TX005776,20586,2026-03-15 18:34:14,Direct Debit,44.46,United Kingdom,Mobile
TX005777,20416,2026-10-22 20:08:57,Direct Debit,55.99,UAE,Mobile
TX005778,20094,2026-09-29 12:22:08,Card Purchase,228.23,United Kingdom,Online
TX005779,20318,2026-05-29 01:09:20,Bank Transfer,135.99,United Kingdom,Card
TX005780,20599,2026-05-07 06:48:39,Bank Transfer,103.18,United Kingdom,Online
TX005781,20238,2026-09-15 14:23:36,Card Purchase,97.08,United States,Mobile
TX005782,20157,2026-01-15 07:48:41,Bank Transfer,73.57,United Kingdom,Online
TX005783,20562,2026-06-23 19:31:14,Card Purchase,189.59,Nigeria,Card
TX005784,20181,2026-08-20 09:42:38,Direct Debit,378.62,United Kingdom,Online
TX005785,20660,2026-12-11 02:43:15,Card Purchase,124.19,Netherlands,Mobile
TX005786,20281,2026-07-24 02:21:09,Card Purchase,73.52,Germany,Branch
TX005787,20484,2026-08-11 05:45:37,Direct Debit,69.33,Singapore,Mobile
TX005788,20034,2026-10-10 14:48:50,Card Purchase,146.95,United Kingdom,Online
TX005789,20295,2026-08-05 00:33:45,Direct Debit,30.73,United Kingdom,Branch
TX005790,20627,2026-05-11 05:52:17,Card Purchase,105.06,United Kingdom,Card
TX005791,20482,2026-08-19 23:37:26,Bank Transfer,104.38,UAE,Online
TX005792,20391,2026-02-20 02:34:59,Bank Transfer,31.09,United Kingdom,ATM
TX005793,20345,2026-11-24 19:19:21,Card Purchase,180.15,United Kingdom,Online
TX005794,20157,2026-04-14 07:18:54,Card Purchase,134.73,United States,Online
TX005795,20200,2026-01-19 14:19:40,Deposit,124.67,United Kingdom,ATM
TX005796,20584,2026-03-07 11:49:57,Deposit,14.46,United Kingdom,Online
TX005797,20346,2026-04-08 12:26:53,Card Purchase,146.71,Nigeria,Card
TX005798,20494,2026-10-29 18:02:11,Bank Transfer,37.26,Spain,Card
TX005799,20581,2026-07-16 07:59:56,Direct Debit,124.29,Nigeria,ATM
TX005800,20296,2026-11-09 16:49:32,Deposit,53.77,United Kingdom,ATM
TX005801,20228,2026-09-29 22:33:54,Card Purchase,447.57,UAE,Mobile
TX005802,20035,2026-09-29 09:18:09,Card Purchase,41.07,United Kingdom,Online
TX005803,20361,2026-08-22 10:06:02,Cash Withdrawal,3.7,France,ATM
TX005804,20331,2026-04-17 18:08:37,Bank Transfer,80.84,Germany,Online
TX005805,20236,2026-05-03 17:55:50,Card Purchase,35.5,United Kingdom,ATM
TX005806,20119,2026-05-14 09:34:02,Card Purchase,99.82,United States,Online
TX005807,20663,2026-05-11 18:34:47,Deposit,38.59,United Kingdom,Branch
TX005808,20158,2026-05-30 02:58:59,Card Purchase,152.08,United Kingdom,Card
TX005809,20038,2026-12-23 22:45:03,Bank Transfer,100.62,United Kingdom,Online
TX005810,20314,2026-08-17 11:51:33,Card Purchase,470.52,UAE,Card
TX005811,20065,2026-05-08 23:38:19,Card Purchase,392.71,United Kingdom,Mobile
TX005812,20519,2026-11-18 16:14:24,Bank Transfer,314.38,United Kingdom,Card
TX005813,20082,2026-08-21 05:46:12,Cash Withdrawal,75.59,France,ATM
TX005814,20374,2026-12-10 14:58:03,Bank Transfer,62.34,United Kingdom,Card
TX005815,20425,2026-01-30 22:11:08,Bank Transfer,24.92,United Kingdom,Online
TX005816,20101,2026-02-13 01:44:02,Direct Debit,553.6,United Kingdom,Branch
TX005817,20041,2026-12-11 14:13:23,Card Purchase,43.69,France,ATM
TX005818,20333,2026-01-26 16:06:03,Card Purchase,258.25,United Kingdom,Online
TX005819,20579,2026-04-03 09:03:45,Cash Withdrawal,327.52,United Kingdom,Online
TX005820,20665,2026-04-08 00:59:12,Card Purchase,24.63,Netherlands,Online
TX005821,20309,2026-05-26 02:09:08,Cash Withdrawal,142.18,Netherlands,Card
TX005822,20444,2026-03-15 16:37:27,Cash Withdrawal,53.35,United Kingdom,Branch
TX005823,20469,2026-05-12 01:15:02,Deposit,208.54,United Kingdom,Online
TX005824,20393,2026-08-10 21:53:38,Card Purchase,118.31,United Kingdom,Mobile
TX005825,20635,2026-06-03 16:33:02,Card Purchase,80.99,Spain,Card
TX005826,20432,2026-07-15 01:51:27,Card Purchase,35.37,United Kingdom,Online
TX005827,20410,2026-03-26 00:52:58,Cash Withdrawal,79.7,France,Card
TX005828,20629,2026-08-27 12:29:38,Card Purchase,84.83,United Kingdom,Mobile
TX005829,20231,2026-05-30 20:41:04,Card Purchase,22.69,Netherlands,Online
TX005830,20218,2026-12-13 18:36:34,Card Purchase,174.46,United Kingdom,Branch
TX005831,20421,2026-12-27 11:13:11,Bank Transfer,48.57,Netherlands,Online
TX005832,20389,2026-09-21 00:33:27,Card Purchase,137.8,United Kingdom,Online
TX005833,20367,2026-12-27 17:06:58,Bank Transfer,41.18,Ireland,Mobile
TX005834,20173,2026-08-10 12:04:42,Card Purchase,57.21,United Kingdom,Mobile
TX005835,20548,2026-02-06 11:52:58,Card Purchase,89.01,United Kingdom,Mobile
TX005836,20389,2026-03-14 15:29:42,Card Purchase,44.97,United Kingdom,ATM
TX005837,20665,2026-04-13 03:23:57,Cash Withdrawal,83.11,Singapore,ATM
TX005838,20327,2026-10-06 12:04:10,Card Purchase,38.07,United Kingdom,Online
TX005839,20613,2026-01-10 08:57:26,Card Purchase,161.67,United Kingdom,Branch
TX005840,20138,2026-07-29 19:23:29,Card Purchase,26.05,UAE,Online
TX005841,20180,2026-01-05 22:44:07,Direct Debit,52.69,Singapore,Card
TX005842,20504,2026-08-14 11:05:53,Card Purchase,18.74,Germany,Mobile
TX005843,20320,2026-01-31 07:01:56,Direct Debit,313.53,United Kingdom,Online
TX005844,20394,2026-08-31 08:08:41,Card Purchase,105.48,United Kingdom,Online
TX005845,20042,2026-03-28 08:09:30,Bank Transfer,65.9,United Kingdom,Online
TX005846,20160,2026-05-21 18:03:38,Deposit,360.41,Netherlands,Card
TX005847,20159,2026-08-25 20:03:59,Direct Debit,432.72,France,Branch
TX005848,20312,2026-04-09 06:06:17,Direct Debit,14.42,Ireland,ATM
TX005849,20607,2026-09-13 11:22:29,Bank Transfer,45.77,Singapore,Card
TX005850,20585,2026-04-22 23:36:59,Card Purchase,96.1,Ireland,Online
TX005851,20629,2026-10-09 06:56:44,Bank Transfer,33.12,Ireland,Online
TX005852,20267,2026-06-05 07:17:47,Direct Debit,49.62,United Kingdom,Mobile
TX005853,20354,2026-05-16 18:28:41,Bank Transfer,109.94,United States,Online
TX005854,20400,2026-02-20 15:38:51,Card Purchase,62.14,United Kingdom,Card
TX005855,20091,2026-05-11 04:02:16,Direct Debit,318.06,United States,Mobile
TX005856,20537,2026-06-10 20:06:40,Card Purchase,317.44,United Kingdom,Online
TX005857,20627,2026-06-14 21:34:53,Direct Debit,53.15,United Kingdom,Mobile
TX005858,20373,2026-07-07 09:18:55,Bank Transfer,27.72,United Kingdom,Mobile
TX005859,20114,2026-09-29 22:23:34,Card Purchase,79.95,United Kingdom,Card
TX005860,20625,2026-02-21 17:25:35,Direct Debit,28.82,Germany,Card
TX005861,20330,2026-03-31 23:13:52,Deposit,80.35,United Kingdom,Online
TX005862,20323,2026-05-22 14:20:29,Deposit,61.9,Ireland,Online
TX005863,20096,2026-09-10 06:41:04,Card Purchase,103.77,United Kingdom,Mobile
TX005864,20501,2026-10-18 22:42:20,Card Purchase,123.24,United Kingdom,Mobile
TX005865,20531,2026-09-16 19:50:37,Bank Transfer,44.21,United Kingdom,Mobile
TX005866,20568,2026-09-27 19:36:01,Cash Withdrawal,63.33,United Kingdom,Card
TX005867,20202,2026-03-12 14:02:51,Cash Withdrawal,355.84,United Kingdom,Branch
TX005868,20175,2026-03-05 02:13:36,Deposit,588.94,United Kingdom,Card
TX005869,20458,2026-12-26 14:20:25,Card Purchase,105.97,United Kingdom,Branch
TX005870,20612,2026-04-11 01:22:10,Card Purchase,122.55,United Kingdom,Mobile
TX005871,20118,2026-06-21 17:49:16,Card Purchase,90.26,Netherlands,Mobile
TX005872,20036,2026-10-28 18:35:22,Direct Debit,44.32,Singapore,Card
TX005873,20008,2026-11-21 10:49:16,Card Purchase,302.98,United Kingdom,Online
TX005874,20529,2026-05-06 08:13:12,Card Purchase,37.69,France,Branch
TX005875,20585,2026-11-01 17:08:48,Direct Debit,23.48,Spain,Mobile
TX005876,20181,2026-03-22 06:18:53,Card Purchase,186.66,United Kingdom,Card
TX005877,20316,2026-11-11 23:36:35,Bank Transfer,123.76,UAE,Online
TX005878,20528,2026-12-23 20:42:28,Card Purchase,143.3,United Kingdom,Online
TX005879,20020,2026-11-08 08:03:48,Direct Debit,125.26,Singapore,Card
TX005880,20451,2026-07-10 03:07:53,Card Purchase,227.42,United Kingdom,Mobile
TX005881,20623,2026-04-08 14:07:23,Direct Debit,210.26,United Kingdom,Online
TX005882,20379,2026-12-01 07:38:44,Card Purchase,153.93,Netherlands,Card
TX005883,20300,2026-12-16 02:37:14,Bank Transfer,111.81,Germany,Card
TX005884,20375,2026-12-06 14:05:32,Direct Debit,10.39,United Kingdom,Mobile
TX005885,20219,2026-09-29 02:10:31,Card Purchase,35.25,United Kingdom,Mobile
TX005886,20416,2026-09-26 13:45:33,Card Purchase,61.63,Netherlands,Mobile
TX005887,20415,2026-06-10 08:16:07,Card Purchase,125.25,United States,ATM
TX005888,20283,2026-08-25 01:21:07,Deposit,60.15,United Kingdom,Card
TX005889,20444,2026-06-18 18:28:49,Direct Debit,3.7,Nigeria,Online
TX005890,20156,2026-06-25 19:10:49,Bank Transfer,62.53,Netherlands,Mobile
TX005891,20155,2026-07-26 08:05:10,Direct Debit,46.09,United Kingdom,Online
TX005892,20109,2026-09-07 07:51:05,Bank Transfer,61.73,Spain,Branch
TX005893,20502,2026-09-11 21:08:25,Card Purchase,266.44,United Kingdom,Card
TX005894,20143,2026-03-12 05:43:24,Card Purchase,343.29,Germany,ATM
TX005895,20116,2026-12-12 12:21:20,Card Purchase,70.22,United Kingdom,Card
TX005896,20650,2026-04-23 23:22:45,Card Purchase,24.34,United States,Mobile
TX005897,20413,2026-02-16 16:01:25,Card Purchase,95.53,United Kingdom,Mobile
TX005898,20672,2026-04-11 22:40:35,Cash Withdrawal,184.03,Ireland,Online
TX005899,20310,2026-09-29 17:42:43,Bank Transfer,687.26,Ireland,Mobile
TX005900,20540,2026-08-31 15:44:04,Bank Transfer,245.04,United Kingdom,ATM
TX005901,20325,2026-02-07 13:13:20,Direct Debit,22.06,Germany,Branch
TX005902,20226,2026-11-08 06:31:54,Bank Transfer,25.87,United Kingdom,Mobile
TX005903,20305,2026-06-01 13:54:57,Card Purchase,86.48,Ireland,Mobile
TX005904,20201,2026-04-14 18:47:59,Bank Transfer,54.75,United Kingdom,Branch
TX005905,20015,2026-03-30 10:12:06,Card Purchase,88.54,Singapore,Mobile
TX005906,20307,2026-02-25 16:34:35,Deposit,301.5,United Kingdom,Card
TX005907,20321,2026-09-28 09:21:08,Deposit,33.89,United Kingdom,Card
TX005908,20061,2026-01-27 17:56:59,Deposit,654.79,United Kingdom,ATM
TX005909,20163,2026-12-30 09:28:58,Card Purchase,115.2,Ireland,Card
TX005910,20101,2026-05-04 10:35:04,Direct Debit,184.64,United Kingdom,Mobile
TX005911,20404,2026-01-02 02:25:08,Card Purchase,206.96,United Kingdom,Mobile
TX005912,20217,2026-12-03 13:49:01,Cash Withdrawal,111.66,Spain,Card
TX005913,20196,2026-01-19 17:18:05,Direct Debit,130.29,Nigeria,Card
TX005914,20372,2026-04-30 08:15:09,Deposit,566.91,United Kingdom,ATM
TX005915,20435,2026-06-12 21:46:04,Bank Transfer,257.08,United Kingdom,Online
TX005916,20156,2026-02-24 13:05:39,Deposit,27.12,France,Card
TX005917,20521,2026-02-19 20:17:40,Card Purchase,193.74,Nigeria,Online
TX005918,20482,2026-10-17 22:01:09,Card Purchase,544.74,UAE,Mobile
TX005919,20571,2026-12-13 05:37:08,Bank Transfer,666.14,United Kingdom,Mobile
TX005920,20316,2026-09-09 15:49:09,Bank Transfer,94.26,Germany,Mobile
TX005921,20629,2026-10-28 05:25:28,Bank Transfer,35.27,UAE,Card
TX005922,20092,2026-12-08 16:52:27,Deposit,37.81,United Kingdom,Online
TX005923,20603,2026-04-07 14:06:29,Card Purchase,41.95,UAE,Online
TX005924,20419,2026-02-15 19:12:10,Direct Debit,92.2,United Kingdom,Mobile
TX005925,20219,2026-07-09 13:09:22,Bank Transfer,83.95,United Kingdom,Mobile
TX005926,20300,2026-11-08 00:13:54,Deposit,88.54,United Kingdom,Online
TX005927,20507,2026-08-29 13:28:35,Bank Transfer,92.12,United Kingdom,Online
TX005928,20350,2026-10-13 00:34:40,Direct Debit,88.39,United States,Online
TX005929,20407,2026-01-08 15:43:39,Direct Debit,23.47,United Kingdom,Card
TX005930,20641,2026-10-18 17:28:33,Cash Withdrawal,69.77,United Kingdom,Card
TX005931,20460,2026-04-25 13:44:48,Card Purchase,91.76,United Kingdom,Online
TX005932,20140,2026-05-23 20:13:24,Card Purchase,46.95,United Kingdom,Online
TX005933,20526,2026-05-19 15:20:10,Cash Withdrawal,84.27,Germany,Card
TX005934,20366,2026-05-30 20:34:58,Card Purchase,39.71,United Kingdom,Online
TX005935,20456,2026-01-09 03:14:00,Deposit,70.77,Ireland,Mobile
TX005936,20094,2026-05-23 18:40:08,Bank Transfer,67.08,United Kingdom,Mobile
TX005937,20101,2026-02-18 16:55:49,Cash Withdrawal,104.69,United Kingdom,Branch
TX005938,20617,2026-12-03 09:51:22,Direct Debit,27.41,Netherlands,Online
TX005939,20310,2026-04-21 01:37:32,Cash Withdrawal,77.66,United States,Card
TX005940,20209,2026-12-13 18:53:08,Card Purchase,1055.75,United Kingdom,Card
TX005941,20047,2026-11-10 12:51:07,Card Purchase,299.98,United Kingdom,Mobile
TX005942,20335,2026-09-29 21:33:44,Bank Transfer,161.5,United Kingdom,Mobile
TX005943,20506,2026-04-11 18:57:41,Deposit,103.3,UAE,ATM
TX005944,20181,2026-02-03 03:57:17,Card Purchase,564.08,United Kingdom,ATM
TX005945,20403,2026-03-08 06:58:06,Card Purchase,91.58,United Kingdom,Mobile
TX005946,20169,2026-08-18 09:16:20,Bank Transfer,25.96,United Kingdom,Mobile
TX005947,20502,2026-12-12 14:51:51,Direct Debit,72.98,United Kingdom,Mobile
TX005948,20111,2026-05-10 08:23:43,Bank Transfer,149.71,Nigeria,Mobile
TX005949,20133,2026-11-11 03:47:47,Deposit,53.65,United Kingdom,ATM
TX005950,20521,2026-04-17 16:24:01,Card Purchase,170.15,United Kingdom,Online
TX005951,20444,2026-05-09 01:03:37,Direct Debit,16.47,United Kingdom,Card
TX005952,20020,2026-02-08 08:33:03,Card Purchase,36.58,France,Card
TX005953,20329,2026-06-04 21:21:35,Bank Transfer,866.24,United Kingdom,Mobile
TX005954,20499,2026-10-18 14:33:19,Card Purchase,65.65,UAE,Mobile
TX005955,20162,2026-06-18 15:07:53,Cash Withdrawal,59.0,United Kingdom,Online
TX005956,20032,2026-06-22 08:56:20,Bank Transfer,214.96,United Kingdom,Online
TX005957,20383,2026-07-10 00:36:22,Direct Debit,438.73,France,Card
TX005958,20558,2026-12-01 09:06:02,Direct Debit,96.6,Germany,Card
TX005959,20417,2026-04-05 14:32:44,Cash Withdrawal,54.18,United States,Card
TX005960,20221,2026-11-12 09:07:37,Direct Debit,110.27,Germany,ATM
TX005961,20411,2026-08-28 00:14:32,Deposit,27.23,Ireland,Online
TX005962,20649,2026-01-08 23:56:18,Card Purchase,79.12,France,Branch
TX005963,20243,2026-01-24 10:21:53,Direct Debit,41.05,Spain,Mobile
TX005964,20609,2026-06-25 05:06:58,Card Purchase,244.68,United States,Online
TX005965,20387,2026-05-24 00:44:20,Card Purchase,398.67,United Kingdom,Mobile
TX005966,20186,2026-07-05 23:22:37,Card Purchase,193.26,Netherlands,Card
TX005967,20238,2026-09-17 17:35:05,Card Purchase,1074.13,United Kingdom,Mobile
TX005968,20044,2026-01-05 05:18:29,Card Purchase,42.4,United Kingdom,Card
TX005969,20121,2026-05-05 14:33:31,Deposit,148.84,United Kingdom,Mobile
TX005970,20588,2026-12-22 09:50:13,Deposit,166.19,United Kingdom,Online
TX005971,20475,2026-01-30 02:01:52,Direct Debit,148.75,United Kingdom,Card
TX005972,20019,2026-01-25 11:41:33,Deposit,114.52,Ireland,Mobile
TX005973,20545,2026-06-18 07:50:03,Bank Transfer,84.29,United Kingdom,Online
TX005974,20497,2026-07-26 03:44:12,Bank Transfer,354.02,United Kingdom,Mobile
TX005975,20160,2026-01-02 01:58:18,Deposit,55.04,United States,Mobile
TX005976,20649,2026-04-19 16:36:59,Direct Debit,5.0,United Kingdom,Card
TX005977,20443,2026-07-30 20:58:48,Card Purchase,736.19,United Kingdom,Card
TX005978,20628,2026-06-06 17:16:15,Deposit,37.26,United Kingdom,Card
TX005979,20095,2026-04-12 05:37:06,Bank Transfer,55.15,United Kingdom,Card
TX005980,20245,2026-04-26 23:18:56,Card Purchase,19.41,United Kingdom,Online
TX005981,20203,2026-02-09 18:22:33,Bank Transfer,186.78,United Kingdom,Online
TX005982,20162,2026-04-01 04:05:36,Card Purchase,33.08,France,Online
TX005983,20225,2026-05-04 02:04:23,Card Purchase,30.94,France,Online
TX005984,20122,2026-06-13 12:07:49,Card Purchase,44.63,Singapore,Online
TX005985,20265,2026-01-13 00:35:13,Card Purchase,152.67,Singapore,Branch
TX005986,20436,2026-07-09 07:35:28,Bank Transfer,21.33,UAE,Card
TX005987,20286,2026-11-18 13:18:50,Deposit,100.0,Germany,Mobile
TX005988,20499,2026-01-24 09:37:06,Bank Transfer,147.98,United States,ATM
TX005989,20190,2026-06-19 09:05:21,Bank Transfer,105.99,United Kingdom,Mobile
TX005990,20165,2026-04-03 01:00:28,Bank Transfer,77.0,United Kingdom,Mobile
TX005991,20485,2026-02-07 21:55:28,Card Purchase,162.83,Netherlands,Mobile
TX005992,20499,2026-04-20 05:30:34,Direct Debit,82.71,United Kingdom,Online
TX005993,20089,2026-01-12 02:21:20,Card Purchase,111.52,United Kingdom,ATM
TX005994,20291,2026-08-06 01:54:42,Bank Transfer,161.34,Singapore,Mobile
TX005995,20460,2026-07-08 08:29:48,Bank Transfer,38.15,United States,ATM
TX005996,20190,2026-09-16 09:36:05,Deposit,490.39,United Kingdom,Card
TX005997,20445,2026-02-13 18:02:40,Card Purchase,318.09,United Kingdom,Mobile
TX005998,20670,2026-09-09 07:56:39,Card Purchase,48.48,United Kingdom,Mobile
TX005999,20063,2026-06-21 13:25:59,Direct Debit,197.55,Nigeria,Branch
TX006000,20410,2026-08-12 12:42:06,Card Purchase,60.37,United States,Card
TX006001,20250,2026-05-16 14:19:41,Bank Transfer,95.21,United Kingdom,ATM
TX006002,20407,2026-05-06 20:08:44,Card Purchase,60.36,France,Card
TX006003,20197,2026-01-17 03:23:44,Bank Transfer,699.13,Spain,ATM
TX006004,20479,2026-05-04 17:04:49,Card Purchase,131.27,United Kingdom,Branch
TX006005,20426,2026-05-28 19:00:19,Bank Transfer,107.68,Nigeria,Online
TX006006,20223,2026-04-08 05:13:23,Card Purchase,25.38,United Kingdom,Mobile
TX006007,20329,2026-05-29 22:42:05,Bank Transfer,108.93,United Kingdom,ATM
TX006008,20307,2026-12-11 23:48:40,Direct Debit,31.64,United Kingdom,Mobile
TX006009,20447,2026-01-26 13:23:18,Bank Transfer,30.25,Germany,Online
TX006010,20178,2026-07-25 10:36:42,Card Purchase,210.84,United Kingdom,Mobile
TX006011,20339,2026-03-20 05:10:34,Direct Debit,91.04,United Kingdom,Online
TX006012,20571,2026-06-11 08:05:26,Card Purchase,31.39,United Kingdom,Mobile
TX006013,20446,2026-12-11 18:26:21,Card Purchase,342.49,United Kingdom,ATM
TX006014,20430,2026-01-23 13:08:12,Deposit,11.32,United Kingdom,Mobile
TX006015,20014,2026-05-15 15:21:30,Card Purchase,28.82,United States,Card
TX006016,20289,2026-08-25 11:28:38,Deposit,51.44,United Kingdom,Online
TX006017,20410,2026-03-31 00:23:30,Direct Debit,26.87,United Kingdom,Card
TX006018,20621,2026-12-06 23:10:32,Card Purchase,71.88,United Kingdom,Mobile
TX006019,20097,2026-11-08 10:50:05,Deposit,58.0,United Kingdom,Card
TX006020,20505,2026-06-29 17:27:23,Card Purchase,15.94,United Kingdom,ATM
TX006021,20555,2026-12-07 12:33:07,Direct Debit,78.07,United Kingdom,ATM
TX006022,20108,2026-01-19 19:07:59,Card Purchase,105.0,France,Mobile
TX006023,20275,2026-09-05 19:31:25,Deposit,125.58,Singapore,Card
TX006024,20007,2026-03-13 04:19:27,Card Purchase,37.49,United Kingdom,Branch
TX006025,20435,2026-10-17 03:58:52,Bank Transfer,84.73,Spain,Card
TX006026,20226,2026-09-27 19:47:49,Bank Transfer,824.4,Netherlands,Mobile
TX006027,20564,2026-02-01 06:47:02,Card Purchase,57.44,United Kingdom,Online
TX006028,20365,2026-07-26 20:09:21,Card Purchase,173.62,United Kingdom,Online
TX006029,20461,2026-10-06 19:55:10,Card Purchase,162.9,UAE,Card
TX006030,20353,2026-07-08 19:40:12,Cash Withdrawal,105.1,United Kingdom,Mobile
TX006031,20298,2026-09-18 15:52:37,Bank Transfer,66.52,United Kingdom,Card
TX006032,20024,2026-02-15 12:25:48,Card Purchase,79.34,Ireland,Card
TX006033,20342,2026-01-24 13:23:19,Card Purchase,25.4,Ireland,ATM
TX006034,20492,2026-05-13 11:23:52,Card Purchase,307.71,United Kingdom,Mobile
TX006035,20459,2026-02-28 21:05:01,Card Purchase,84.28,Singapore,Mobile
TX006036,20392,2026-08-02 19:50:56,Cash Withdrawal,71.97,Singapore,Online
TX006037,20200,2026-07-26 23:03:23,Direct Debit,203.25,Singapore,Online
TX006038,20170,2026-01-01 20:51:55,Card Purchase,164.96,Germany,Mobile
TX006039,20208,2026-01-20 13:18:10,Card Purchase,56.63,United Kingdom,ATM
TX006040,20337,2026-12-29 11:45:05,Card Purchase,221.45,Spain,Mobile
TX006041,20102,2026-11-23 08:06:03,Cash Withdrawal,33.17,Spain,Card
TX006042,20576,2026-11-03 16:55:31,Card Purchase,87.52,Germany,Branch
TX006043,20591,2026-12-08 00:25:41,Deposit,128.48,Netherlands,Mobile
TX006044,20073,2026-01-11 20:19:05,Card Purchase,261.91,UAE,ATM
TX006045,20037,2026-08-14 09:00:08,Direct Debit,85.52,United Kingdom,Online
TX006046,20266,2026-05-04 11:09:48,Bank Transfer,166.06,Germany,Online
TX006047,20576,2026-07-16 01:28:27,Card Purchase,734.47,United Kingdom,Card
TX006048,20106,2026-03-22 18:08:52,Deposit,29.16,United Kingdom,Online
TX006049,20274,2026-04-28 05:17:36,Card Purchase,62.76,United Kingdom,Card
TX006050,20500,2026-11-28 19:35:53,Direct Debit,99.43,France,Card
TX006051,20155,2026-10-16 02:48:04,Direct Debit,293.31,United Kingdom,Online
TX006052,20250,2026-02-11 13:26:23,Bank Transfer,405.45,Netherlands,Online
TX006053,20550,2026-05-02 18:43:15,Card Purchase,939.19,United States,Mobile
TX006054,20215,2026-08-01 20:31:01,Bank Transfer,94.59,United Kingdom,Card
TX006055,20056,2026-03-28 18:01:39,Direct Debit,46.34,United Kingdom,Mobile
TX006056,20140,2026-06-02 13:37:11,Cash Withdrawal,135.36,United Kingdom,Online
TX006057,20346,2026-02-16 12:25:20,Deposit,45.71,Spain,Card
TX006058,20089,2026-11-18 05:50:20,Card Purchase,87.42,UAE,Mobile
TX006059,20319,2026-05-12 02:00:10,Direct Debit,136.73,Nigeria,Online
TX006060,20498,2026-01-22 01:34:40,Card Purchase,209.05,United Kingdom,Mobile
TX006061,20084,2026-06-02 22:55:52,Bank Transfer,191.73,United Kingdom,Card
TX006062,20138,2026-07-14 14:10:47,Card Purchase,88.2,United Kingdom,ATM
TX006063,20340,2026-07-02 22:09:58,Direct Debit,195.81,Spain,Mobile
TX006064,20239,2026-12-16 00:08:50,Direct Debit,217.96,United Kingdom,Card
TX006065,20081,2026-12-07 18:12:57,Card Purchase,219.09,Spain,ATM
TX006066,20617,2026-07-20 22:32:50,Bank Transfer,99.03,United Kingdom,Mobile
TX006067,20346,2026-07-27 01:24:57,Bank Transfer,100.84,United Kingdom,Card
TX006068,20336,2026-03-13 21:38:47,Card Purchase,98.48,United Kingdom,Online
TX006069,20669,2026-09-24 00:50:35,Card Purchase,164.49,United Kingdom,Mobile
TX006070,20385,2026-06-06 19:51:36,Bank Transfer,282.56,Nigeria,Mobile
TX006071,20192,2026-03-19 22:50:18,Card Purchase,174.05,Germany,Card
TX006072,20671,2026-09-15 23:17:21,Direct Debit,227.3,United Kingdom,Mobile
TX006073,20597,2026-05-05 12:05:15,Direct Debit,33.98,United Kingdom,Mobile
TX006074,20090,2026-06-14 11:18:14,Bank Transfer,168.74,United Kingdom,Mobile
TX006075,20465,2026-08-04 04:43:36,Card Purchase,81.32,United Kingdom,Mobile
TX006076,20208,2026-08-04 23:10:52,Cash Withdrawal,96.09,United Kingdom,Mobile
TX006077,20101,2026-09-25 08:41:19,Card Purchase,372.49,United Kingdom,Mobile
TX006078,20265,2026-08-02 01:06:12,Direct Debit,55.01,United Kingdom,Online
TX006079,20045,2026-02-28 17:11:51,Deposit,46.21,United Kingdom,Branch
TX006080,20664,2026-08-16 19:16:08,Bank Transfer,79.19,UAE,Online
TX006081,20163,2026-03-20 08:25:08,Direct Debit,7480.26,UAE,Mobile
TX006082,20563,2026-08-20 00:48:59,Bank Transfer,181.98,United States,Card
TX006083,20209,2026-08-14 17:57:02,Card Purchase,212.21,United Kingdom,Card
TX006084,20033,2026-06-29 14:38:21,Card Purchase,84.47,United Kingdom,ATM
TX006085,20133,2026-07-16 16:34:51,Card Purchase,52.16,United Kingdom,Online
TX006086,20052,2026-12-03 05:59:23,Bank Transfer,16.14,United Kingdom,ATM
TX006087,20589,2026-06-20 11:23:07,Card Purchase,89.34,United States,Card
TX006088,20473,2026-09-24 16:59:59,Bank Transfer,80.93,United Kingdom,Online
TX006089,20521,2026-11-15 18:32:33,Cash Withdrawal,277.99,Nigeria,Mobile
TX006090,20471,2026-06-09 08:26:29,Deposit,39.6,United Kingdom,Mobile
TX006091,20581,2026-03-16 06:01:54,Deposit,51.22,United Kingdom,ATM
TX006092,20049,2026-06-24 00:59:27,Card Purchase,83.31,United Kingdom,Card
TX006093,20533,2026-12-20 16:09:52,Deposit,142.02,Spain,Online
TX006094,20309,2026-08-24 16:47:16,Card Purchase,23.33,United Kingdom,Mobile
TX006095,20250,2026-05-14 15:37:55,Card Purchase,25.62,Ireland,Online
TX006096,20190,2026-11-25 07:31:18,Direct Debit,39.24,United Kingdom,Mobile
TX006097,20072,2026-01-24 19:50:53,Deposit,53.83,United Kingdom,ATM
TX006098,20123,2026-10-13 07:46:36,Card Purchase,254.93,UAE,Branch
TX006099,20552,2026-06-10 05:27:12,Bank Transfer,556.63,Nigeria,Card
TX006100,20579,2026-03-11 16:02:15,Direct Debit,409.51,United States,Mobile
TX006101,20467,2026-05-06 22:06:33,Direct Debit,392.62,Spain,Mobile
TX006102,20495,2026-09-26 04:35:56,Card Purchase,51.22,United Kingdom,Card
TX006103,20653,2026-08-30 05:59:42,Bank Transfer,65.17,France,Mobile
TX006104,20359,2026-08-05 05:49:21,Direct Debit,569.74,Ireland,Mobile
TX006105,20586,2026-04-16 05:26:09,Card Purchase,63.03,United Kingdom,Online
TX006106,20599,2026-03-05 13:29:03,Card Purchase,218.35,Nigeria,Online
TX006107,20667,2026-11-08 10:16:46,Direct Debit,159.08,United Kingdom,Card
TX006108,20483,2026-03-28 17:23:47,Card Purchase,78.69,United Kingdom,Online
TX006109,20364,2026-03-17 13:26:44,Bank Transfer,73.29,United Kingdom,Mobile
TX006110,20418,2026-05-14 16:41:21,Card Purchase,46.05,Germany,Mobile
TX006111,20629,2026-04-16 17:22:44,Cash Withdrawal,643.47,United Kingdom,Mobile
TX006112,20203,2026-02-19 03:49:03,Bank Transfer,47.69,United Kingdom,Card
TX006113,20539,2026-02-17 23:01:24,Bank Transfer,68.11,United Kingdom,Card
TX006114,20293,2026-07-07 09:07:17,Card Purchase,33.7,United Kingdom,Online
TX006115,20254,2026-04-15 15:14:44,Bank Transfer,263.88,United Kingdom,Mobile
TX006116,20234,2026-05-21 08:17:36,Direct Debit,42.23,United States,Branch
TX006117,20102,2026-11-09 09:57:40,Card Purchase,30.95,United Kingdom,Online
TX006118,20446,2026-06-02 21:52:28,Card Purchase,190.07,United Kingdom,Card
TX006119,20465,2026-09-09 05:10:17,Card Purchase,94.52,Germany,Mobile
TX006120,20246,2026-09-03 13:39:39,Cash Withdrawal,22.31,United Kingdom,Mobile
TX006121,20483,2026-09-26 11:56:31,Card Purchase,101.72,United Kingdom,Online
TX006122,20383,2026-09-11 19:28:31,Deposit,238.17,Ireland,Card
TX006123,20459,2026-12-01 03:36:13,Bank Transfer,67.79,United States,Mobile
TX006124,20123,2026-06-12 18:11:00,Card Purchase,163.71,United Kingdom,Online
TX006125,20268,2026-05-10 16:19:09,Bank Transfer,682.56,United Kingdom,Mobile
TX006126,20423,2026-02-27 06:28:39,Card Purchase,828.69,UAE,Card
TX006127,20542,2026-11-25 16:23:39,Bank Transfer,277.75,United Kingdom,Mobile
TX006128,20606,2026-10-21 21:10:47,Bank Transfer,600.81,United Kingdom,Card
TX006129,20467,2026-09-10 00:16:07,Card Purchase,299.07,Ireland,Online
TX006130,20074,2026-05-30 09:49:46,Cash Withdrawal,650.02,Spain,Branch
TX006131,20625,2026-08-22 14:51:54,Cash Withdrawal,73.18,United Kingdom,Card
TX006132,20035,2026-07-01 18:37:39,Direct Debit,47.54,France,Online
TX006133,20479,2026-11-17 07:52:00,Card Purchase,218.08,United Kingdom,Card
TX006134,20181,2026-08-30 18:24:10,Bank Transfer,88.99,Spain,Mobile
TX006135,20612,2026-11-20 07:29:26,Card Purchase,152.96,United Kingdom,Branch
TX006136,20028,2026-04-08 10:00:16,Cash Withdrawal,215.71,United Kingdom,Mobile
TX006137,20064,2026-08-15 05:52:08,Bank Transfer,46.05,United Kingdom,Mobile
TX006138,20300,2026-05-30 12:44:01,Bank Transfer,47.35,United Kingdom,Online
TX006139,20367,2026-07-07 22:47:10,Card Purchase,75.75,United Kingdom,ATM
TX006140,20611,2026-07-19 21:56:21,Card Purchase,5.95,Nigeria,Online
TX006141,20502,2026-01-24 16:38:13,Card Purchase,51.44,Netherlands,Card
TX006142,20480,2026-11-03 03:03:25,Card Purchase,109.62,Nigeria,Card
TX006143,20107,2026-08-20 20:59:56,Card Purchase,1234.04,Ireland,ATM
TX006144,20104,2026-07-02 16:10:15,Card Purchase,52.24,Nigeria,ATM
TX006145,20281,2026-12-17 17:23:19,Card Purchase,28.5,United Kingdom,Card
TX006146,20554,2026-05-03 14:56:07,Card Purchase,54.87,United Kingdom,Online
TX006147,20306,2026-10-07 15:51:09,Direct Debit,253.08,Netherlands,Card
TX006148,20647,2026-08-04 13:05:53,Card Purchase,30.45,United Kingdom,Online
TX006149,20252,2026-08-05 06:45:30,Card Purchase,22.67,Germany,Online
TX006150,20513,2026-12-15 07:24:42,Card Purchase,120.78,Ireland,Online
TX006151,20086,2026-09-17 13:52:22,Card Purchase,118.32,United Kingdom,ATM
TX006152,20229,2026-10-30 09:56:56,Bank Transfer,16.13,UAE,Online
TX006153,20479,2026-03-02 22:06:03,Card Purchase,32.79,Singapore,ATM
TX006154,20100,2026-01-30 15:46:20,Card Purchase,301.07,France,Mobile
TX006155,20171,2026-06-10 20:14:34,Direct Debit,636.76,United Kingdom,Card
TX006156,20607,2026-08-18 21:42:21,Card Purchase,423.5,France,Online
TX006157,20450,2026-06-16 17:35:46,Cash Withdrawal,108.13,United Kingdom,Mobile
TX006158,20047,2026-04-12 06:53:45,Direct Debit,100.14,United Kingdom,Mobile
TX006159,20270,2026-07-26 20:05:48,Card Purchase,474.69,United States,Mobile
TX006160,20482,2026-02-21 17:46:54,Cash Withdrawal,37.84,United Kingdom,ATM
TX006161,20388,2026-01-06 12:31:01,Direct Debit,95.38,United Kingdom,Online
TX006162,20469,2026-07-14 18:35:59,Card Purchase,64.82,Spain,Mobile
TX006163,20425,2026-11-10 00:25:45,Cash Withdrawal,129.38,Nigeria,Mobile
TX006164,20658,2026-08-26 22:01:27,Bank Transfer,9.04,United Kingdom,ATM
TX006165,20382,2026-08-31 23:36:09,Card Purchase,247.28,United Kingdom,Card
TX006166,20369,2026-05-12 12:28:46,Card Purchase,254.52,United Kingdom,Card
TX006167,20178,2026-08-30 03:10:47,Cash Withdrawal,39.45,Germany,Mobile
TX006168,20053,2026-01-11 08:52:01,Card Purchase,18.99,Germany,Card
TX006169,20091,2026-06-11 13:29:30,Bank Transfer,305.7,United States,Mobile
TX006170,20084,2026-08-19 09:08:30,Direct Debit,89.82,United Kingdom,Mobile
TX006171,20325,2026-11-24 20:45:19,Card Purchase,69.89,United Kingdom,Online
TX006172,20608,2026-12-23 20:42:03,Bank Transfer,113.63,United Kingdom,Mobile
TX006173,20433,2026-07-21 05:11:45,Bank Transfer,305.13,France,Branch
TX006174,20204,2026-05-09 07:27:47,Bank Transfer,296.09,France,Online
TX006175,20567,2026-03-23 18:59:12,Deposit,245.47,United States,Mobile
TX006176,20096,2026-01-09 04:33:28,Card Purchase,217.57,United Kingdom,Mobile
TX006177,20452,2026-12-26 19:58:11,Card Purchase,16.7,United Kingdom,Card
TX006178,20562,2026-03-21 09:09:17,Card Purchase,340.9,Singapore,ATM
TX006179,20236,2026-12-15 19:35:18,Card Purchase,157.47,United States,Branch
TX006180,20176,2026-04-22 21:12:10,Bank Transfer,262.89,United Kingdom,Mobile
TX006181,20640,2026-12-12 16:04:23,Card Purchase,106.95,United Kingdom,Card
TX006182,20307,2026-06-09 16:14:35,Bank Transfer,212.68,United States,Online
TX006183,20138,2026-07-09 00:30:38,Card Purchase,86.18,Ireland,Mobile
TX006184,20662,2026-08-13 20:06:38,Bank Transfer,71.76,Germany,ATM
TX006185,20503,2026-10-30 00:38:23,Direct Debit,146.88,United Kingdom,Mobile
TX006186,20093,2026-07-05 01:11:33,Card Purchase,29.33,United Kingdom,Mobile
TX006187,20490,2026-05-20 21:17:30,Bank Transfer,150.91,United Kingdom,ATM
TX006188,20157,2026-07-10 03:54:28,Bank Transfer,42.15,United Kingdom,Branch
TX006189,20121,2026-03-11 16:21:07,Direct Debit,290.51,United Kingdom,Online
TX006190,20339,2026-11-01 22:10:35,Card Purchase,93.49,United Kingdom,Online
TX006191,20072,2026-08-02 03:22:18,Bank Transfer,191.41,United Kingdom,Mobile
TX006192,20674,2026-01-07 09:07:02,Bank Transfer,63.65,United Kingdom,Mobile
TX006193,20317,2026-08-26 07:25:02,Bank Transfer,937.95,Singapore,Branch
TX006194,20622,2026-01-11 11:30:07,Deposit,292.37,United Kingdom,Branch
TX006195,20278,2026-06-23 03:28:46,Card Purchase,40.45,United Kingdom,ATM
TX006196,20398,2026-10-24 07:13:53,Card Purchase,113.7,United Kingdom,Online
TX006197,20032,2026-04-25 04:36:29,Direct Debit,246.96,United Kingdom,Mobile
TX006198,20433,2026-07-23 02:47:15,Card Purchase,40.46,United Kingdom,Mobile
TX006199,20529,2026-12-30 15:00:41,Bank Transfer,33.32,United Kingdom,Online
TX006200,20127,2026-02-22 08:04:30,Bank Transfer,81.77,United Kingdom,Card
TX006201,20552,2026-11-15 02:04:06,Cash Withdrawal,27.26,United Kingdom,Card
TX006202,20255,2026-06-21 03:04:46,Direct Debit,101.72,United Kingdom,Card
TX006203,20613,2026-04-09 13:25:31,Deposit,155.13,Germany,Mobile
TX006204,20612,2026-09-20 05:47:14,Bank Transfer,60.47,United Kingdom,Mobile
TX006205,20563,2026-04-25 22:04:45,Bank Transfer,516.06,Netherlands,Card
TX006206,20598,2026-03-13 09:40:47,Bank Transfer,38.35,UAE,Card
TX006207,20618,2026-07-31 00:02:06,Deposit,57.4,UAE,Card
TX006208,20317,2026-04-14 16:17:45,Direct Debit,396.87,United Kingdom,Online
TX006209,20389,2026-11-05 20:29:30,Direct Debit,10.25,Nigeria,Mobile
TX006210,20359,2026-01-07 06:53:57,Card Purchase,64.15,UAE,Mobile
TX006211,20542,2026-09-29 02:55:51,Card Purchase,263.89,United Kingdom,Online
TX006212,20072,2026-06-02 22:25:12,Deposit,42.84,United Kingdom,Mobile
TX006213,20486,2026-11-08 19:36:11,Card Purchase,28.1,United Kingdom,Mobile
TX006214,20131,2026-07-26 19:11:52,Card Purchase,255.46,United Kingdom,Mobile
TX006215,20063,2026-07-19 21:15:46,Card Purchase,75.17,United Kingdom,Online
TX006216,20385,2026-05-16 05:56:55,Card Purchase,102.57,Singapore,ATM
TX006217,20239,2026-02-05 04:55:46,Bank Transfer,95.78,UAE,Card
TX006218,20153,2026-08-13 14:03:44,Bank Transfer,165.6,United States,ATM
TX006219,20549,2026-12-18 04:34:53,Deposit,168.38,United Kingdom,ATM
TX006220,20629,2026-02-06 21:27:04,Card Purchase,171.45,United Kingdom,Mobile
TX006221,20460,2026-09-04 03:00:59,Direct Debit,51.89,United Kingdom,ATM
TX006222,20455,2026-10-01 18:00:59,Card Purchase,48.6,United States,Online
TX006223,20318,2026-05-06 09:13:23,Bank Transfer,20.2,UAE,Card
TX006224,20555,2026-02-19 13:04:30,Card Purchase,222.19,United Kingdom,Online
TX006225,20254,2026-12-26 05:42:53,Card Purchase,133.17,United Kingdom,Mobile
TX006226,20135,2026-01-06 07:48:18,Bank Transfer,10.72,United States,Online
TX006227,20543,2026-08-30 14:08:33,Bank Transfer,39.22,United Kingdom,Card
TX006228,20568,2026-09-11 01:41:33,Card Purchase,118.57,Singapore,Card
TX006229,20001,2026-04-14 19:16:31,Card Purchase,379.61,Ireland,Card
TX006230,20176,2026-07-26 08:26:10,Card Purchase,45.0,United Kingdom,Online
TX006231,20580,2026-07-31 12:05:09,Bank Transfer,185.22,United Kingdom,Online
TX006232,20054,2026-01-31 11:45:47,Deposit,31.72,United Kingdom,Branch
TX006233,20577,2026-08-28 10:54:59,Card Purchase,113.72,United Kingdom,Mobile
TX006234,20249,2026-03-31 16:13:08,Deposit,138.76,United States,ATM
TX006235,20284,2026-10-08 13:29:57,Card Purchase,127.83,United Kingdom,Branch
TX006236,20204,2026-12-17 21:56:03,Card Purchase,93.35,France,Card
TX006237,20316,2026-12-18 11:08:52,Card Purchase,13.89,United Kingdom,Mobile
TX006238,20417,2026-05-04 09:52:20,Card Purchase,55.86,United States,Mobile
TX006239,20590,2026-01-29 09:54:01,Bank Transfer,26.86,Singapore,Online
TX006240,20627,2026-08-28 01:42:49,Bank Transfer,71.54,Singapore,Card
TX006241,20031,2026-03-18 18:58:08,Card Purchase,14.53,United Kingdom,Online
TX006242,20405,2026-07-29 23:39:02,Card Purchase,360.87,UAE,Mobile
TX006243,20235,2026-11-29 19:18:20,Card Purchase,89.83,United Kingdom,Card
TX006244,20253,2026-08-20 08:10:12,Card Purchase,19.5,UAE,Branch
TX006245,20675,2026-08-04 05:37:50,Bank Transfer,1144.9,United Kingdom,Online
TX006246,20349,2026-06-14 07:13:09,Card Purchase,74.26,United Kingdom,Online
TX006247,20439,2026-02-14 14:37:05,Card Purchase,100.51,Singapore,Mobile
TX006248,20410,2026-12-09 15:51:21,Card Purchase,15.71,Singapore,Card
TX006249,20471,2026-09-03 18:25:23,Card Purchase,238.5,United Kingdom,Online
TX006250,20310,2026-10-22 08:17:39,Card Purchase,268.03,United Kingdom,Online
TX006251,20594,2026-07-07 17:38:39,Card Purchase,146.36,United States,ATM
TX006252,20057,2026-11-01 15:53:12,Bank Transfer,29.86,United Kingdom,Branch
TX006253,20599,2026-11-27 23:32:51,Direct Debit,159.24,United Kingdom,Online
TX006254,20330,2026-07-10 03:03:58,Direct Debit,54.71,United Kingdom,Mobile
TX006255,20319,2026-07-20 15:25:06,Direct Debit,76.68,UAE,Mobile
TX006256,20252,2026-08-16 21:23:29,Card Purchase,299.41,United Kingdom,Mobile
TX006257,20039,2026-09-13 01:21:11,Bank Transfer,44.47,United Kingdom,Mobile
TX006258,20174,2026-07-13 07:34:49,Card Purchase,54.86,Germany,Mobile
TX006259,20634,2026-04-03 11:43:33,Bank Transfer,104.43,United Kingdom,ATM
TX006260,20258,2026-10-14 23:08:44,Deposit,254.24,United States,Card
TX006261,20337,2026-11-13 20:52:32,Bank Transfer,48.14,United Kingdom,Card
TX006262,20198,2026-01-04 08:34:42,Direct Debit,133.9,United Kingdom,Mobile
TX006263,20545,2026-12-26 03:55:39,Card Purchase,124.72,United Kingdom,Mobile
TX006264,20538,2026-04-08 02:46:24,Card Purchase,398.56,Nigeria,Card
TX006265,20166,2026-07-19 21:12:13,Bank Transfer,10.72,Netherlands,Branch
TX006266,20065,2026-05-13 05:30:34,Card Purchase,62.99,United Kingdom,Card
TX006267,20627,2026-03-02 05:45:11,Bank Transfer,50.36,United Kingdom,Card
TX006268,20381,2026-11-03 09:06:01,Bank Transfer,356.44,Nigeria,Mobile
TX006269,20530,2026-04-30 10:43:35,Card Purchase,457.46,Netherlands,Online
TX006270,20501,2026-05-02 13:23:55,Card Purchase,349.43,Spain,Online
TX006271,20358,2026-09-30 13:34:35,Bank Transfer,31.86,United Kingdom,Online
TX006272,20378,2026-03-27 10:50:44,Card Purchase,5.81,United Kingdom,Mobile
TX006273,20598,2026-08-06 04:23:23,Direct Debit,50.35,Netherlands,Card
TX006274,20611,2026-06-03 21:41:52,Card Purchase,67.94,United Kingdom,Online
TX006275,20371,2026-12-15 03:28:21,Bank Transfer,28.59,United Kingdom,ATM
TX006276,20665,2026-06-20 09:43:48,Card Purchase,108.85,France,Online
TX006277,20309,2026-04-19 17:56:39,Bank Transfer,98.09,United Kingdom,Branch
TX006278,20273,2026-08-27 19:30:46,Card Purchase,108.6,Spain,Online
TX006279,20389,2026-05-21 06:08:04,Card Purchase,243.73,United Kingdom,Mobile
TX006280,20397,2026-04-11 04:43:40,Direct Debit,199.82,United Kingdom,Card
TX006281,20567,2026-11-16 18:40:12,Card Purchase,78.55,Netherlands,Mobile
TX006282,20290,2026-06-12 08:35:05,Cash Withdrawal,62.06,Ireland,Online
TX006283,20521,2026-12-21 20:10:45,Direct Debit,92.98,United Kingdom,Mobile
TX006284,20459,2026-04-30 01:24:24,Card Purchase,16.65,Netherlands,Online
TX006285,20555,2026-09-02 06:53:30,Direct Debit,84.74,United Kingdom,Card
TX006286,20632,2026-07-17 15:22:10,Bank Transfer,133.49,Germany,Online
TX006287,20275,2026-02-10 17:41:23,Card Purchase,1192.51,United Kingdom,Mobile
TX006288,20457,2026-07-19 19:08:24,Bank Transfer,19.81,United Kingdom,Online
TX006289,20255,2026-05-04 12:54:56,Card Purchase,70.31,United Kingdom,Online
TX006290,20476,2026-10-11 19:38:08,Direct Debit,110.33,United Kingdom,Online
TX006291,20330,2026-09-14 05:56:52,Card Purchase,22.71,United Kingdom,Card
TX006292,20487,2026-05-17 13:47:36,Card Purchase,36.6,Netherlands,Mobile
TX006293,20079,2026-01-09 12:17:23,Card Purchase,27.63,Ireland,Online
TX006294,20482,2026-07-22 05:32:24,Card Purchase,84.38,France,Branch
TX006295,20062,2026-05-28 03:56:00,Cash Withdrawal,66.97,Netherlands,Card
TX006296,20296,2026-09-24 08:32:56,Bank Transfer,41.82,United Kingdom,Branch
TX006297,20012,2026-04-17 02:00:03,Deposit,8835.9,United Kingdom,Mobile
TX006298,20064,2026-09-20 09:39:39,Direct Debit,190.0,United Kingdom,Card
TX006299,20203,2026-09-01 15:02:54,Card Purchase,219.03,Germany,Card
TX006300,20104,2026-01-01 03:59:57,Bank Transfer,98.49,United Kingdom,Mobile
TX006301,20188,2026-02-26 17:26:20,Card Purchase,129.07,UAE,Online
TX006302,20544,2026-12-05 19:46:13,Bank Transfer,162.19,United Kingdom,Mobile
TX006303,20301,2026-04-17 19:33:57,Direct Debit,320.72,Spain,Card
TX006304,20384,2026-05-05 01:43:39,Card Purchase,55.14,United Kingdom,Online
TX006305,20555,2026-07-26 03:47:58,Bank Transfer,61.91,Spain,Mobile
TX006306,20609,2026-10-31 10:41:36,Card Purchase,93.6,Nigeria,Online
TX006307,20362,2026-04-05 22:49:28,Card Purchase,78.07,United Kingdom,Mobile
TX006308,20650,2026-07-27 13:52:33,Bank Transfer,147.3,Spain,Online
TX006309,20026,2026-02-20 14:45:25,Bank Transfer,15.13,United Kingdom,Card
TX006310,20596,2026-05-17 10:19:16,Bank Transfer,84.39,Netherlands,Card
TX006311,20374,2026-03-30 00:42:14,Direct Debit,99.35,United Kingdom,Online
TX006312,20500,2026-03-17 21:40:28,Direct Debit,383.51,United Kingdom,Card
TX006313,20225,2026-09-30 18:50:47,Card Purchase,17.58,United Kingdom,Mobile
TX006314,20229,2026-09-30 22:09:26,Card Purchase,118.54,United Kingdom,Card
TX006315,20593,2026-10-28 21:40:12,Deposit,45.24,United Kingdom,Card
TX006316,20464,2026-10-10 12:13:54,Bank Transfer,98.99,United Kingdom,Card
TX006317,20447,2026-08-07 00:23:32,Card Purchase,265.26,Spain,Mobile
TX006318,20254,2026-09-26 03:27:05,Card Purchase,9.76,Ireland,Mobile
TX006319,20232,2026-06-05 05:46:07,Bank Transfer,30.43,United Kingdom,ATM
TX006320,20102,2026-04-06 20:57:38,Direct Debit,43.69,United States,Card
TX006321,20606,2026-02-10 19:11:36,Card Purchase,236.78,United Kingdom,Mobile
TX006322,20546,2026-10-22 11:09:10,Deposit,62.21,France,Online
TX006323,20328,2026-07-03 19:53:50,Bank Transfer,16806.58,United Kingdom,Card
TX006324,20003,2026-02-18 09:15:54,Bank Transfer,179.71,United Kingdom,Online
TX006325,20568,2026-06-16 19:46:07,Bank Transfer,52.04,Netherlands,Branch
TX006326,20617,2026-11-18 19:19:55,Bank Transfer,21.27,United Kingdom,Online
TX006327,20427,2026-07-24 09:57:51,Card Purchase,108.03,United Kingdom,Online
TX006328,20470,2026-08-19 18:59:10,Deposit,100.85,United States,Card
TX006329,20361,2026-08-15 22:06:16,Deposit,8.44,Singapore,Card
TX006330,20316,2026-11-24 23:25:42,Card Purchase,210.47,Singapore,Online
TX006331,20531,2026-02-25 03:04:35,Direct Debit,24.98,Nigeria,Mobile
TX006332,20593,2026-12-07 21:11:01,Card Purchase,369.38,United Kingdom,Online
TX006333,20174,2026-01-08 04:41:00,Cash Withdrawal,55.3,United States,Online
TX006334,20426,2026-09-07 06:38:14,Card Purchase,365.51,United Kingdom,Mobile
TX006335,20332,2026-10-17 11:09:23,Direct Debit,151.81,United Kingdom,Card
TX006336,20606,2026-01-22 13:19:55,Direct Debit,13.9,France,Online
TX006337,20582,2026-12-29 03:14:00,Bank Transfer,143.51,Ireland,Branch
TX006338,20376,2026-05-23 08:50:54,Bank Transfer,24.2,United Kingdom,Mobile
TX006339,20052,2026-02-19 12:53:33,Bank Transfer,271.49,United States,Mobile
TX006340,20606,2026-11-28 15:40:08,Card Purchase,185.25,United Kingdom,Card
TX006341,20473,2026-02-06 20:56:30,Direct Debit,1593.24,United Kingdom,Mobile
TX006342,20336,2026-06-21 02:57:37,Direct Debit,1086.93,UAE,Online
TX006343,20497,2026-09-04 01:10:30,Bank Transfer,312.78,France,Online
TX006344,20007,2026-12-05 12:05:18,Card Purchase,24.25,United Kingdom,Mobile
TX006345,20116,2026-06-14 15:54:46,Bank Transfer,154.52,United Kingdom,Card
TX006346,20539,2026-09-19 23:42:20,Card Purchase,376.45,Nigeria,ATM
TX006347,20392,2026-05-03 10:36:04,Bank Transfer,122.92,United Kingdom,Card
TX006348,20039,2026-11-03 13:07:55,Deposit,28.35,United Kingdom,Online
TX006349,20601,2026-09-07 07:45:33,Card Purchase,23.97,United Kingdom,Card
TX006350,20361,2026-11-30 04:45:48,Deposit,143.73,United Kingdom,Card
TX006351,20609,2026-07-02 05:41:49,Bank Transfer,46.38,United Kingdom,Mobile
TX006352,20038,2026-03-23 00:17:17,Bank Transfer,39.13,United Kingdom,Online
TX006353,20554,2026-05-10 13:11:27,Card Purchase,47.42,United Kingdom,Card
TX006354,20318,2026-07-15 07:02:39,Direct Debit,432.56,France,ATM
TX006355,20136,2026-06-08 01:52:15,Card Purchase,367.72,Ireland,Mobile
TX006356,20389,2026-10-29 19:06:31,Cash Withdrawal,34.07,United States,ATM
TX006357,20523,2026-03-21 15:20:13,Card Purchase,24.52,Spain,Card
TX006358,20344,2026-12-16 00:02:49,Bank Transfer,62.38,Ireland,Mobile
TX006359,20567,2026-08-01 01:32:06,Card Purchase,39.13,United Kingdom,Mobile
TX006360,20048,2026-06-30 07:56:45,Card Purchase,91.83,United States,Card
TX006361,20327,2026-07-02 09:27:29,Direct Debit,27.18,United Kingdom,Card
TX006362,20232,2026-05-30 17:34:28,Direct Debit,34.94,United Kingdom,ATM
TX006363,20182,2026-02-03 07:54:05,Card Purchase,118.89,United Kingdom,Online
TX006364,20243,2026-08-21 03:40:57,Bank Transfer,37.9,Germany,ATM
TX006365,20093,2026-02-14 22:16:43,Card Purchase,18.85,France,Mobile
TX006366,20372,2026-03-03 00:49:14,Card Purchase,4.93,United States,Card
TX006367,20576,2026-03-18 11:26:19,Card Purchase,289.96,Nigeria,ATM
TX006368,20008,2026-07-09 12:57:41,Card Purchase,96.44,United States,Mobile
TX006369,20051,2026-07-26 08:56:01,Card Purchase,143.86,United Kingdom,Mobile
TX006370,20534,2026-08-21 16:14:53,Bank Transfer,400.35,Ireland,Card
TX006371,20312,2026-07-03 20:19:24,Direct Debit,76.57,United Kingdom,Card
TX006372,20417,2026-11-16 17:48:42,Deposit,216.66,United Kingdom,ATM
TX006373,20256,2026-09-03 06:26:27,Bank Transfer,520.23,United Kingdom,Online
TX006374,20353,2026-12-11 03:09:09,Card Purchase,46.27,United States,Online
TX006375,20189,2026-08-24 01:52:23,Card Purchase,60.06,France,Mobile
TX006376,20406,2026-09-11 18:08:35,Bank Transfer,349.99,United Kingdom,Mobile
TX006377,20543,2026-01-02 03:28:40,Cash Withdrawal,64.1,United Kingdom,Card
TX006378,20404,2026-09-11 19:50:42,Deposit,45.12,Germany,Mobile
TX006379,20185,2026-02-19 22:57:46,Direct Debit,69.13,Germany,Online
TX006380,20420,2026-12-19 22:38:32,Cash Withdrawal,34.52,United Kingdom,ATM
TX006381,20183,2026-09-06 07:07:51,Card Purchase,82.17,UAE,Online
TX006382,20299,2026-01-20 06:22:15,Direct Debit,52.53,United Kingdom,ATM
TX006383,20139,2026-10-11 09:48:57,Card Purchase,15.47,France,Card
TX006384,20346,2026-08-03 21:16:52,Card Purchase,58.07,Netherlands,Branch
TX006385,20201,2026-04-26 14:56:42,Direct Debit,23.78,Spain,Card
TX006386,20095,2026-04-22 01:03:08,Direct Debit,495.4,United Kingdom,ATM
TX006387,20398,2026-02-23 06:20:28,Card Purchase,68.71,United Kingdom,Branch
TX006388,20497,2026-01-13 18:24:30,Card Purchase,361.9,France,Online
TX006389,20481,2026-01-13 08:51:54,Deposit,60.68,Singapore,Online
TX006390,20636,2026-08-16 12:59:39,Card Purchase,363.24,United Kingdom,Card
TX006391,20621,2026-02-23 04:25:59,Card Purchase,47.09,Nigeria,Mobile
TX006392,20379,2026-06-28 09:14:30,Bank Transfer,163.47,United Kingdom,Online
TX006393,20515,2026-12-13 12:59:12,Card Purchase,61.58,Ireland,Card
TX006394,20295,2026-01-05 18:34:08,Card Purchase,15.25,United Kingdom,Mobile
TX006395,20478,2026-02-10 17:31:49,Card Purchase,71.47,United States,Online
TX006396,20669,2026-08-02 13:47:21,Direct Debit,98.73,United Kingdom,ATM
TX006397,20127,2026-07-13 19:51:01,Card Purchase,497.61,United States,Card
TX006398,20572,2026-10-20 23:29:30,Card Purchase,298.9,France,Card
TX006399,20187,2026-02-14 17:46:35,Bank Transfer,79.79,United Kingdom,Mobile
TX006400,20180,2026-07-19 04:12:46,Bank Transfer,631.18,UAE,Branch
TX006401,20419,2026-04-22 07:44:44,Card Purchase,418.97,UAE,Mobile
TX006402,20021,2026-01-08 04:41:51,Cash Withdrawal,55.31,United Kingdom,Mobile
TX006403,20392,2026-06-03 06:02:04,Cash Withdrawal,48.97,Netherlands,Online
TX006404,20294,2026-09-18 18:33:01,Bank Transfer,70.19,Nigeria,Mobile
TX006405,20542,2026-03-06 10:01:15,Card Purchase,156.66,UAE,Mobile
TX006406,20188,2026-03-29 18:47:22,Direct Debit,146.32,Germany,Online
TX006407,20007,2026-10-20 05:51:55,Bank Transfer,114.79,United States,Mobile
TX006408,20391,2026-06-01 03:31:44,Bank Transfer,593.36,United Kingdom,Branch
TX006409,20279,2026-01-07 10:40:37,Card Purchase,157.7,Netherlands,Mobile
TX006410,20558,2026-09-27 07:57:50,Cash Withdrawal,19.15,United Kingdom,Mobile
TX006411,20620,2026-04-27 08:25:49,Direct Debit,767.66,UAE,Mobile
TX006412,20247,2026-11-23 00:31:25,Card Purchase,12369.21,United States,Online
TX006413,20241,2026-02-20 15:26:54,Card Purchase,81.66,United Kingdom,Card
TX006414,20540,2026-03-31 19:53:05,Cash Withdrawal,58.9,United Kingdom,Online
TX006415,20234,2026-09-17 06:36:33,Cash Withdrawal,292.87,United Kingdom,Online
TX006416,20043,2026-10-10 03:07:08,Deposit,238.21,Netherlands,Mobile
TX006417,20494,2026-07-07 20:54:33,Bank Transfer,123.12,Spain,Branch
TX006418,20421,2026-03-28 13:52:49,Cash Withdrawal,59.05,France,ATM
TX006419,20001,2026-06-07 08:08:09,Direct Debit,24.97,United Kingdom,Mobile
TX006420,20575,2026-08-31 22:08:53,Direct Debit,69.46,Nigeria,Mobile
TX006421,20410,2026-12-23 10:29:58,Bank Transfer,8.83,UAE,ATM
TX006422,20449,2026-03-22 05:35:01,Cash Withdrawal,6.68,United Kingdom,Mobile
TX006423,20220,2026-01-10 01:10:37,Cash Withdrawal,104.76,UAE,Mobile
TX006424,20605,2026-10-15 06:30:31,Bank Transfer,131.83,United Kingdom,Card
TX006425,20139,2026-07-06 22:10:16,Deposit,144.12,United Kingdom,Card
TX006426,20307,2026-11-16 07:29:57,Bank Transfer,368.48,United Kingdom,Card
TX006427,20616,2026-03-10 17:35:36,Card Purchase,5.41,United Kingdom,Card
TX006428,20527,2026-08-04 14:59:47,Bank Transfer,90.4,United Kingdom,Card
TX006429,20269,2026-05-10 18:16:41,Card Purchase,39.46,United Kingdom,Mobile
TX006430,20651,2026-11-29 19:09:45,Card Purchase,19936.37,United Kingdom,Mobile
TX006431,20190,2026-11-21 00:55:59,Bank Transfer,120.25,Nigeria,Online
TX006432,20619,2026-02-06 09:55:04,Card Purchase,127.69,Netherlands,ATM
TX006433,20412,2026-04-15 10:29:34,Direct Debit,118.21,United Kingdom,Branch
TX006434,20466,2026-11-02 02:40:03,Bank Transfer,27.47,Netherlands,Online
TX006435,20268,2026-07-12 06:27:35,Cash Withdrawal,133.87,United Kingdom,Online
TX006436,20238,2026-06-18 01:30:55,Bank Transfer,49.46,Netherlands,Card
TX006437,20272,2026-03-12 05:35:07,Cash Withdrawal,26.99,United Kingdom,Mobile
TX006438,20019,2026-01-09 17:52:16,Direct Debit,16.54,UAE,ATM
TX006439,20226,2026-09-08 19:03:39,Card Purchase,124.92,United Kingdom,Mobile
TX006440,20316,2026-02-24 09:14:42,Card Purchase,183.27,United Kingdom,Mobile
TX006441,20510,2026-02-28 10:32:09,Deposit,193.58,United Kingdom,ATM
TX006442,20103,2026-11-25 16:55:25,Bank Transfer,679.96,United Kingdom,Mobile
TX006443,20377,2026-10-16 15:35:26,Bank Transfer,88.26,UAE,Online
TX006444,20189,2026-03-01 07:00:18,Card Purchase,225.66,United Kingdom,Branch
TX006445,20574,2026-03-12 12:41:40,Card Purchase,16.91,UAE,Card
TX006446,20216,2026-01-05 21:43:13,Direct Debit,383.48,United Kingdom,Mobile
TX006447,20156,2026-04-28 11:12:06,Direct Debit,44.74,Netherlands,Branch
TX006448,20577,2026-04-14 15:44:24,Card Purchase,41.23,Singapore,Mobile
TX006449,20162,2026-06-21 23:44:51,Direct Debit,267.85,Germany,Card
TX006450,20383,2026-12-22 02:23:44,Deposit,25.44,United Kingdom,Card
TX006451,20509,2026-03-10 08:44:21,Bank Transfer,134.62,Netherlands,Card
TX006452,20373,2026-01-25 11:46:10,Bank Transfer,73.4,United Kingdom,Mobile
TX006453,20344,2026-05-28 23:50:19,Card Purchase,64.06,United Kingdom,Mobile
TX006454,20188,2026-07-20 04:10:05,Direct Debit,38.0,United Kingdom,Card
TX006455,20014,2026-08-05 11:21:10,Bank Transfer,7.02,United Kingdom,Online
TX006456,20560,2026-08-24 18:44:01,Cash Withdrawal,138.41,Germany,Card
TX006457,20249,2026-08-25 13:52:27,Card Purchase,85.55,United Kingdom,Online
TX006458,20570,2026-10-21 19:52:41,Card Purchase,107.12,Singapore,Card
TX006459,20010,2026-06-19 05:24:34,Deposit,63.99,United Kingdom,Branch
TX006460,20059,2026-01-17 11:31:24,Bank Transfer,31.35,Singapore,Mobile
TX006461,20581,2026-01-29 05:55:25,Card Purchase,40.0,United Kingdom,Card
TX006462,20425,2026-02-06 23:42:37,Card Purchase,28.42,United Kingdom,Online
TX006463,20624,2026-05-14 11:42:38,Deposit,805.57,United Kingdom,Mobile
TX006464,20418,2026-04-30 22:16:12,Bank Transfer,69.86,Germany,Online
TX006465,20185,2026-11-05 04:21:51,Direct Debit,328.06,United Kingdom,Card
TX006466,20386,2026-08-23 07:05:13,Direct Debit,332.19,UAE,Card
TX006467,20466,2026-07-25 10:15:42,Direct Debit,59.77,United Kingdom,Mobile
TX006468,20593,2026-11-23 06:54:49,Card Purchase,45.62,United States,Card
TX006469,20495,2026-11-10 12:11:08,Deposit,14.65,United Kingdom,Online
TX006470,20313,2026-08-25 22:51:47,Bank Transfer,64.77,United Kingdom,Online
TX006471,20581,2026-03-03 05:57:53,Card Purchase,144.73,France,Mobile
TX006472,20503,2026-07-23 08:52:34,Deposit,225.22,United Kingdom,Online
TX006473,20527,2026-03-05 11:03:16,Bank Transfer,59.48,United Kingdom,ATM
TX006474,20340,2026-09-09 08:27:13,Direct Debit,49.59,Netherlands,Card
TX006475,20497,2026-01-13 08:47:38,Card Purchase,32.57,United Kingdom,ATM
TX006476,20143,2026-10-25 21:31:03,Card Purchase,39.33,United Kingdom,Mobile
TX006477,20240,2026-01-26 22:51:32,Bank Transfer,42.07,Spain,Mobile
TX006478,20584,2026-07-23 21:05:01,Deposit,10.81,United Kingdom,Card
TX006479,20534,2026-07-24 01:03:38,Direct Debit,85.51,United Kingdom,Mobile
TX006480,20467,2026-02-03 12:59:19,Cash Withdrawal,46.85,United Kingdom,Branch
TX006481,20323,2026-08-29 08:04:28,Bank Transfer,80.18,Germany,Card
TX006482,20652,2026-12-14 06:13:11,Bank Transfer,25.11,Singapore,Mobile
TX006483,20634,2026-11-12 13:29:16,Bank Transfer,73.81,Netherlands,Mobile
TX006484,20428,2026-12-19 00:21:30,Bank Transfer,65.87,United Kingdom,Card
TX006485,20468,2026-07-14 04:25:56,Bank Transfer,179.64,United Kingdom,Mobile
TX006486,20615,2026-08-14 19:15:48,Card Purchase,45.13,United Kingdom,Card
TX006487,20646,2026-05-18 09:18:23,Direct Debit,148.92,UAE,Mobile
TX006488,20043,2026-01-16 20:24:20,Card Purchase,250.32,United Kingdom,Mobile
TX006489,20252,2026-12-03 14:16:38,Card Purchase,299.56,UAE,Online
TX006490,20377,2026-01-03 09:51:27,Card Purchase,482.64,Germany,ATM
TX006491,20161,2026-05-18 04:14:29,Bank Transfer,58.9,United Kingdom,ATM
TX006492,20095,2026-12-01 22:47:50,Direct Debit,316.88,United Kingdom,Mobile
TX006493,20265,2026-07-08 11:52:39,Bank Transfer,466.77,Ireland,Online
TX006494,20537,2026-08-14 16:20:27,Bank Transfer,112.6,United Kingdom,Card
TX006495,20515,2026-07-06 21:35:58,Bank Transfer,434.8,Ireland,Online
TX006496,20465,2026-04-25 20:44:14,Direct Debit,113.85,United Kingdom,Mobile
TX006497,20240,2026-07-31 06:45:37,Deposit,112.11,Netherlands,Mobile
TX006498,20089,2026-06-30 02:50:44,Card Purchase,53.74,United States,Online
TX006499,20613,2026-09-24 23:03:04,Card Purchase,51.65,United Kingdom,Mobile
TX006500,20623,2026-08-06 21:35:10,Card Purchase,42.29,United States,Mobile
TX006501,20108,2026-10-09 02:11:18,Card Purchase,168.54,United Kingdom,Card
TX006502,20190,2026-07-30 14:20:16,Deposit,135.17,United Kingdom,Online
TX006503,20059,2026-05-16 13:36:42,Deposit,59.47,United Kingdom,Mobile
TX006504,20111,2026-06-29 15:53:55,Direct Debit,134.57,United States,Branch
TX006505,20005,2026-10-26 07:32:32,Deposit,24.86,United Kingdom,Online
TX006506,20645,2026-06-11 16:10:54,Card Purchase,45.98,Netherlands,Card
TX006507,20466,2026-09-22 00:02:25,Direct Debit,27.28,United Kingdom,Branch
TX006508,20555,2026-08-22 21:41:54,Deposit,77.42,Singapore,Mobile
TX006509,20420,2026-04-15 23:21:09,Deposit,297.55,United Kingdom,Card
TX006510,20034,2026-11-18 15:27:40,Direct Debit,51.57,United Kingdom,Mobile
TX006511,20035,2026-05-21 12:03:54,Cash Withdrawal,169.29,United Kingdom,Branch
TX006512,20221,2026-01-21 22:19:05,Bank Transfer,94.02,United Kingdom,Online
TX006513,20542,2026-08-27 19:54:45,Card Purchase,67.69,Netherlands,Mobile
TX006514,20490,2026-08-04 07:02:53,Card Purchase,22.59,United Kingdom,Online
TX006515,20041,2026-11-27 02:04:56,Card Purchase,75.75,Germany,ATM
TX006516,20573,2026-08-25 13:49:30,Card Purchase,56.74,United Kingdom,Online
TX006517,20187,2026-01-29 19:55:21,Card Purchase,224.29,United Kingdom,Online
TX006518,20082,2026-08-27 13:38:57,Card Purchase,76.73,United Kingdom,Branch
TX006519,20131,2026-06-22 20:15:07,Card Purchase,50.78,United Kingdom,Mobile
TX006520,20536,2026-08-03 00:19:21,Card Purchase,66.5,France,Mobile
TX006521,20195,2026-03-03 08:25:37,Direct Debit,18.77,Spain,Mobile
TX006522,20382,2026-12-23 12:37:36,Card Purchase,166.63,United Kingdom,ATM
TX006523,20477,2026-08-14 03:39:59,Card Purchase,25.04,Netherlands,Mobile
TX006524,20252,2026-01-10 15:26:57,Direct Debit,61.79,Netherlands,Mobile
TX006525,20209,2026-04-21 11:05:05,Card Purchase,356.84,United Kingdom,Card
TX006526,20117,2026-11-17 01:06:42,Card Purchase,34.27,United States,Branch
TX006527,20523,2026-03-28 01:54:01,Deposit,11.87,United Kingdom,Card
TX006528,20667,2026-07-08 08:17:00,Deposit,220.23,United Kingdom,Branch
TX006529,20030,2026-09-15 23:58:58,Card Purchase,124.13,France,Online
TX006530,20317,2026-02-05 07:07:13,Bank Transfer,223.07,France,Mobile
TX006531,20415,2026-12-07 04:54:26,Card Purchase,7.71,Germany,Mobile
TX006532,20136,2026-06-28 00:26:54,Card Purchase,71.21,United States,Mobile
TX006533,20158,2026-04-19 12:02:24,Card Purchase,23.35,United Kingdom,Card
TX006534,20520,2026-06-06 11:53:23,Deposit,53.4,Singapore,Card
TX006535,20435,2026-12-13 16:22:27,Bank Transfer,302.84,Ireland,Card
TX006536,20592,2026-01-19 08:51:50,Card Purchase,10.17,United States,Branch
TX006537,20314,2026-05-25 08:13:19,Bank Transfer,35.63,Germany,Mobile
TX006538,20385,2026-01-15 12:09:31,Card Purchase,10.53,United Kingdom,Card
TX006539,20527,2026-06-25 13:58:59,Deposit,40.61,United States,Card
TX006540,20561,2026-03-21 12:09:30,Card Purchase,17.19,Netherlands,Mobile
TX006541,20322,2026-06-11 22:25:02,Cash Withdrawal,300.58,United States,Branch
TX006542,20603,2026-11-18 19:25:57,Direct Debit,290.49,Singapore,Mobile
TX006543,20565,2026-04-10 21:02:37,Deposit,49.49,United Kingdom,Card
TX006544,20009,2026-07-20 05:43:56,Card Purchase,107.79,United Kingdom,Card
TX006545,20473,2026-12-23 09:26:34,Card Purchase,93.26,United Kingdom,Mobile
TX006546,20196,2026-12-13 01:23:44,Direct Debit,17751.81,United Kingdom,Branch
TX006547,20675,2026-10-16 03:55:21,Bank Transfer,110.27,United Kingdom,Mobile
TX006548,20505,2026-06-09 18:48:19,Direct Debit,324.29,Nigeria,Online
TX006549,20588,2026-03-07 21:36:50,Direct Debit,328.55,United Kingdom,Mobile
TX006550,20282,2026-02-01 18:15:52,Card Purchase,81.7,Germany,Mobile
TX006551,20032,2026-08-02 12:03:25,Deposit,228.6,United States,Card
TX006552,20455,2026-12-13 14:07:06,Cash Withdrawal,1857.44,United Kingdom,Card
TX006553,20646,2026-07-22 04:42:40,Bank Transfer,159.29,Netherlands,Online
TX006554,20190,2026-07-29 21:23:15,Cash Withdrawal,263.89,Ireland,Card
TX006555,20165,2026-01-01 08:44:25,Card Purchase,58.73,United Kingdom,Card
TX006556,20587,2026-04-23 15:36:26,Card Purchase,50.28,United Kingdom,Card
TX006557,20565,2026-09-01 02:43:09,Bank Transfer,32.49,United Kingdom,Branch
TX006558,20572,2026-05-06 19:40:26,Bank Transfer,20.12,United Kingdom,Online
TX006559,20031,2026-11-05 19:22:42,Card Purchase,514.06,Nigeria,Online
TX006560,20566,2026-02-24 05:26:24,Bank Transfer,8.65,United Kingdom,Card
TX006561,20280,2026-07-05 12:07:30,Cash Withdrawal,36.76,United Kingdom,Mobile
TX006562,20380,2026-04-10 19:30:13,Card Purchase,104.81,United Kingdom,Mobile
TX006563,20263,2026-08-31 04:46:11,Bank Transfer,17.02,United Kingdom,Card
TX006564,20581,2026-03-16 01:11:02,Direct Debit,307.43,United Kingdom,Mobile
TX006565,20204,2026-01-25 13:44:14,Card Purchase,24.19,United Kingdom,Mobile
TX006566,20427,2026-03-04 08:02:21,Card Purchase,51.38,United Kingdom,Online
TX006567,20026,2026-10-02 21:09:25,Card Purchase,28.84,United Kingdom,Online
TX006568,20494,2026-11-24 04:12:19,Bank Transfer,19719.36,United Kingdom,ATM
TX006569,20399,2026-06-03 16:43:33,Bank Transfer,104.13,United Kingdom,Card
TX006570,20143,2026-12-25 06:41:37,Bank Transfer,45.72,Germany,Card
TX006571,20150,2026-08-16 04:47:18,Card Purchase,61.46,United Kingdom,Mobile
TX006572,20519,2026-04-29 08:18:18,Card Purchase,15.32,United Kingdom,Mobile
TX006573,20304,2026-07-30 15:44:19,Bank Transfer,237.94,United Kingdom,Card
TX006574,20063,2026-03-30 20:07:28,Card Purchase,75.85,United Kingdom,Mobile
TX006575,20243,2026-03-09 11:30:55,Direct Debit,69.64,France,Mobile
TX006576,20508,2026-05-03 07:05:23,Card Purchase,98.79,UAE,Mobile
TX006577,20209,2026-01-24 06:49:30,Bank Transfer,79.64,UAE,Online
TX006578,20193,2026-07-31 23:46:34,Bank Transfer,70.76,United Kingdom,Mobile
TX006579,20415,2026-10-16 20:54:17,Card Purchase,84.69,United Kingdom,Mobile
TX006580,20199,2026-07-31 20:17:00,Card Purchase,139.11,United Kingdom,Branch
TX006581,20293,2026-07-09 12:34:20,Bank Transfer,412.9,United Kingdom,Card
TX006582,20227,2026-01-08 03:04:45,Card Purchase,101.24,United Kingdom,Online
TX006583,20346,2026-10-13 01:18:42,Bank Transfer,75.44,United Kingdom,Card
TX006584,20232,2026-08-04 20:54:04,Card Purchase,206.37,United Kingdom,Card
TX006585,20260,2026-04-08 05:33:32,Bank Transfer,102.7,Singapore,Mobile
TX006586,20576,2026-07-29 07:48:58,Bank Transfer,33.93,United Kingdom,Card
TX006587,20132,2026-02-18 11:15:43,Bank Transfer,215.34,United Kingdom,Mobile
TX006588,20336,2026-10-25 10:01:07,Card Purchase,7.66,United Kingdom,Card
TX006589,20126,2026-07-29 08:12:23,Card Purchase,180.67,United Kingdom,Card
TX006590,20420,2026-10-25 22:58:38,Bank Transfer,107.52,United Kingdom,Online
TX006591,20404,2026-02-16 22:24:23,Card Purchase,66.24,United States,Mobile
TX006592,20101,2026-08-26 17:43:51,Card Purchase,219.73,United Kingdom,Card
TX006593,20535,2026-10-24 22:26:40,Card Purchase,26.77,United Kingdom,ATM
TX006594,20579,2026-09-14 12:03:39,Direct Debit,261.96,UAE,Online
TX006595,20464,2026-07-21 17:15:29,Card Purchase,33.83,United Kingdom,Mobile
TX006596,20430,2026-01-26 16:02:06,Bank Transfer,199.54,France,ATM
TX006597,20413,2026-02-25 12:02:44,Bank Transfer,752.23,Ireland,Mobile
TX006598,20479,2026-09-27 03:36:44,Direct Debit,28.94,United Kingdom,Card
TX006599,20176,2026-05-28 01:36:27,Cash Withdrawal,261.34,United Kingdom,Mobile
TX006600,20518,2026-07-04 04:42:57,Card Purchase,439.68,United Kingdom,Card
TX006601,20372,2026-04-07 16:18:13,Direct Debit,28.86,Germany,Card
TX006602,20647,2026-06-01 15:01:27,Card Purchase,300.73,Spain,Online
TX006603,20171,2026-04-19 15:20:57,Cash Withdrawal,180.21,United States,Online
TX006604,20368,2026-10-03 08:36:35,Direct Debit,39.56,United Kingdom,Card
TX006605,20321,2026-03-18 09:30:01,Card Purchase,72.3,United Kingdom,ATM
TX006606,20226,2026-03-30 18:59:58,Bank Transfer,18.2,United Kingdom,Card
TX006607,20042,2026-09-08 20:14:12,Card Purchase,152.01,United Kingdom,Card
TX006608,20249,2026-03-16 19:09:16,Bank Transfer,78.06,United Kingdom,Card
TX006609,20616,2026-05-03 14:26:11,Bank Transfer,15.96,Netherlands,Mobile
TX006610,20155,2026-08-07 07:16:27,Bank Transfer,106.62,Spain,Mobile
TX006611,20326,2026-01-29 16:14:22,Direct Debit,120.94,United Kingdom,Online
TX006612,20043,2026-09-19 16:34:07,Bank Transfer,118.36,United Kingdom,Branch
TX006613,20446,2026-02-15 06:22:50,Cash Withdrawal,18.24,Spain,Online
TX006614,20011,2026-07-28 00:05:55,Deposit,40.8,United Kingdom,Card
TX006615,20240,2026-03-28 21:53:31,Bank Transfer,220.64,United Kingdom,Card
TX006616,20064,2026-07-15 03:35:52,Card Purchase,160.73,Germany,Online
TX006617,20180,2026-08-07 04:06:31,Card Purchase,69.57,UAE,Card
TX006618,20093,2026-08-20 08:05:38,Bank Transfer,201.07,Ireland,Online
TX006619,20333,2026-10-07 10:22:40,Direct Debit,36.93,United Kingdom,Card
TX006620,20109,2026-12-03 01:08:12,Direct Debit,59.59,United States,Card
TX006621,20039,2026-10-24 23:33:38,Card Purchase,193.87,United Kingdom,ATM
TX006622,20345,2026-05-29 10:40:41,Bank Transfer,185.42,United Kingdom,Mobile
TX006623,20336,2026-02-11 23:30:51,Card Purchase,37.06,United Kingdom,Mobile
TX006624,20267,2026-10-27 06:01:53,Card Purchase,32.34,United Kingdom,Mobile
TX006625,20099,2026-08-21 19:34:10,Card Purchase,191.27,United States,Card
TX006626,20100,2026-11-15 10:35:47,Card Purchase,41.06,Ireland,Mobile
TX006627,20548,2026-09-10 13:06:46,Direct Debit,155.32,Spain,Mobile
TX006628,20410,2026-07-09 13:13:03,Bank Transfer,2.89,United Kingdom,ATM
TX006629,20126,2026-07-27 09:18:18,Bank Transfer,122.91,United Kingdom,Card
TX006630,20642,2026-07-20 20:05:26,Card Purchase,159.81,United Kingdom,Mobile
TX006631,20584,2026-12-18 18:03:36,Bank Transfer,123.5,UAE,Online
TX006632,20551,2026-09-12 21:08:40,Card Purchase,84.21,France,Mobile
TX006633,20662,2026-09-08 02:45:38,Card Purchase,117.99,United Kingdom,Online
TX006634,20172,2026-09-30 06:39:32,Card Purchase,58.86,France,Card
TX006635,20598,2026-09-20 10:59:03,Card Purchase,33.89,France,Online
TX006636,20404,2026-06-15 05:13:27,Direct Debit,212.77,United Kingdom,Mobile
TX006637,20589,2026-04-18 06:09:27,Direct Debit,25.38,Nigeria,ATM
TX006638,20449,2026-05-17 15:59:08,Bank Transfer,66.44,Germany,Online
TX006639,20597,2026-02-05 19:54:41,Direct Debit,70.86,United States,Mobile
TX006640,20538,2026-07-05 16:21:09,Card Purchase,304.29,Germany,Card
TX006641,20134,2026-03-07 15:21:03,Bank Transfer,48.0,United Kingdom,Mobile
TX006642,20499,2026-11-26 10:06:30,Deposit,110.7,United Kingdom,Card
TX006643,20027,2026-02-17 03:38:48,Deposit,269.59,United States,Online
TX006644,20196,2026-10-03 09:34:19,Bank Transfer,8.43,Nigeria,ATM
TX006645,20187,2026-11-20 21:42:32,Bank Transfer,27.81,UAE,Online
TX006646,20546,2026-05-18 22:22:40,Card Purchase,192.8,Ireland,Mobile
TX006647,20488,2026-09-29 20:32:57,Card Purchase,838.48,UAE,Card
TX006648,20667,2026-01-25 06:47:20,Direct Debit,204.87,United Kingdom,Mobile
TX006649,20342,2026-04-08 00:26:43,Card Purchase,60.4,United Kingdom,Mobile
TX006650,20325,2026-01-25 22:19:32,Bank Transfer,219.53,United Kingdom,Online
TX006651,20035,2026-09-04 00:46:02,Bank Transfer,174.82,United Kingdom,Mobile
TX006652,20661,2026-04-18 14:27:56,Card Purchase,30.86,Nigeria,Card
TX006653,20436,2026-04-26 09:26:22,Card Purchase,218.36,United Kingdom,Card
TX006654,20279,2026-07-23 06:05:39,Card Purchase,20.37,Singapore,Mobile
TX006655,20293,2026-06-22 22:53:03,Card Purchase,180.42,United Kingdom,Card
TX006656,20045,2026-07-22 20:00:29,Card Purchase,43.86,United Kingdom,Mobile
TX006657,20148,2026-09-26 02:02:23,Card Purchase,91.16,United Kingdom,Online
TX006658,20282,2026-07-23 09:54:42,Deposit,14.64,United Kingdom,Online
TX006659,20456,2026-07-24 19:26:43,Deposit,146.01,United Kingdom,Card
TX006660,20437,2026-07-16 04:23:03,Cash Withdrawal,97.68,Netherlands,Mobile
TX006661,20535,2026-11-11 21:14:44,Card Purchase,7.03,United Kingdom,Card
TX006662,20281,2026-05-22 15:07:10,Direct Debit,14.59,United Kingdom,Mobile
TX006663,20438,2026-10-18 07:21:40,Bank Transfer,80.48,United Kingdom,Mobile
TX006664,20142,2026-10-08 12:38:32,Bank Transfer,46.14,United Kingdom,Branch
TX006665,20230,2026-12-20 20:44:25,Bank Transfer,133.14,United Kingdom,Online
TX006666,20491,2026-01-01 20:27:01,Card Purchase,22.62,Spain,Mobile
TX006667,20187,2026-11-15 18:53:53,Card Purchase,87.31,United Kingdom,Online
TX006668,20440,2026-03-21 04:19:10,Card Purchase,30.33,United Kingdom,Mobile
TX006669,20374,2026-06-02 07:20:39,Card Purchase,16.48,United Kingdom,Mobile
TX006670,20177,2026-06-08 09:26:30,Card Purchase,34.19,United States,Branch
TX006671,20427,2026-12-24 20:43:01,Card Purchase,96.94,United Kingdom,Mobile
TX006672,20459,2026-06-10 15:26:33,Card Purchase,118.23,United States,Mobile
TX006673,20668,2026-03-03 07:10:13,Card Purchase,68.21,United Kingdom,Online
TX006674,20662,2026-03-16 20:42:55,Card Purchase,64.27,Germany,Online
TX006675,20259,2026-02-04 07:25:07,Bank Transfer,125.99,United Kingdom,Mobile
TX006676,20175,2026-07-10 02:40:36,Direct Debit,217.35,United Kingdom,Mobile
TX006677,20320,2026-05-01 15:42:28,Card Purchase,40.72,United Kingdom,Mobile
TX006678,20603,2026-11-02 05:26:04,Card Purchase,38.59,Germany,Card
TX006679,20512,2026-07-30 11:18:41,Card Purchase,400.03,Netherlands,Card
TX006680,20654,2026-03-20 18:07:20,Bank Transfer,101.86,United Kingdom,Mobile
TX006681,20464,2026-12-02 18:21:30,Card Purchase,13.7,Netherlands,Card
TX006682,20174,2026-10-10 12:51:08,Card Purchase,28.21,UAE,Online
TX006683,20649,2026-03-29 12:36:50,Card Purchase,43.1,Ireland,Card
TX006684,20539,2026-09-14 03:14:12,Bank Transfer,45.25,United Kingdom,Branch
TX006685,20093,2026-08-10 16:08:53,Deposit,70.17,United Kingdom,Mobile
TX006686,20206,2026-11-18 08:19:21,Bank Transfer,17.65,United Kingdom,Mobile
TX006687,20532,2026-05-16 04:07:54,Bank Transfer,429.88,United Kingdom,Card
TX006688,20423,2026-08-04 15:00:03,Direct Debit,86.37,United Kingdom,Mobile
TX006689,20378,2026-05-29 18:13:54,Direct Debit,187.79,United Kingdom,Card
TX006690,20562,2026-06-05 10:37:12,Card Purchase,211.13,United Kingdom,Card
TX006691,20101,2026-08-20 21:29:05,Bank Transfer,11974.65,France,Online
TX006692,20071,2026-07-21 17:33:04,Card Purchase,539.69,Ireland,Mobile
TX006693,20507,2026-04-18 12:12:15,Card Purchase,74.19,United States,ATM
TX006694,20027,2026-05-16 21:48:42,Bank Transfer,384.66,United Kingdom,Card
TX006695,20413,2026-11-20 13:21:36,Card Purchase,10287.34,Ireland,ATM
TX006696,20622,2026-10-09 20:47:40,Card Purchase,296.09,United Kingdom,ATM
TX006697,20174,2026-08-21 05:22:34,Card Purchase,20.21,Singapore,Mobile
TX006698,20114,2026-04-07 07:18:43,Deposit,15.03,United Kingdom,Online
TX006699,20036,2026-03-22 21:44:22,Bank Transfer,110.69,Germany,Mobile
TX006700,20025,2026-04-16 08:56:57,Cash Withdrawal,37.33,United Kingdom,Online
TX006701,20263,2026-08-01 07:02:49,Card Purchase,60.62,United Kingdom,Card
TX006702,20219,2026-02-09 18:27:48,Card Purchase,143.43,Singapore,Online
TX006703,20062,2026-09-09 06:58:13,Cash Withdrawal,28.93,Netherlands,Card
TX006704,20171,2026-05-26 16:42:29,Bank Transfer,18.54,Nigeria,Card
TX006705,20541,2026-10-28 03:15:50,Bank Transfer,75.65,Germany,Mobile
TX006706,20068,2026-08-16 06:13:44,Bank Transfer,96.83,United Kingdom,Card
TX006707,20260,2026-09-11 22:09:32,Bank Transfer,515.09,Singapore,ATM
TX006708,20517,2026-02-07 15:53:00,Deposit,24.94,Ireland,Online
TX006709,20231,2026-10-21 22:04:38,Card Purchase,78.35,Nigeria,Online
TX006710,20089,2026-01-17 18:24:33,Cash Withdrawal,43.03,United Kingdom,Branch
TX006711,20206,2026-06-16 06:23:17,Bank Transfer,91.78,United Kingdom,Online
TX006712,20614,2026-10-30 22:05:59,Card Purchase,100.03,United Kingdom,Card
TX006713,20564,2026-01-22 00:39:43,Deposit,114.55,United Kingdom,Online
TX006714,20342,2026-09-11 00:49:38,Card Purchase,338.73,United Kingdom,Online
TX006715,20592,2026-12-17 04:59:05,Card Purchase,24.87,United Kingdom,Card
TX006716,20217,2026-05-28 18:00:29,Card Purchase,148.71,United Kingdom,Online
TX006717,20047,2026-02-05 22:04:02,Deposit,167.42,United Kingdom,Card
TX006718,20351,2026-08-05 01:55:10,Deposit,247.0,United Kingdom,Mobile
TX006719,20547,2026-08-07 20:16:41,Card Purchase,54.99,Nigeria,Mobile
TX006720,20296,2026-05-10 20:27:32,Card Purchase,151.02,United Kingdom,Branch
TX006721,20089,2026-11-05 20:29:55,Bank Transfer,70.38,United Kingdom,Online
TX006722,20115,2026-04-01 22:39:31,Direct Debit,47.09,Nigeria,Online
TX006723,20432,2026-05-10 06:49:27,Card Purchase,469.04,UAE,Branch
TX006724,20513,2026-05-22 12:17:18,Card Purchase,140.13,United Kingdom,Online
TX006725,20367,2026-01-11 06:30:33,Bank Transfer,67.29,United Kingdom,Online
TX006726,20252,2026-04-09 03:55:35,Cash Withdrawal,29.6,United Kingdom,Mobile
TX006727,20216,2026-02-27 06:17:29,Card Purchase,190.69,United Kingdom,Online
TX006728,20234,2026-05-09 13:00:50,Card Purchase,50.11,United Kingdom,Mobile
TX006729,20552,2026-06-25 23:44:46,Card Purchase,459.72,United Kingdom,Online
TX006730,20342,2026-03-30 10:55:01,Card Purchase,135.95,United Kingdom,ATM
TX006731,20117,2026-08-30 00:45:49,Bank Transfer,73.57,Ireland,Mobile
TX006732,20578,2026-01-21 05:52:02,Direct Debit,57.66,United Kingdom,Card
TX006733,20346,2026-12-03 23:49:49,Bank Transfer,88.5,United Kingdom,Online
TX006734,20336,2026-03-30 06:22:19,Cash Withdrawal,22.86,United Kingdom,Card
TX006735,20067,2026-08-13 17:30:44,Card Purchase,62.88,UAE,Mobile
TX006736,20568,2026-11-24 08:27:06,Cash Withdrawal,59.38,United Kingdom,Card
TX006737,20358,2026-09-16 23:36:38,Direct Debit,112.18,United Kingdom,Mobile
TX006738,20668,2026-03-14 05:34:43,Card Purchase,509.07,Ireland,Mobile
TX006739,20425,2026-08-01 13:32:42,Card Purchase,14.43,Germany,Mobile
TX006740,20381,2026-07-09 06:45:41,Card Purchase,70.21,UAE,Branch
TX006741,20056,2026-11-01 06:07:06,Card Purchase,62.25,United Kingdom,Online
TX006742,20418,2026-11-25 21:42:57,Cash Withdrawal,9.03,United Kingdom,Online
TX006743,20414,2026-02-28 17:23:02,Card Purchase,113.48,United Kingdom,Card
TX006744,20297,2026-11-08 22:19:47,Deposit,131.95,United Kingdom,Online
TX006745,20238,2026-07-27 03:30:59,Card Purchase,109.33,France,Online
TX006746,20001,2026-01-14 16:37:15,Bank Transfer,28.88,Netherlands,Mobile
TX006747,20155,2026-07-15 05:43:56,Direct Debit,221.14,UAE,ATM
TX006748,20349,2026-03-12 22:43:44,Card Purchase,237.65,United Kingdom,Mobile
TX006749,20519,2026-04-29 22:13:29,Card Purchase,2297.6,United Kingdom,Mobile
TX006750,20199,2026-09-14 02:06:09,Direct Debit,276.71,Nigeria,Online
TX006751,20652,2026-12-28 13:07:09,Card Purchase,358.51,Netherlands,Mobile
TX006752,20313,2026-10-01 17:32:53,Cash Withdrawal,91.83,Germany,Mobile
TX006753,20310,2026-07-31 13:32:56,Deposit,267.32,Spain,Online
TX006754,20548,2026-12-25 09:56:16,Bank Transfer,21.48,United Kingdom,Card
TX006755,20266,2026-01-21 23:15:59,Bank Transfer,58.32,Ireland,Mobile
TX006756,20319,2026-04-16 22:03:27,Cash Withdrawal,53.82,Netherlands,Branch
TX006757,20254,2026-12-16 17:47:37,Bank Transfer,27.98,Spain,Online
TX006758,20479,2026-12-25 14:53:49,Bank Transfer,151.3,United Kingdom,Mobile
TX006759,20623,2026-01-31 17:02:12,Cash Withdrawal,24.79,United Kingdom,Card
TX006760,20126,2026-06-09 23:58:30,Cash Withdrawal,337.13,United Kingdom,Card
TX006761,20239,2026-07-23 15:41:11,Card Purchase,303.1,United States,Online
TX006762,20414,2026-05-10 12:08:56,Direct Debit,86.93,Spain,Mobile
TX006763,20637,2026-06-07 05:18:51,Deposit,13.23,United Kingdom,Card
TX006764,20101,2026-02-22 17:49:53,Card Purchase,142.47,United Kingdom,Mobile
TX006765,20651,2026-07-07 07:13:16,Bank Transfer,37.89,United States,Online
TX006766,20548,2026-03-03 22:37:29,Direct Debit,246.65,UAE,Card
TX006767,20613,2026-07-08 04:23:07,Card Purchase,327.91,Nigeria,Online
TX006768,20064,2026-04-08 01:18:36,Card Purchase,62.55,United Kingdom,ATM
TX006769,20247,2026-01-22 11:55:34,Bank Transfer,116.51,United Kingdom,Branch
TX006770,20094,2026-02-15 23:14:05,Bank Transfer,340.54,United Kingdom,Branch
TX006771,20503,2026-03-25 23:49:25,Deposit,96.54,United Kingdom,Card
TX006772,20291,2026-10-10 08:59:40,Card Purchase,148.51,United Kingdom,Mobile
TX006773,20471,2026-02-24 17:38:40,Direct Debit,56.62,Germany,Mobile
TX006774,20248,2026-07-22 09:42:41,Card Purchase,83.99,France,Mobile
TX006775,20049,2026-03-22 09:04:23,Card Purchase,69.66,Netherlands,Online
TX006776,20141,2026-10-16 20:27:21,Cash Withdrawal,666.21,United Kingdom,Branch
TX006777,20310,2026-08-17 21:52:15,Direct Debit,133.82,United Kingdom,Online
TX006778,20096,2026-09-04 20:59:11,Deposit,51.65,United Kingdom,Mobile
TX006779,20194,2026-11-02 15:14:42,Cash Withdrawal,14.53,Singapore,ATM
TX006780,20225,2026-08-27 00:49:34,Bank Transfer,138.69,United Kingdom,Online
TX006781,20660,2026-09-06 09:42:17,Card Purchase,11.05,United States,Branch
TX006782,20392,2026-04-08 02:53:48,Card Purchase,185.24,Netherlands,Mobile
TX006783,20186,2026-04-14 11:52:32,Cash Withdrawal,34.35,UAE,Mobile
TX006784,20085,2026-09-27 20:06:22,Card Purchase,193.68,Nigeria,Mobile
TX006785,20393,2026-08-19 10:14:09,Card Purchase,23.77,United Kingdom,Card
TX006786,20346,2026-07-09 12:04:08,Card Purchase,200.18,United States,Card
TX006787,20465,2026-04-27 04:12:44,Card Purchase,67.71,United Kingdom,ATM
TX006788,20146,2026-08-11 00:06:07,Deposit,38.34,United Kingdom,Online
TX006789,20050,2026-05-02 17:59:49,Card Purchase,98.89,United Kingdom,Online
TX006790,20494,2026-01-31 21:57:45,Card Purchase,42.88,United Kingdom,Mobile
TX006791,20472,2026-04-01 01:37:13,Direct Debit,134.95,United Kingdom,Card
TX006792,20026,2026-11-14 20:26:23,Bank Transfer,11.93,United Kingdom,Online
TX006793,20628,2026-12-29 07:58:33,Bank Transfer,364.93,UAE,Card
TX006794,20368,2026-09-10 03:59:42,Card Purchase,590.26,France,Card
TX006795,20262,2026-10-05 23:07:40,Direct Debit,66.11,United Kingdom,Mobile
TX006796,20107,2026-02-20 19:03:01,Card Purchase,58.45,United States,Mobile
TX006797,20436,2026-12-11 09:33:26,Bank Transfer,19.72,United Kingdom,Card
TX006798,20041,2026-02-07 03:28:04,Card Purchase,85.85,Ireland,Card
TX006799,20246,2026-05-23 09:20:07,Card Purchase,275.22,United Kingdom,Online
TX006800,20479,2026-06-23 09:42:23,Bank Transfer,8.94,United Kingdom,Card
TX006801,20674,2026-09-24 22:41:54,Card Purchase,55.69,Germany,Mobile
TX006802,20593,2026-07-30 18:31:41,Direct Debit,60.88,United Kingdom,ATM
TX006803,20336,2026-02-23 01:48:01,Card Purchase,13.08,United Kingdom,Card
TX006804,20218,2026-11-13 13:49:09,Deposit,26.86,Spain,Online
TX006805,20287,2026-08-12 18:41:20,Card Purchase,245.5,France,Online
TX006806,20329,2026-05-29 04:46:28,Card Purchase,103.68,Ireland,Card
TX006807,20576,2026-03-24 18:35:15,Cash Withdrawal,143.85,UAE,Card
TX006808,20551,2026-08-08 13:22:05,Direct Debit,65.27,United Kingdom,ATM
TX006809,20037,2026-08-09 13:20:40,Deposit,102.92,United Kingdom,Online
TX006810,20667,2026-05-14 15:28:14,Card Purchase,294.96,France,ATM
TX006811,20237,2026-11-13 22:19:32,Direct Debit,36.98,United States,Mobile
TX006812,20393,2026-02-11 20:34:24,Card Purchase,68.87,UAE,Branch
TX006813,20340,2026-11-30 07:53:19,Direct Debit,68.21,France,Card
TX006814,20550,2026-08-27 02:58:12,Bank Transfer,71.75,United Kingdom,Card
TX006815,20261,2026-11-08 09:36:29,Card Purchase,52.89,France,Mobile
TX006816,20642,2026-06-30 17:38:20,Deposit,25.94,United Kingdom,Mobile
TX006817,20168,2026-02-17 03:10:51,Card Purchase,105.69,United Kingdom,Card
TX006818,20196,2026-02-09 21:43:22,Card Purchase,39.26,United Kingdom,Online
TX006819,20078,2026-05-18 04:11:19,Bank Transfer,24.44,United Kingdom,Card
TX006820,20165,2026-03-18 02:48:19,Direct Debit,84.12,UAE,ATM
TX006821,20613,2026-03-12 00:37:27,Card Purchase,52.09,Spain,Card
TX006822,20380,2026-12-02 08:15:11,Direct Debit,213.85,United Kingdom,Mobile
TX006823,20094,2026-06-23 04:45:06,Direct Debit,20663.65,United Kingdom,Card
TX006824,20031,2026-08-10 19:44:17,Cash Withdrawal,22.87,United Kingdom,Card
TX006825,20243,2026-09-13 22:49:46,Bank Transfer,1606.47,United Kingdom,Online
TX006826,20587,2026-12-13 14:40:24,Bank Transfer,54.38,Singapore,Card
TX006827,20558,2026-01-28 01:12:38,Deposit,55.4,United Kingdom,Mobile
TX006828,20521,2026-09-16 03:03:47,Bank Transfer,133.24,France,Card
TX006829,20281,2026-04-09 22:18:40,Card Purchase,13385.29,United Kingdom,Card
TX006830,20549,2026-01-16 15:15:04,Card Purchase,25.32,Spain,Mobile
TX006831,20046,2026-02-01 13:55:08,Bank Transfer,162.17,UAE,Mobile
TX006832,20352,2026-11-27 01:29:01,Card Purchase,666.23,Singapore,Online
TX006833,20148,2026-04-06 17:56:42,Card Purchase,122.82,United Kingdom,Mobile
TX006834,20607,2026-04-24 15:24:06,Bank Transfer,373.25,France,Mobile
TX006835,20537,2026-07-16 05:53:17,Bank Transfer,98.02,Ireland,Mobile
TX006836,20493,2026-07-07 20:11:42,Deposit,394.62,United Kingdom,Branch
TX006837,20552,2026-02-15 02:44:57,Card Purchase,61.43,Ireland,Online
TX006838,20209,2026-02-05 20:10:00,Card Purchase,63.97,UAE,Online
TX006839,20525,2026-12-29 18:45:05,Bank Transfer,553.1,France,Mobile
TX006840,20227,2026-07-23 19:59:30,Card Purchase,21.45,United Kingdom,Online
TX006841,20416,2026-11-04 07:59:18,Bank Transfer,228.85,United Kingdom,Card
TX006842,20197,2026-01-29 03:44:34,Deposit,75.52,United States,Mobile
TX006843,20423,2026-12-25 13:08:33,Cash Withdrawal,67.28,United Kingdom,Mobile
TX006844,20316,2026-12-20 01:01:53,Card Purchase,449.89,United Kingdom,Card
TX006845,20541,2026-11-25 11:52:07,Deposit,63.23,UAE,Mobile
TX006846,20606,2026-05-27 03:51:02,Card Purchase,4.92,United Kingdom,Mobile
TX006847,20237,2026-05-29 09:20:33,Card Purchase,78.61,Nigeria,ATM
TX006848,20622,2026-11-04 15:43:46,Bank Transfer,175.37,United Kingdom,Mobile
TX006849,20399,2026-01-27 09:56:41,Bank Transfer,35.65,United Kingdom,Card
TX006850,20668,2026-01-10 20:58:22,Card Purchase,18.08,Nigeria,Mobile
TX006851,20440,2026-12-13 04:55:18,Bank Transfer,100.86,United Kingdom,Card
TX006852,20588,2026-11-26 07:06:46,Bank Transfer,224.81,Ireland,Card
TX006853,20547,2026-04-04 05:31:05,Card Purchase,1169.42,United Kingdom,Branch
TX006854,20030,2026-02-03 22:30:04,Direct Debit,48.74,France,Mobile
TX006855,20479,2026-02-21 17:11:57,Card Purchase,16.8,Singapore,Card
TX006856,20364,2026-07-16 15:26:35,Bank Transfer,133.51,United Kingdom,Mobile
TX006857,20168,2026-05-31 19:43:40,Card Purchase,76.57,Germany,Branch
TX006858,20371,2026-05-01 04:51:09,Card Purchase,170.9,United Kingdom,Mobile
TX006859,20464,2026-10-25 15:05:14,Card Purchase,39.03,Ireland,Branch
TX006860,20061,2026-05-24 08:14:00,Deposit,21.63,United Kingdom,Card
TX006861,20003,2026-10-08 21:11:16,Card Purchase,164.32,United Kingdom,Branch
TX006862,20311,2026-07-18 07:13:55,Bank Transfer,48.61,United Kingdom,ATM
TX006863,20222,2026-08-09 11:22:32,Direct Debit,161.54,United Kingdom,Branch
TX006864,20311,2026-02-28 13:37:12,Direct Debit,148.73,Spain,Mobile
TX006865,20460,2026-06-10 06:18:51,Card Purchase,90.06,United Kingdom,Branch
TX006866,20632,2026-01-11 08:52:26,Deposit,61.3,United Kingdom,Online
TX006867,20666,2026-07-19 18:11:27,Cash Withdrawal,239.47,United Kingdom,Online
TX006868,20147,2026-10-15 21:00:50,Direct Debit,275.5,United Kingdom,Mobile
TX006869,20510,2026-04-17 03:23:05,Direct Debit,64.27,United Kingdom,Card
TX006870,20620,2026-08-12 17:44:59,Card Purchase,48.44,France,Card
TX006871,20668,2026-11-21 04:34:38,Cash Withdrawal,253.77,Singapore,Mobile
TX006872,20211,2026-09-26 23:04:18,Cash Withdrawal,118.66,United Kingdom,Mobile
TX006873,20121,2026-06-03 18:47:00,Direct Debit,52.35,United Kingdom,Card
TX006874,20489,2026-01-08 17:26:43,Card Purchase,23.0,United Kingdom,ATM
TX006875,20326,2026-02-25 13:13:55,Direct Debit,911.3,United Kingdom,Branch
TX006876,20593,2026-11-29 19:17:49,Card Purchase,50.46,United Kingdom,Card
TX006877,20288,2026-04-01 18:06:50,Bank Transfer,65.68,United Kingdom,Mobile
TX006878,20185,2026-07-09 15:44:09,Direct Debit,49.32,United Kingdom,Card
TX006879,20330,2026-12-05 09:53:37,Card Purchase,101.44,Ireland,Card
TX006880,20244,2026-06-30 03:21:28,Cash Withdrawal,103.71,UAE,Branch
TX006881,20132,2026-07-22 20:54:41,Direct Debit,57.15,United Kingdom,Online
TX006882,20648,2026-01-23 17:09:58,Direct Debit,138.36,United Kingdom,Online
TX006883,20372,2026-02-24 23:43:17,Deposit,84.09,United Kingdom,Card
TX006884,20195,2026-05-07 21:00:44,Card Purchase,382.75,France,Mobile
TX006885,20532,2026-06-03 13:53:24,Deposit,27.94,United Kingdom,Branch
TX006886,20172,2026-11-19 02:39:44,Direct Debit,131.3,United Kingdom,Mobile
TX006887,20006,2026-09-30 05:16:01,Bank Transfer,66.21,France,Card
TX006888,20183,2026-08-28 12:17:11,Card Purchase,116.46,United Kingdom,Online
TX006889,20223,2026-08-08 13:10:01,Deposit,43.92,United Kingdom,Online
TX006890,20073,2026-05-07 08:47:04,Cash Withdrawal,26.09,United Kingdom,Mobile
TX006891,20128,2026-04-12 20:31:18,Bank Transfer,54.14,Spain,Mobile
TX006892,20453,2026-01-04 19:02:19,Bank Transfer,20588.35,United Kingdom,Online
TX006893,20378,2026-11-23 01:00:48,Card Purchase,61.02,United States,Online
TX006894,20009,2026-09-26 07:44:14,Direct Debit,47.35,Ireland,Mobile
TX006895,20090,2026-09-03 10:21:09,Bank Transfer,99.69,France,Mobile
TX006896,20296,2026-06-14 21:14:22,Bank Transfer,266.61,United Kingdom,Online
TX006897,20470,2026-10-08 17:41:37,Bank Transfer,18420.08,Nigeria,Mobile
TX006898,20316,2026-12-28 06:15:41,Bank Transfer,376.1,United Kingdom,Card
TX006899,20484,2026-09-10 05:27:48,Cash Withdrawal,22.37,Singapore,Card
TX006900,20100,2026-04-13 03:45:11,Bank Transfer,158.17,United Kingdom,Mobile
TX006901,20117,2026-03-21 21:30:47,Deposit,28.12,United Kingdom,Card
TX006902,20335,2026-04-16 09:51:47,Card Purchase,286.77,United Kingdom,Card
TX006903,20031,2026-08-13 14:14:16,Card Purchase,6.0,United Kingdom,Mobile
TX006904,20289,2026-03-31 15:14:46,Card Purchase,144.49,United Kingdom,Card
TX006905,20379,2026-06-28 16:34:33,Card Purchase,117.6,United Kingdom,ATM
TX006906,20004,2026-02-21 14:58:17,Card Purchase,297.72,United States,Card
TX006907,20434,2026-04-02 11:12:38,Direct Debit,76.84,United Kingdom,Mobile
TX006908,20642,2026-07-24 11:15:01,Bank Transfer,8.24,United Kingdom,Card
TX006909,20213,2026-04-14 09:05:26,Bank Transfer,447.51,United Kingdom,Card
TX006910,20035,2026-10-11 14:45:02,Direct Debit,250.37,United States,ATM
TX006911,20204,2026-04-11 20:48:52,Bank Transfer,192.62,United Kingdom,Card
TX006912,20111,2026-09-24 17:20:18,Deposit,131.7,United Kingdom,Card
TX006913,20381,2026-10-16 22:21:07,Card Purchase,33.47,United Kingdom,Mobile
TX006914,20447,2026-11-11 20:44:51,Card Purchase,65.49,United Kingdom,Mobile
TX006915,20285,2026-10-22 00:27:12,Deposit,132.32,Singapore,Mobile
TX006916,20355,2026-04-27 16:35:17,Card Purchase,30.09,Germany,Card
TX006917,20468,2026-09-18 03:40:56,Card Purchase,797.51,United Kingdom,Online
TX006918,20474,2026-04-27 07:35:13,Bank Transfer,413.77,United Kingdom,Card
TX006919,20540,2026-01-06 06:32:16,Direct Debit,135.55,United Kingdom,Mobile
TX006920,20335,2026-03-19 14:36:44,Bank Transfer,94.09,United Kingdom,Card
TX006921,20642,2026-07-12 06:13:45,Cash Withdrawal,3.49,Nigeria,Mobile
TX006922,20597,2026-09-18 23:40:35,Bank Transfer,74.63,United Kingdom,Online
TX006923,20058,2026-07-20 21:36:39,Direct Debit,368.97,United Kingdom,Mobile
TX006924,20305,2026-07-29 03:45:44,Card Purchase,72.24,Spain,Mobile
TX006925,20294,2026-03-18 16:14:18,Bank Transfer,26.03,Spain,Mobile
TX006926,20386,2026-11-12 11:11:58,Bank Transfer,12.64,United Kingdom,Mobile
TX006927,20256,2026-05-15 16:18:20,Card Purchase,81.04,Nigeria,ATM
TX006928,20561,2026-07-15 13:36:23,Card Purchase,38.97,Spain,ATM
TX006929,20018,2026-10-03 05:09:22,Bank Transfer,570.64,United Kingdom,ATM
TX006930,20092,2026-09-06 10:29:45,Cash Withdrawal,183.27,United Kingdom,Card
TX006931,20647,2026-01-16 06:07:05,Deposit,236.44,United Kingdom,Mobile
TX006932,20511,2026-12-09 19:28:13,Direct Debit,63.14,United States,Mobile
TX006933,20139,2026-06-22 08:26:12,Deposit,110.28,United Kingdom,Card
TX006934,20288,2026-11-20 09:07:32,Card Purchase,167.57,Ireland,Mobile
TX006935,20530,2026-02-25 15:29:02,Bank Transfer,31.18,Spain,Online
TX006936,20410,2026-06-22 10:53:28,Card Purchase,51.86,United Kingdom,Card
TX006937,20591,2026-04-08 16:06:03,Direct Debit,69.98,UAE,Card
TX006938,20265,2026-08-23 00:28:09,Card Purchase,493.15,Spain,Online
TX006939,20535,2026-02-18 07:35:50,Bank Transfer,30.27,Nigeria,ATM
TX006940,20184,2026-09-03 05:45:26,Bank Transfer,52.83,United Kingdom,Online
TX006941,20516,2026-03-06 11:10:17,Card Purchase,543.6,United Kingdom,Branch
TX006942,20362,2026-11-01 19:51:08,Direct Debit,118.28,United Kingdom,Card
TX006943,20328,2026-06-08 01:26:51,Direct Debit,210.71,United Kingdom,Branch
TX006944,20477,2026-04-10 20:17:54,Bank Transfer,130.49,United States,Card
TX006945,20289,2026-06-06 15:36:14,Direct Debit,26.18,United Kingdom,Online
TX006946,20138,2026-02-04 05:39:42,Card Purchase,138.68,Netherlands,ATM
TX006947,20545,2026-11-23 18:13:54,Card Purchase,21.75,Nigeria,Mobile
TX006948,20191,2026-04-25 06:22:02,Deposit,10.94,Ireland,Branch
TX006949,20357,2026-03-12 11:37:40,Card Purchase,822.91,Spain,Online
TX006950,20654,2026-02-11 23:42:36,Direct Debit,116.39,United Kingdom,Online
TX006951,20016,2026-08-27 04:18:38,Card Purchase,32.44,Ireland,Branch
TX006952,20601,2026-02-08 10:54:36,Deposit,85.92,United Kingdom,Card
TX006953,20245,2026-09-29 08:37:46,Card Purchase,63.51,Ireland,Online
TX006954,20120,2026-12-03 08:41:29,Bank Transfer,31.73,Singapore,ATM
TX006955,20085,2026-11-15 06:30:01,Deposit,490.97,United Kingdom,Online
TX006956,20236,2026-04-16 23:03:52,Direct Debit,30.99,United Kingdom,Branch
TX006957,20088,2026-10-19 23:01:43,Deposit,70.22,United Kingdom,Card
TX006958,20378,2026-01-11 05:14:46,Deposit,350.42,United Kingdom,Mobile
TX006959,20061,2026-01-23 22:43:31,Card Purchase,113.9,United Kingdom,Card
TX006960,20083,2026-08-18 15:52:05,Direct Debit,221.26,Germany,Mobile
TX006961,20182,2026-08-22 17:25:38,Card Purchase,45.7,Netherlands,Card
TX006962,20170,2026-12-16 23:47:06,Deposit,137.57,United Kingdom,Online
TX006963,20504,2026-02-01 03:35:43,Deposit,68.04,Nigeria,Card
TX006964,20242,2026-11-26 19:40:19,Bank Transfer,94.91,United Kingdom,Mobile
TX006965,20173,2026-01-08 01:35:17,Card Purchase,636.16,Spain,Card
TX006966,20135,2026-05-18 04:02:33,Bank Transfer,36.08,United States,Branch
TX006967,20417,2026-09-30 02:51:03,Card Purchase,250.07,United Kingdom,Branch
TX006968,20623,2026-10-22 00:59:45,Card Purchase,107.58,United Kingdom,Online
TX006969,20180,2026-12-30 02:06:03,Cash Withdrawal,72.67,United States,Online
TX006970,20628,2026-12-04 02:17:22,Card Purchase,181.92,United States,Online
TX006971,20510,2026-10-27 22:31:07,Card Purchase,73.39,Singapore,Card
TX006972,20655,2026-09-22 14:01:47,Card Purchase,63.89,United Kingdom,Branch
TX006973,20315,2026-03-04 02:29:45,Direct Debit,90.17,United Kingdom,Online
TX006974,20477,2026-06-07 15:02:29,Direct Debit,173.43,United Kingdom,ATM
TX006975,20421,2026-11-03 13:46:39,Card Purchase,15.34,Singapore,Mobile
TX006976,20095,2026-11-27 23:07:16,Bank Transfer,24.69,United Kingdom,Mobile
TX006977,20483,2026-12-16 03:14:29,Deposit,74.34,Germany,Online
TX006978,20643,2026-05-09 13:51:09,Card Purchase,91.4,UAE,Online
TX006979,20134,2026-02-20 12:56:40,Bank Transfer,113.05,UAE,Online
TX006980,20622,2026-07-14 19:18:40,Bank Transfer,169.55,United Kingdom,Online
TX006981,20476,2026-10-09 22:55:29,Direct Debit,201.55,Ireland,Mobile
TX006982,20169,2026-03-23 10:02:48,Deposit,165.0,United Kingdom,Mobile
TX006983,20262,2026-09-15 08:40:17,Direct Debit,53.13,United Kingdom,Online
TX006984,20094,2026-07-25 12:22:25,Card Purchase,37.81,United States,Card
TX006985,20006,2026-06-30 22:59:40,Card Purchase,137.49,United Kingdom,Card
TX006986,20172,2026-10-13 17:08:37,Card Purchase,45.02,Nigeria,Card
TX006987,20098,2026-11-24 06:48:38,Card Purchase,176.38,Spain,Mobile
TX006988,20199,2026-07-24 01:29:07,Card Purchase,32.2,United Kingdom,ATM
TX006989,20673,2026-05-16 13:06:36,Card Purchase,358.25,Netherlands,Branch
TX006990,20464,2026-12-17 14:14:11,Card Purchase,248.03,UAE,Card
TX006991,20232,2026-10-26 09:33:57,Bank Transfer,388.8,United Kingdom,Online
TX006992,20012,2026-09-18 22:00:21,Bank Transfer,12.31,United Kingdom,Card
TX006993,20057,2026-05-01 17:45:53,Bank Transfer,24.9,United States,Mobile
TX006994,20154,2026-07-04 19:51:11,Card Purchase,34.11,United Kingdom,Online
TX006995,20527,2026-01-06 05:56:49,Direct Debit,22.74,United Kingdom,Card
TX006996,20066,2026-03-19 18:48:04,Card Purchase,45.47,United Kingdom,Online
TX006997,20421,2026-03-17 19:35:52,Card Purchase,10.97,Netherlands,Mobile
TX006998,20484,2026-06-07 22:23:27,Card Purchase,110.42,Ireland,Online
TX006999,20216,2026-07-25 06:32:36,Card Purchase,46.52,United Kingdom,Online
TX007000,20530,2026-01-29 22:27:37,Direct Debit,179.0,Germany,Mobile
TX007001,20341,2026-04-28 19:16:12,Card Purchase,171.25,Singapore,ATM
TX007002,20317,2026-07-08 12:59:48,Deposit,139.72,Nigeria,Card
TX007003,20055,2026-07-07 01:55:27,Deposit,64.24,Germany,Card
TX007004,20082,2026-12-04 08:25:06,Bank Transfer,59.71,United Kingdom,Online
TX007005,20506,2026-10-27 03:32:32,Bank Transfer,233.62,United Kingdom,Online
TX007006,20315,2026-12-10 20:24:03,Deposit,95.98,Singapore,Card
TX007007,20091,2026-04-10 00:26:03,Direct Debit,47.04,Netherlands,Online
TX007008,20501,2026-02-13 03:03:31,Bank Transfer,207.49,United Kingdom,Card
TX007009,20090,2026-06-20 13:08:31,Direct Debit,103.44,Spain,Mobile
TX007010,20562,2026-08-02 21:50:15,Card Purchase,319.52,United Kingdom,Mobile
TX007011,20074,2026-02-16 18:19:19,Bank Transfer,103.83,Ireland,Mobile
TX007012,20518,2026-05-20 10:53:22,Direct Debit,64.62,France,Card
TX007013,20580,2026-04-04 01:53:12,Cash Withdrawal,49.0,United States,Mobile
TX007014,20215,2026-01-19 06:51:14,Direct Debit,18.68,United Kingdom,Online
TX007015,20162,2026-09-27 04:30:43,Card Purchase,186.99,United States,Card
TX007016,20546,2026-09-11 07:25:28,Deposit,27.47,United Kingdom,ATM
TX007017,20074,2026-09-22 21:21:20,Cash Withdrawal,17.77,United Kingdom,Online
TX007018,20187,2026-11-23 13:12:14,Deposit,108.9,Singapore,Card
TX007019,20499,2026-09-28 00:04:10,Deposit,103.12,Nigeria,ATM
TX007020,20070,2026-05-05 05:23:42,Bank Transfer,3109.76,United Kingdom,Branch
TX007021,20310,2026-07-22 21:21:02,Direct Debit,19.21,United Kingdom,Online
TX007022,20540,2026-02-14 07:29:27,Deposit,145.47,Nigeria,Mobile
TX007023,20557,2026-08-30 23:52:59,Card Purchase,171.31,United Kingdom,ATM
TX007024,20154,2026-11-21 12:02:41,Direct Debit,58.74,United Kingdom,Mobile
TX007025,20186,2026-12-29 19:20:19,Bank Transfer,75.19,United Kingdom,Card
TX007026,20168,2026-11-17 01:11:11,Card Purchase,140.31,United Kingdom,Card
TX007027,20505,2026-04-24 07:32:20,Card Purchase,218.43,Germany,Branch
TX007028,20382,2026-10-04 18:32:15,Card Purchase,199.54,United Kingdom,Card
TX007029,20662,2026-07-26 00:06:43,Card Purchase,265.99,United States,Online
TX007030,20609,2026-12-08 05:43:59,Cash Withdrawal,318.06,United Kingdom,Card
TX007031,20132,2026-05-20 01:57:54,Card Purchase,27.72,Netherlands,Online
TX007032,20542,2026-06-20 18:50:39,Card Purchase,267.46,France,Mobile
TX007033,20221,2026-09-03 18:43:43,Deposit,14.81,United Kingdom,Mobile
TX007034,20461,2026-07-04 13:46:10,Direct Debit,42.14,Ireland,Online
TX007035,20383,2026-10-11 11:05:30,Deposit,128.45,Ireland,Online
TX007036,20377,2026-02-14 17:35:30,Direct Debit,238.29,United Kingdom,Online
TX007037,20126,2026-07-11 17:12:09,Deposit,1833.89,United Kingdom,Branch
TX007038,20076,2026-02-01 01:18:46,Card Purchase,90.33,France,Online
TX007039,20668,2026-01-08 21:02:17,Card Purchase,519.85,France,ATM
TX007040,20593,2026-05-01 15:44:23,Card Purchase,276.75,Netherlands,Card
TX007041,20669,2026-12-17 05:17:19,Cash Withdrawal,21.59,Germany,Online
TX007042,20150,2026-01-17 07:22:46,Cash Withdrawal,171.69,Spain,Mobile
TX007043,20373,2026-06-17 16:25:44,Card Purchase,134.1,United Kingdom,Branch
TX007044,20113,2026-02-02 13:43:29,Deposit,115.61,Nigeria,Online
TX007045,20424,2026-04-24 22:39:48,Card Purchase,111.14,United Kingdom,Card
TX007046,20357,2026-05-26 00:21:41,Deposit,204.82,United Kingdom,Branch
TX007047,20388,2026-07-23 12:57:16,Card Purchase,400.62,United Kingdom,Mobile
TX007048,20094,2026-07-31 21:15:21,Card Purchase,235.31,United Kingdom,Mobile
TX007049,20645,2026-11-17 02:22:23,Direct Debit,138.18,United Kingdom,Online
TX007050,20068,2026-02-12 03:08:51,Direct Debit,84.5,United Kingdom,Card
TX007051,20283,2026-07-11 12:29:49,Direct Debit,505.98,United Kingdom,ATM
TX007052,20188,2026-01-12 06:59:25,Bank Transfer,206.49,United Kingdom,Online
TX007053,20380,2026-01-13 18:24:11,Card Purchase,40.75,United Kingdom,Mobile
TX007054,20268,2026-06-06 02:01:50,Bank Transfer,192.58,United Kingdom,Card
TX007055,20406,2026-02-27 10:02:42,Bank Transfer,70.74,United Kingdom,Card
TX007056,20449,2026-06-17 01:32:13,Bank Transfer,242.41,Spain,Card
TX007057,20324,2026-12-15 19:48:46,Bank Transfer,11.27,United Kingdom,Card
TX007058,20627,2026-11-01 09:47:26,Deposit,75.97,Germany,Mobile
TX007059,20318,2026-03-13 03:41:57,Card Purchase,673.29,United States,Mobile
TX007060,20110,2026-03-01 10:38:27,Bank Transfer,304.25,Spain,Mobile
TX007061,20674,2026-05-18 17:55:59,Card Purchase,65.2,Netherlands,ATM
TX007062,20192,2026-06-07 05:52:30,Card Purchase,130.62,United Kingdom,Mobile
TX007063,20654,2026-12-09 03:08:17,Card Purchase,27.79,United Kingdom,Mobile
TX007064,20316,2026-12-16 19:38:50,Card Purchase,74.56,United Kingdom,Mobile
TX007065,20369,2026-05-13 23:47:46,Bank Transfer,293.84,United Kingdom,Mobile
TX007066,20331,2026-07-06 18:54:45,Deposit,85.72,United Kingdom,Online
TX007067,20500,2026-06-02 20:52:37,Bank Transfer,141.79,Spain,Mobile
TX007068,20206,2026-02-09 19:00:58,Direct Debit,357.34,United Kingdom,Online
TX007069,20412,2026-05-27 00:21:31,Card Purchase,47.46,France,Mobile
TX007070,20400,2026-04-05 00:30:58,Bank Transfer,52.75,United Kingdom,Mobile
TX007071,20352,2026-12-20 20:28:39,Card Purchase,51.01,United Kingdom,Online
TX007072,20380,2026-09-02 15:47:59,Direct Debit,105.26,Nigeria,Card
TX007073,20467,2026-11-07 19:11:07,Cash Withdrawal,56.56,United Kingdom,ATM
TX007074,20437,2026-02-09 01:13:39,Card Purchase,23.46,Spain,Mobile
TX007075,20601,2026-01-16 14:20:55,Card Purchase,552.42,Germany,Mobile
TX007076,20242,2026-04-10 07:58:11,Card Purchase,275.39,United Kingdom,Branch
TX007077,20003,2026-02-22 17:18:14,Cash Withdrawal,12.76,United Kingdom,Card
TX007078,20408,2026-06-28 02:02:09,Bank Transfer,42.74,United Kingdom,Mobile
TX007079,20153,2026-09-17 05:37:52,Direct Debit,407.01,France,Online
TX007080,20593,2026-11-27 22:22:40,Card Purchase,231.51,Nigeria,Online
TX007081,20325,2026-09-15 20:18:59,Bank Transfer,46.25,United Kingdom,Mobile
TX007082,20289,2026-06-28 11:33:13,Deposit,47.05,Nigeria,Card
TX007083,20559,2026-03-10 12:22:02,Cash Withdrawal,31.69,United Kingdom,Online
TX007084,20291,2026-01-01 13:23:46,Deposit,22.37,Spain,Mobile
TX007085,20542,2026-02-17 10:18:26,Cash Withdrawal,122.41,United Kingdom,Mobile
TX007086,20055,2026-01-27 07:06:22,Card Purchase,76.13,Spain,Card
TX007087,20011,2026-10-03 08:56:34,Bank Transfer,727.84,France,Mobile
TX007088,20611,2026-10-26 23:23:04,Bank Transfer,498.61,United Kingdom,Online
TX007089,20264,2026-04-13 23:43:20,Direct Debit,132.14,United Kingdom,Online
TX007090,20483,2026-12-08 01:47:55,Card Purchase,206.96,United Kingdom,Mobile
TX007091,20044,2026-11-22 18:23:15,Bank Transfer,42.81,Spain,Mobile
TX007092,20649,2026-10-22 09:40:15,Card Purchase,46.08,United Kingdom,ATM
TX007093,20152,2026-03-28 05:25:33,Card Purchase,264.64,Germany,Card
TX007094,20545,2026-01-29 16:55:29,Card Purchase,113.59,United Kingdom,ATM
TX007095,20187,2026-03-31 07:22:45,Card Purchase,163.25,France,Card
TX007096,20440,2026-11-20 13:41:24,Bank Transfer,340.27,United Kingdom,Card
TX007097,20130,2026-10-15 07:03:55,Card Purchase,301.54,United Kingdom,Card
TX007098,20476,2026-05-07 03:22:01,Card Purchase,43.34,United Kingdom,Branch
TX007099,20114,2026-01-20 10:26:02,Bank Transfer,244.82,United Kingdom,Online
TX007100,20087,2026-12-31 13:48:06,Card Purchase,13.55,United Kingdom,ATM
TX007101,20635,2026-11-06 19:01:45,Card Purchase,50.24,United Kingdom,Branch
TX007102,20082,2026-04-28 11:17:07,Bank Transfer,435.72,United Kingdom,Online
TX007103,20643,2026-01-11 15:17:38,Deposit,47.08,United Kingdom,Online
TX007104,20066,2026-03-06 17:53:30,Deposit,88.86,Nigeria,Online
TX007105,20520,2026-01-07 01:22:17,Card Purchase,8.43,United Kingdom,Card
TX007106,20311,2026-08-26 13:56:49,Deposit,165.65,Spain,Mobile
TX007107,20672,2026-01-16 18:00:26,Deposit,27.49,United Kingdom,Online
TX007108,20520,2026-01-26 01:28:05,Card Purchase,11.98,United Kingdom,Card
TX007109,20437,2026-02-10 13:05:25,Bank Transfer,515.94,Nigeria,Mobile
TX007110,20530,2026-06-19 21:43:37,Card Purchase,127.85,United Kingdom,Mobile
TX007111,20503,2026-09-16 14:43:48,Card Purchase,163.66,France,Card
TX007112,20021,2026-11-13 03:57:10,Cash Withdrawal,332.27,United Kingdom,Online
TX007113,20374,2026-03-11 02:00:45,Cash Withdrawal,235.39,United Kingdom,Online
TX007114,20245,2026-08-03 13:19:54,Direct Debit,51.66,Singapore,Online
TX007115,20123,2026-11-20 10:00:24,Card Purchase,94.35,UAE,Card
TX007116,20181,2026-04-04 19:41:04,Bank Transfer,8.74,Nigeria,ATM
TX007117,20185,2026-01-05 17:26:03,Direct Debit,91.87,Spain,Card
TX007118,20486,2026-02-24 06:06:19,Card Purchase,212.18,United States,Online
TX007119,20457,2026-03-31 02:45:02,Direct Debit,168.69,United Kingdom,Mobile
TX007120,20003,2026-09-17 14:00:21,Card Purchase,199.31,United States,Card
TX007121,20327,2026-05-01 10:22:09,Direct Debit,144.38,United States,Card
TX007122,20447,2026-03-04 12:23:39,Bank Transfer,36.28,Singapore,ATM
TX007123,20287,2026-04-11 14:57:46,Bank Transfer,28.31,France,Card
TX007124,20278,2026-11-08 04:19:57,Direct Debit,577.0,United Kingdom,Card
TX007125,20312,2026-05-06 10:37:21,Bank Transfer,31.19,Germany,Mobile
TX007126,20086,2026-02-25 10:29:42,Card Purchase,16.2,Ireland,Card
TX007127,20532,2026-11-24 12:20:45,Deposit,30.75,United Kingdom,Mobile
TX007128,20449,2026-05-11 10:54:40,Card Purchase,26.09,United Kingdom,Card
TX007129,20574,2026-02-15 20:07:59,Direct Debit,702.86,Ireland,Mobile
TX007130,20587,2026-04-14 14:31:55,Cash Withdrawal,175.53,Nigeria,ATM
TX007131,20512,2026-08-04 13:15:39,Bank Transfer,82.18,United Kingdom,Online
TX007132,20270,2026-11-01 01:43:13,Card Purchase,60.92,France,Online
TX007133,20424,2026-06-28 23:30:36,Cash Withdrawal,135.16,United Kingdom,Mobile
TX007134,20219,2026-08-04 02:28:37,Card Purchase,197.42,United Kingdom,Mobile
TX007135,20423,2026-02-02 03:43:21,Card Purchase,39.26,Netherlands,ATM
TX007136,20569,2026-11-14 08:13:23,Card Purchase,101.76,Nigeria,Online
TX007137,20285,2026-12-28 00:32:53,Deposit,99.48,United Kingdom,Online
TX007138,20673,2026-04-11 00:09:17,Direct Debit,667.42,Singapore,Mobile
TX007139,20612,2026-03-02 13:25:12,Bank Transfer,53.5,United Kingdom,Online
TX007140,20031,2026-07-03 00:28:20,Card Purchase,116.22,United Kingdom,Mobile
TX007141,20277,2026-11-29 21:44:08,Card Purchase,269.44,United Kingdom,Card
TX007142,20188,2026-12-13 08:16:02,Bank Transfer,271.05,United States,Card
TX007143,20131,2026-10-29 05:28:02,Direct Debit,115.57,United Kingdom,Mobile
TX007144,20208,2026-06-11 05:52:49,Card Purchase,154.95,United Kingdom,ATM
TX007145,20331,2026-05-14 07:39:03,Deposit,98.48,France,Online
TX007146,20180,2026-08-06 14:39:51,Deposit,171.46,United Kingdom,Mobile
TX007147,20066,2026-01-21 13:48:01,Card Purchase,56.63,Netherlands,Card
TX007148,20456,2026-09-24 17:44:57,Bank Transfer,214.47,United Kingdom,ATM
TX007149,20275,2026-07-21 23:21:05,Card Purchase,66.56,United Kingdom,ATM
TX007150,20543,2026-03-27 18:47:31,Bank Transfer,245.73,United Kingdom,Branch
TX007151,20267,2026-08-08 22:50:01,Card Purchase,159.73,United Kingdom,Online
TX007152,20565,2026-06-11 18:46:35,Deposit,44.8,United Kingdom,Mobile
TX007153,20092,2026-04-03 19:25:53,Direct Debit,139.55,Germany,Mobile
TX007154,20403,2026-06-17 16:57:05,Card Purchase,42.84,United Kingdom,Branch
TX007155,20492,2026-01-08 05:07:26,Card Purchase,28.7,United Kingdom,ATM
TX007156,20073,2026-03-18 20:51:20,Card Purchase,133.84,United Kingdom,Mobile
TX007157,20512,2026-04-06 07:40:02,Card Purchase,165.15,United Kingdom,ATM
TX007158,20314,2026-04-22 20:19:33,Card Purchase,17.29,Germany,Card
TX007159,20490,2026-09-09 21:17:16,Card Purchase,499.88,Ireland,Card
TX007160,20085,2026-02-26 18:59:04,Card Purchase,80.29,United Kingdom,ATM
TX007161,20673,2026-12-30 21:07:10,Card Purchase,79.89,United Kingdom,Mobile
TX007162,20441,2026-03-31 12:58:54,Card Purchase,26.6,United Kingdom,Card
TX007163,20140,2026-06-10 20:26:30,Direct Debit,110.13,Nigeria,Mobile
TX007164,20380,2026-02-03 05:04:20,Cash Withdrawal,863.77,United Kingdom,Branch
TX007165,20195,2026-04-19 10:27:19,Cash Withdrawal,16.33,United Kingdom,Card
TX007166,20502,2026-03-25 11:03:55,Direct Debit,36.88,UAE,Online
TX007167,20643,2026-04-16 22:54:34,Deposit,59.25,Germany,Mobile
TX007168,20519,2026-09-12 02:04:57,Card Purchase,127.56,United Kingdom,Mobile
TX007169,20557,2026-12-15 17:29:03,Card Purchase,108.47,France,Card
TX007170,20227,2026-10-10 05:09:36,Bank Transfer,56.82,United Kingdom,Mobile
TX007171,20026,2026-11-29 06:39:23,Card Purchase,18.81,United Kingdom,Mobile
TX007172,20248,2026-06-08 06:58:08,Bank Transfer,207.42,United Kingdom,Branch
TX007173,20105,2026-06-14 09:18:41,Bank Transfer,298.48,United Kingdom,Online
TX007174,20359,2026-09-14 00:49:19,Bank Transfer,90.83,United States,Mobile
TX007175,20216,2026-07-30 04:37:37,Card Purchase,91.83,Ireland,Online
TX007176,20186,2026-07-17 21:48:03,Card Purchase,2172.98,Nigeria,Branch
TX007177,20166,2026-12-11 07:02:25,Bank Transfer,31.17,UAE,Mobile
TX007178,20021,2026-01-23 20:38:22,Bank Transfer,85.14,United Kingdom,Mobile
TX007179,20585,2026-01-25 06:25:59,Cash Withdrawal,99.23,United Kingdom,Mobile
TX007180,20512,2026-05-13 22:18:44,Direct Debit,82.61,United Kingdom,Card
TX007181,20609,2026-07-08 08:50:16,Direct Debit,135.49,United Kingdom,Card
TX007182,20021,2026-12-02 04:12:08,Card Purchase,16.19,Nigeria,Online
TX007183,20548,2026-07-15 04:22:26,Card Purchase,111.28,United Kingdom,Online
TX007184,20561,2026-05-26 11:42:06,Deposit,120.14,United States,Card
TX007185,20668,2026-09-07 21:23:02,Bank Transfer,57.3,Ireland,Mobile
TX007186,20570,2026-01-24 02:25:27,Card Purchase,244.91,Nigeria,Card
TX007187,20433,2026-05-25 04:54:27,Card Purchase,322.3,United Kingdom,Online
TX007188,20594,2026-06-22 18:46:34,Deposit,20.21,Nigeria,ATM
TX007189,20203,2026-01-30 14:04:18,Card Purchase,611.81,United Kingdom,Mobile
TX007190,20578,2026-01-31 00:15:43,Card Purchase,85.14,United Kingdom,Mobile
TX007191,20278,2026-09-03 19:34:05,Card Purchase,907.41,United Kingdom,Mobile
TX007192,20128,2026-08-10 06:17:27,Direct Debit,111.42,United Kingdom,Card
TX007193,20364,2026-01-04 18:58:40,Cash Withdrawal,251.33,United Kingdom,ATM
TX007194,20015,2026-02-19 08:57:22,Card Purchase,19.42,Spain,Mobile
TX007195,20605,2026-02-09 00:26:31,Card Purchase,114.13,United Kingdom,Mobile
TX007196,20574,2026-03-04 00:26:51,Deposit,1585.48,Spain,Online
TX007197,20072,2026-04-12 11:18:27,Card Purchase,208.33,United Kingdom,Online
TX007198,20177,2026-07-09 08:59:00,Deposit,36.48,United Kingdom,Online
TX007199,20401,2026-05-02 20:44:51,Card Purchase,105.29,France,Online
TX007200,20283,2026-09-15 09:00:09,Cash Withdrawal,102.35,United Kingdom,Online
TX007201,20318,2026-07-06 23:35:13,Bank Transfer,183.41,United Kingdom,Branch
TX007202,20642,2026-11-17 16:13:35,Cash Withdrawal,386.23,Germany,Branch
TX007203,20342,2026-03-07 13:28:51,Card Purchase,35.64,UAE,ATM
TX007204,20672,2026-06-13 14:56:30,Direct Debit,49.83,Nigeria,Mobile
TX007205,20278,2026-04-16 06:47:49,Deposit,133.36,Germany,Online
TX007206,20003,2026-02-22 01:33:05,Card Purchase,447.13,United Kingdom,Card
TX007207,20576,2026-02-21 01:22:03,Cash Withdrawal,10055.98,Nigeria,Mobile
TX007208,20496,2026-12-25 04:08:18,Card Purchase,205.14,United Kingdom,Mobile
TX007209,20623,2026-10-01 00:03:45,Card Purchase,244.36,United States,Card
TX007210,20096,2026-05-23 09:39:26,Card Purchase,66.21,United Kingdom,Card
TX007211,20124,2026-08-28 14:11:11,Direct Debit,253.13,United Kingdom,Online
TX007212,20411,2026-03-26 11:30:56,Card Purchase,632.69,United Kingdom,Mobile
TX007213,20213,2026-08-11 16:27:16,Direct Debit,39.42,Ireland,Online
TX007214,20242,2026-04-16 12:48:38,Bank Transfer,359.87,United Kingdom,Online
TX007215,20028,2026-10-17 17:03:00,Bank Transfer,262.39,Singapore,ATM
TX007216,20232,2026-10-20 09:48:14,Bank Transfer,48.11,Spain,Mobile
TX007217,20201,2026-10-15 09:14:43,Bank Transfer,645.38,United Kingdom,Card
TX007218,20376,2026-04-07 07:08:47,Card Purchase,144.06,Singapore,Card
TX007219,20456,2026-08-16 02:40:26,Card Purchase,40.01,United Kingdom,Mobile
TX007220,20547,2026-10-20 09:58:28,Card Purchase,38.32,United Kingdom,Mobile
TX007221,20635,2026-07-11 00:22:10,Card Purchase,53.24,United States,Mobile
TX007222,20487,2026-07-28 19:06:50,Card Purchase,347.3,United Kingdom,Mobile
TX007223,20559,2026-09-28 01:51:46,Direct Debit,400.27,United Kingdom,ATM
TX007224,20429,2026-06-07 01:29:06,Bank Transfer,45.33,Ireland,Card
TX007225,20221,2026-11-11 06:08:44,Card Purchase,341.05,United Kingdom,Mobile
TX007226,20042,2026-09-01 03:21:52,Direct Debit,35.6,United Kingdom,ATM
TX007227,20239,2026-04-20 04:31:24,Bank Transfer,31.55,United Kingdom,Online
TX007228,20262,2026-01-10 18:38:10,Card Purchase,148.87,Germany,ATM
TX007229,20054,2026-11-18 00:26:48,Card Purchase,32.89,United Kingdom,Mobile
TX007230,20397,2026-05-22 21:21:32,Cash Withdrawal,94.02,United Kingdom,Mobile
TX007231,20159,2026-06-23 00:58:37,Bank Transfer,145.69,United Kingdom,Card
TX007232,20549,2026-05-09 14:48:59,Bank Transfer,28.2,United Kingdom,Mobile
TX007233,20222,2026-06-17 12:11:27,Card Purchase,270.17,United Kingdom,Mobile
TX007234,20626,2026-10-09 01:55:07,Card Purchase,19.16,Germany,Mobile
TX007235,20180,2026-07-24 21:47:04,Direct Debit,90.55,United Kingdom,Card
TX007236,20557,2026-08-23 09:10:36,Card Purchase,217.68,United Kingdom,ATM
TX007237,20463,2026-09-29 06:19:18,Bank Transfer,73.13,Ireland,Branch
TX007238,20243,2026-06-17 11:58:23,Bank Transfer,213.58,United Kingdom,Online
TX007239,20024,2026-12-08 17:10:40,Card Purchase,327.59,Nigeria,Mobile
TX007240,20187,2026-06-23 04:15:13,Cash Withdrawal,135.84,United Kingdom,Mobile
TX007241,20233,2026-01-04 14:51:32,Card Purchase,131.33,Netherlands,Card
TX007242,20667,2026-06-09 08:44:43,Card Purchase,11875.27,United Kingdom,Mobile
TX007243,20162,2026-01-22 12:47:52,Bank Transfer,24.02,United Kingdom,Online
TX007244,20197,2026-01-15 04:05:47,Card Purchase,174.51,United Kingdom,Card
TX007245,20242,2026-08-19 05:09:06,Bank Transfer,59.46,United Kingdom,Online
TX007246,20538,2026-08-14 19:26:53,Direct Debit,164.84,United Kingdom,Card
TX007247,20120,2026-03-04 22:50:00,Bank Transfer,457.71,United Kingdom,Branch
TX007248,20371,2026-02-08 22:46:02,Bank Transfer,120.97,United Kingdom,Mobile
TX007249,20204,2026-10-26 10:28:59,Card Purchase,112.78,Singapore,Card
TX007250,20284,2026-06-17 18:27:55,Bank Transfer,13.67,Spain,Card
TX007251,20267,2026-07-30 15:25:32,Card Purchase,82.03,United Kingdom,Online
TX007252,20536,2026-02-26 15:04:41,Bank Transfer,210.6,United Kingdom,Mobile
TX007253,20105,2026-02-08 17:07:25,Bank Transfer,8.93,Spain,Online
TX007254,20222,2026-09-27 09:10:15,Direct Debit,444.66,Ireland,Mobile
TX007255,20140,2026-06-23 19:03:52,Cash Withdrawal,373.27,Spain,Online
TX007256,20066,2026-02-16 02:17:20,Cash Withdrawal,139.51,United States,Card
TX007257,20131,2026-06-16 15:09:43,Card Purchase,52.07,United Kingdom,Online
TX007258,20022,2026-11-26 20:10:20,Cash Withdrawal,42.68,Spain,ATM
TX007259,20227,2026-05-28 07:50:49,Bank Transfer,13.05,United Kingdom,Card
TX007260,20436,2026-01-24 13:38:16,Direct Debit,50.55,United Kingdom,ATM
TX007261,20511,2026-01-06 05:53:50,Card Purchase,28.23,United Kingdom,Card
TX007262,20383,2026-02-23 11:59:09,Direct Debit,247.9,United States,Card
TX007263,20052,2026-07-26 13:28:24,Card Purchase,245.5,United Kingdom,Card
TX007264,20270,2026-06-13 15:24:15,Bank Transfer,116.93,United Kingdom,Mobile
TX007265,20254,2026-02-12 01:31:26,Card Purchase,28.76,Germany,Mobile
TX007266,20031,2026-03-10 07:21:28,Deposit,18.9,United Kingdom,Card
TX007267,20363,2026-12-16 00:45:12,Card Purchase,1381.38,United Kingdom,Card
TX007268,20206,2026-03-24 10:27:16,Deposit,437.33,France,Online
TX007269,20505,2026-06-20 14:08:22,Deposit,53.5,United Kingdom,Online
TX007270,20662,2026-05-27 10:39:42,Card Purchase,47.88,United Kingdom,Mobile
TX007271,20539,2026-02-03 05:29:38,Card Purchase,22.24,United Kingdom,Mobile
TX007272,20158,2026-04-16 10:40:41,Card Purchase,726.58,Ireland,Online
TX007273,20191,2026-12-06 16:19:24,Card Purchase,81.03,United Kingdom,Branch
TX007274,20582,2026-08-10 15:20:58,Direct Debit,26.17,Netherlands,ATM
TX007275,20138,2026-09-21 12:00:23,Cash Withdrawal,22.15,Germany,Mobile
TX007276,20570,2026-07-06 07:58:35,Card Purchase,20.2,United Kingdom,Online
TX007277,20072,2026-01-18 04:02:23,Bank Transfer,300.7,United Kingdom,Online
TX007278,20059,2026-04-12 11:56:08,Direct Debit,226.49,United Kingdom,Mobile
TX007279,20407,2026-03-27 14:28:10,Card Purchase,22.23,United Kingdom,Online
TX007280,20089,2026-10-07 14:49:21,Direct Debit,79.18,United States,Mobile
TX007281,20353,2026-05-30 16:41:22,Deposit,54.85,United Kingdom,Online
TX007282,20123,2026-04-11 11:13:45,Bank Transfer,36.12,United States,Card
TX007283,20093,2026-05-29 04:06:42,Cash Withdrawal,80.91,Ireland,ATM
TX007284,20600,2026-05-24 20:51:07,Direct Debit,169.31,United Kingdom,Online
TX007285,20546,2026-04-15 23:33:43,Card Purchase,62.11,United States,Online
TX007286,20535,2026-06-17 20:13:19,Card Purchase,170.35,United Kingdom,Mobile
TX007287,20263,2026-03-21 08:16:22,Cash Withdrawal,46.46,United Kingdom,Card
TX007288,20514,2026-02-13 06:54:49,Direct Debit,320.11,United Kingdom,ATM
TX007289,20429,2026-08-01 06:25:30,Bank Transfer,49.03,United Kingdom,Card
TX007290,20233,2026-03-20 19:27:31,Bank Transfer,381.82,United States,Online
TX007291,20153,2026-06-11 16:52:43,Direct Debit,231.84,United Kingdom,Mobile
TX007292,20233,2026-10-07 08:36:39,Deposit,577.2,Singapore,Card
TX007293,20155,2026-12-26 22:52:37,Card Purchase,79.02,United Kingdom,Mobile
TX007294,20593,2026-02-16 16:20:43,Cash Withdrawal,47.69,United Kingdom,Card
TX007295,20675,2026-05-24 11:08:32,Bank Transfer,44.64,United Kingdom,Mobile
TX007296,20086,2026-05-15 01:07:37,Card Purchase,140.54,United Kingdom,Mobile
TX007297,20522,2026-10-01 22:12:40,Card Purchase,27.53,Nigeria,Card
TX007298,20547,2026-07-16 23:14:11,Card Purchase,141.7,United Kingdom,Mobile
TX007299,20057,2026-01-03 06:20:39,Card Purchase,21.67,United Kingdom,Card
TX007300,20498,2026-01-22 01:00:30,Card Purchase,161.95,United Kingdom,Branch
TX007301,20257,2026-05-09 21:54:58,Bank Transfer,691.89,Nigeria,Mobile
TX007302,20409,2026-06-18 12:48:43,Deposit,229.1,Singapore,Mobile
TX007303,20484,2026-09-14 05:18:29,Card Purchase,56.8,United Kingdom,Card
TX007304,20669,2026-01-19 12:36:59,Card Purchase,25.46,Spain,Online
TX007305,20009,2026-08-09 23:04:07,Card Purchase,30.36,United Kingdom,Card
TX007306,20198,2026-05-12 03:20:26,Card Purchase,73.41,France,Mobile
TX007307,20128,2026-01-04 16:59:20,Card Purchase,29.35,Spain,Online
TX007308,20594,2026-11-08 09:44:01,Card Purchase,49.82,Spain,Mobile
TX007309,20448,2026-12-13 17:01:55,Direct Debit,693.74,Germany,Online
TX007310,20181,2026-04-13 21:53:18,Direct Debit,114.64,Singapore,Card
TX007311,20183,2026-02-05 05:54:48,Bank Transfer,54.52,United Kingdom,Branch
TX007312,20026,2026-11-07 16:11:08,Direct Debit,35.17,United Kingdom,Card
TX007313,20361,2026-12-19 15:45:02,Card Purchase,110.15,United Kingdom,Mobile
TX007314,20540,2026-06-27 03:56:19,Card Purchase,56.23,United Kingdom,Online
TX007315,20217,2026-12-31 13:23:41,Cash Withdrawal,150.04,United Kingdom,Online
TX007316,20332,2026-11-30 13:06:48,Card Purchase,94.31,Ireland,Branch
TX007317,20406,2026-05-24 16:26:10,Card Purchase,231.89,UAE,Branch
TX007318,20607,2026-03-11 12:18:45,Card Purchase,62.35,Germany,ATM
TX007319,20639,2026-04-17 02:53:49,Direct Debit,554.74,United Kingdom,Mobile
TX007320,20332,2026-12-21 18:51:48,Bank Transfer,54.83,United Kingdom,Online
TX007321,20508,2026-09-15 14:48:06,Card Purchase,72.84,United Kingdom,Mobile
TX007322,20667,2026-01-10 17:32:38,Deposit,146.23,United Kingdom,Online
TX007323,20246,2026-04-10 23:10:15,Card Purchase,49.44,UAE,Card
TX007324,20628,2026-11-28 16:25:33,Bank Transfer,65.41,Singapore,Card
TX007325,20354,2026-04-08 08:28:48,Bank Transfer,203.28,UAE,ATM
TX007326,20472,2026-01-08 14:31:22,Card Purchase,191.06,United Kingdom,Card
TX007327,20287,2026-05-10 00:26:00,Direct Debit,84.78,United Kingdom,ATM
TX007328,20251,2026-05-05 15:09:21,Direct Debit,83.54,Nigeria,Mobile
TX007329,20307,2026-09-21 23:24:30,Bank Transfer,45.16,United Kingdom,Card
TX007330,20456,2026-04-10 18:53:40,Bank Transfer,328.08,United Kingdom,Card
TX007331,20133,2026-09-06 07:09:42,Deposit,102.09,United Kingdom,Online
TX007332,20057,2026-01-26 17:35:12,Card Purchase,1018.66,United Kingdom,Card
TX007333,20178,2026-07-05 16:52:04,Bank Transfer,175.69,United Kingdom,Branch
TX007334,20494,2026-12-08 07:12:42,Bank Transfer,462.48,United Kingdom,Card
TX007335,20047,2026-08-28 04:22:14,Bank Transfer,127.1,United Kingdom,Mobile
TX007336,20582,2026-12-07 04:57:09,Card Purchase,54.85,United Kingdom,Card
TX007337,20066,2026-01-20 21:22:00,Direct Debit,160.71,UAE,Online
TX007338,20154,2026-07-28 23:44:49,Bank Transfer,293.07,United Kingdom,Mobile
TX007339,20027,2026-03-18 10:06:27,Bank Transfer,593.5,Netherlands,Card
TX007340,20044,2026-09-02 15:24:19,Bank Transfer,36.31,Netherlands,Mobile
TX007341,20346,2026-06-07 19:15:52,Card Purchase,214.27,United Kingdom,Branch
TX007342,20348,2026-05-18 07:57:46,Direct Debit,308.99,United Kingdom,Card
TX007343,20187,2026-03-14 16:16:14,Card Purchase,294.2,United Kingdom,Mobile
TX007344,20674,2026-04-14 11:12:54,Bank Transfer,183.71,United Kingdom,ATM
TX007345,20188,2026-12-14 11:42:43,Bank Transfer,18192.79,United States,Online
TX007346,20091,2026-11-23 12:38:09,Direct Debit,79.85,United Kingdom,Branch
TX007347,20155,2026-08-25 02:51:24,Cash Withdrawal,32.81,United Kingdom,Mobile
TX007348,20190,2026-02-26 12:47:35,Direct Debit,36.85,UAE,Mobile
TX007349,20672,2026-04-26 02:36:41,Bank Transfer,66.71,Spain,Online
TX007350,20132,2026-09-28 14:33:18,Card Purchase,159.14,United Kingdom,Mobile
TX007351,20469,2026-04-26 09:37:43,Bank Transfer,411.61,United Kingdom,Card
TX007352,20189,2026-11-07 17:48:30,Bank Transfer,34.46,United Kingdom,Mobile
TX007353,20001,2026-12-25 22:26:01,Card Purchase,54.06,United Kingdom,Card
TX007354,20290,2026-05-07 23:34:33,Card Purchase,45.41,United Kingdom,Mobile
TX007355,20470,2026-07-31 02:29:32,Bank Transfer,556.18,France,Card
TX007356,20354,2026-07-22 02:43:53,Card Purchase,110.32,United Kingdom,Online
TX007357,20352,2026-01-12 11:05:33,Card Purchase,769.5,United Kingdom,Card
TX007358,20350,2026-05-15 13:50:31,Bank Transfer,79.69,United Kingdom,Mobile
TX007359,20313,2026-01-17 17:21:40,Bank Transfer,553.25,United Kingdom,Mobile
TX007360,20098,2026-06-05 04:01:33,Card Purchase,33.84,United Kingdom,Online
TX007361,20612,2026-01-23 14:43:44,Cash Withdrawal,751.53,United Kingdom,Card
TX007362,20493,2026-10-11 08:57:49,Deposit,13728.61,United Kingdom,ATM
TX007363,20306,2026-06-04 06:11:36,Direct Debit,304.86,United Kingdom,Online
TX007364,20242,2026-11-04 16:03:49,Bank Transfer,14.17,United States,Online
TX007365,20290,2026-11-22 19:17:15,Bank Transfer,18.25,United Kingdom,ATM
TX007366,20186,2026-02-13 17:26:52,Cash Withdrawal,46.8,United Kingdom,Mobile
TX007367,20597,2026-05-20 20:24:40,Cash Withdrawal,93.27,United Kingdom,Online
TX007368,20133,2026-09-24 05:34:26,Bank Transfer,210.24,United Kingdom,Online
TX007369,20188,2026-09-22 13:44:28,Bank Transfer,77.34,Netherlands,Mobile
TX007370,20270,2026-01-07 01:16:06,Deposit,210.71,United Kingdom,Online
TX007371,20633,2026-07-04 23:36:06,Deposit,60.79,United States,ATM
TX007372,20048,2026-11-27 05:22:25,Card Purchase,28.38,Germany,Online
TX007373,20461,2026-06-09 04:11:54,Card Purchase,334.56,UAE,Online
TX007374,20343,2026-09-03 08:41:20,Card Purchase,51.6,Singapore,Online
TX007375,20658,2026-12-31 15:43:39,Direct Debit,19.69,UAE,Card
TX007376,20400,2026-11-16 09:38:40,Deposit,10.57,United Kingdom,Online
TX007377,20577,2026-04-14 09:32:00,Bank Transfer,131.46,United Kingdom,Mobile
TX007378,20191,2026-09-13 20:43:59,Deposit,638.41,France,Online
TX007379,20200,2026-12-18 05:44:14,Bank Transfer,56.64,United States,Card
TX007380,20149,2026-06-30 16:01:28,Direct Debit,68.63,United Kingdom,Online
TX007381,20340,2026-09-29 13:40:14,Bank Transfer,48.26,Germany,Online
TX007382,20629,2026-05-21 04:32:14,Card Purchase,33.87,United Kingdom,Branch
TX007383,20075,2026-08-22 18:13:32,Card Purchase,8.63,United Kingdom,Online
TX007384,20457,2026-11-27 08:02:30,Bank Transfer,30.32,UAE,Branch
TX007385,20447,2026-06-14 17:58:32,Direct Debit,478.27,Germany,Online
TX007386,20300,2026-03-25 01:40:55,Bank Transfer,106.66,Netherlands,Card
TX007387,20621,2026-11-08 18:52:52,Card Purchase,65.55,Spain,Online
TX007388,20209,2026-10-06 04:31:52,Card Purchase,29.67,Singapore,Card
TX007389,20252,2026-11-26 18:28:04,Card Purchase,204.25,United Kingdom,Card
TX007390,20484,2026-05-15 03:30:34,Bank Transfer,19.61,United Kingdom,Card
TX007391,20473,2026-07-18 07:06:02,Card Purchase,435.05,Ireland,Mobile
TX007392,20377,2026-12-05 02:59:59,Bank Transfer,61.81,United States,Mobile
TX007393,20306,2026-08-05 12:46:37,Card Purchase,133.28,United States,Mobile
TX007394,20597,2026-08-18 03:54:43,Bank Transfer,23.62,Spain,Online
TX007395,20186,2026-09-12 04:29:19,Bank Transfer,26.54,Ireland,Branch
TX007396,20659,2026-09-30 07:13:07,Cash Withdrawal,189.12,UAE,Branch
TX007397,20405,2026-08-06 20:36:03,Card Purchase,46.85,Spain,Mobile
TX007398,20211,2026-12-18 18:51:58,Card Purchase,47.54,United Kingdom,ATM
TX007399,20203,2026-05-20 20:22:44,Bank Transfer,339.31,France,Online
TX007400,20596,2026-10-27 15:50:29,Card Purchase,391.06,United States,Mobile
TX007401,20437,2026-09-09 07:18:00,Card Purchase,82.4,United Kingdom,Mobile
TX007402,20091,2026-11-29 01:51:58,Card Purchase,84.48,United Kingdom,Mobile
TX007403,20120,2026-09-21 03:32:01,Card Purchase,63.6,Germany,Branch
TX007404,20551,2026-09-12 13:08:44,Card Purchase,14.55,Spain,ATM
TX007405,20534,2026-10-04 09:41:57,Bank Transfer,219.78,Spain,Online
TX007406,20307,2026-05-28 14:14:34,Card Purchase,204.83,Germany,ATM
TX007407,20545,2026-10-23 22:26:57,Direct Debit,36.09,UAE,ATM
TX007408,20653,2026-07-30 04:44:50,Direct Debit,37.18,United Kingdom,Mobile
TX007409,20416,2026-12-28 17:13:31,Deposit,210.49,Netherlands,Mobile
TX007410,20153,2026-10-02 13:32:38,Card Purchase,51.0,United Kingdom,Online
TX007411,20504,2026-02-18 18:56:15,Card Purchase,37.16,United Kingdom,Mobile
TX007412,20220,2026-09-30 17:24:48,Cash Withdrawal,64.77,United Kingdom,Branch
TX007413,20332,2026-04-21 20:53:52,Card Purchase,102.49,UAE,Mobile
TX007414,20614,2026-04-05 09:45:46,Deposit,76.52,United Kingdom,Card
TX007415,20149,2026-04-12 14:35:30,Card Purchase,84.55,United Kingdom,Card
TX007416,20357,2026-02-07 12:05:23,Card Purchase,36.09,UAE,Online
TX007417,20234,2026-06-20 23:50:14,Deposit,487.59,United Kingdom,Online
TX007418,20027,2026-10-13 02:33:38,Bank Transfer,27.63,United Kingdom,ATM
TX007419,20006,2026-12-18 15:24:39,Cash Withdrawal,22.96,United Kingdom,Mobile
TX007420,20243,2026-02-09 21:16:35,Direct Debit,223.75,UAE,Online
TX007421,20033,2026-06-04 21:36:41,Direct Debit,51.32,Spain,Branch
TX007422,20264,2026-12-17 12:19:05,Bank Transfer,212.89,United Kingdom,Online
TX007423,20005,2026-07-13 06:23:41,Cash Withdrawal,371.19,United Kingdom,Mobile
TX007424,20549,2026-05-11 21:17:36,Deposit,90.7,Singapore,Online
TX007425,20447,2026-02-23 22:29:16,Card Purchase,530.29,France,Mobile
TX007426,20653,2026-04-21 04:45:12,Deposit,48.83,United Kingdom,Mobile
TX007427,20614,2026-06-18 23:25:24,Card Purchase,184.98,Singapore,Mobile
TX007428,20223,2026-10-11 22:52:16,Card Purchase,95.59,Singapore,Mobile
TX007429,20572,2026-12-09 17:53:00,Card Purchase,124.25,Germany,Online
TX007430,20122,2026-10-22 20:16:36,Cash Withdrawal,71.51,Nigeria,Online
TX007431,20305,2026-05-08 14:18:57,Direct Debit,96.7,Ireland,Online
TX007432,20315,2026-02-10 20:17:38,Card Purchase,115.1,United Kingdom,Online
TX007433,20201,2026-12-27 15:22:50,Direct Debit,19.23,Nigeria,Mobile
TX007434,20382,2026-03-25 11:00:46,Bank Transfer,526.46,Singapore,Mobile
TX007435,20353,2026-03-31 08:44:02,Bank Transfer,66.47,United Kingdom,Mobile
TX007436,20212,2026-09-01 08:52:30,Card Purchase,333.61,France,Card
TX007437,20585,2026-01-01 13:45:36,Bank Transfer,11.05,United Kingdom,Mobile
TX007438,20119,2026-09-01 11:23:34,Card Purchase,322.74,Ireland,Online
TX007439,20209,2026-11-01 09:15:08,Card Purchase,91.08,United Kingdom,Online
TX007440,20630,2026-10-28 07:43:12,Card Purchase,111.8,United Kingdom,Mobile
TX007441,20065,2026-11-21 08:40:33,Cash Withdrawal,237.2,United States,Online
TX007442,20385,2026-07-19 07:15:41,Bank Transfer,50.18,Netherlands,Branch
TX007443,20540,2026-09-08 07:09:06,Card Purchase,284.92,United Kingdom,Mobile
TX007444,20408,2026-10-20 13:03:06,Card Purchase,15.12,United Kingdom,Branch
TX007445,20633,2026-11-10 15:10:11,Bank Transfer,278.36,United Kingdom,Card
TX007446,20665,2026-09-08 16:18:32,Card Purchase,22.3,United Kingdom,Mobile
TX007447,20271,2026-08-14 14:33:46,Direct Debit,66.56,Ireland,Mobile
TX007448,20372,2026-02-11 02:11:22,Card Purchase,30.8,United Kingdom,Card
TX007449,20029,2026-01-22 02:55:58,Cash Withdrawal,300.94,Singapore,Online
TX007450,20144,2026-08-20 14:11:33,Card Purchase,55.44,Singapore,Online
TX007451,20185,2026-04-17 03:35:17,Card Purchase,173.08,United Kingdom,Mobile
TX007452,20099,2026-12-18 16:12:34,Card Purchase,241.56,Ireland,Online
TX007453,20360,2026-10-10 09:07:30,Card Purchase,113.31,Spain,Online
TX007454,20595,2026-09-21 07:14:39,Card Purchase,136.2,United Kingdom,ATM
TX007455,20058,2026-09-10 15:12:26,Card Purchase,207.08,Spain,Mobile
TX007456,20367,2026-02-23 20:28:17,Bank Transfer,43.98,Spain,Mobile
TX007457,20114,2026-11-09 02:29:02,Bank Transfer,17.55,United Kingdom,Online
TX007458,20232,2026-01-27 14:30:42,Deposit,45.93,Germany,Card
TX007459,20354,2026-02-06 06:40:10,Bank Transfer,97.65,United States,Card
TX007460,20211,2026-11-15 23:06:40,Bank Transfer,47.08,United Kingdom,Mobile
TX007461,20460,2026-08-13 10:56:15,Card Purchase,29.9,United Kingdom,ATM
TX007462,20273,2026-01-19 23:04:05,Deposit,63.21,Germany,ATM
TX007463,20329,2026-06-26 23:14:19,Card Purchase,205.78,United Kingdom,Card
TX007464,20605,2026-01-04 05:33:22,Card Purchase,517.75,United Kingdom,Card
TX007465,20456,2026-02-10 06:20:02,Card Purchase,93.72,United Kingdom,Online
TX007466,20337,2026-07-19 11:53:35,Direct Debit,248.99,United Kingdom,Online
TX007467,20558,2026-07-16 16:14:55,Deposit,242.29,Singapore,Branch
TX007468,20276,2026-06-15 01:49:57,Card Purchase,88.83,United Kingdom,ATM
TX007469,20629,2026-03-09 21:22:25,Card Purchase,93.6,Germany,Mobile
TX007470,20533,2026-11-16 18:36:18,Direct Debit,138.48,United Kingdom,Mobile
TX007471,20308,2026-03-06 09:26:33,Card Purchase,490.86,France,Mobile
TX007472,20075,2026-05-06 10:48:57,Bank Transfer,36.9,France,Card
TX007473,20314,2026-02-20 03:11:36,Bank Transfer,61.31,Ireland,Card
TX007474,20305,2026-10-14 20:13:14,Card Purchase,43.35,United Kingdom,Mobile
TX007475,20543,2026-05-18 18:18:22,Card Purchase,18.05,United Kingdom,Branch
TX007476,20138,2026-03-16 16:49:29,Bank Transfer,75.06,United Kingdom,Mobile
TX007477,20051,2026-08-22 05:48:21,Bank Transfer,21.99,United States,Card
TX007478,20420,2026-02-25 07:02:40,Bank Transfer,352.64,Singapore,Mobile
TX007479,20462,2026-12-31 12:41:53,Deposit,296.9,United Kingdom,ATM
TX007480,20027,2026-03-11 20:10:13,Card Purchase,61.24,Germany,Card
TX007481,20658,2026-05-07 14:19:57,Card Purchase,223.22,France,Mobile
TX007482,20272,2026-03-28 08:30:50,Card Purchase,9.13,Nigeria,Card
TX007483,20006,2026-11-04 05:23:45,Card Purchase,56.91,Spain,Branch
TX007484,20548,2026-07-31 20:52:37,Card Purchase,418.37,Germany,Online
TX007485,20151,2026-12-01 13:58:34,Card Purchase,151.71,United Kingdom,Mobile
TX007486,20559,2026-11-19 08:30:44,Card Purchase,19.6,United Kingdom,Online
TX007487,20292,2026-07-29 00:43:40,Card Purchase,86.32,United Kingdom,Mobile
TX007488,20180,2026-08-07 04:15:15,Bank Transfer,53.79,United Kingdom,Mobile
TX007489,20219,2026-06-29 00:10:15,Direct Debit,80.77,United Kingdom,Online
TX007490,20160,2026-05-08 03:22:11,Cash Withdrawal,50.93,France,Card
TX007491,20497,2026-09-07 13:40:18,Card Purchase,40.19,United Kingdom,Card
TX007492,20438,2026-10-10 21:18:46,Card Purchase,273.31,United Kingdom,Online
TX007493,20100,2026-01-07 19:28:04,Bank Transfer,37.78,United Kingdom,Mobile
TX007494,20133,2026-12-29 16:52:45,Deposit,27.19,United Kingdom,Mobile
TX007495,20164,2026-01-02 23:05:26,Card Purchase,81.29,Singapore,Online
TX007496,20614,2026-01-11 07:39:33,Direct Debit,22.26,United Kingdom,Card
TX007497,20511,2026-04-02 21:25:25,Card Purchase,109.79,Germany,Mobile
TX007498,20081,2026-11-05 06:09:44,Bank Transfer,109.0,United Kingdom,Mobile
TX007499,20246,2026-05-27 21:24:21,Card Purchase,103.07,France,ATM
TX007500,20156,2026-06-23 17:33:46,Bank Transfer,163.2,Spain,Mobile
TX007501,20370,2026-10-22 15:55:42,Cash Withdrawal,33.92,UAE,Online
TX007502,20412,2026-12-25 04:11:29,Direct Debit,16.96,Germany,Card
TX007503,20285,2026-03-14 01:22:28,Deposit,124.19,United States,Online
TX007504,20133,2026-09-07 09:54:19,Card Purchase,12.04,Nigeria,Mobile
TX007505,20355,2026-08-10 20:03:17,Bank Transfer,551.52,United Kingdom,Mobile
TX007506,20148,2026-10-21 23:11:28,Bank Transfer,49.92,United Kingdom,Branch
TX007507,20322,2026-04-10 05:54:23,Card Purchase,33.13,United Kingdom,Mobile
TX007508,20118,2026-01-06 09:35:21,Card Purchase,40.65,United Kingdom,ATM
TX007509,20550,2026-04-10 12:45:58,Bank Transfer,174.84,Singapore,Branch
TX007510,20361,2026-11-09 00:47:47,Direct Debit,101.55,United Kingdom,Card
TX007511,20324,2026-09-24 03:39:38,Card Purchase,258.01,United Kingdom,Online
TX007512,20601,2026-10-14 01:13:29,Card Purchase,194.66,United Kingdom,Mobile
TX007513,20277,2026-01-10 07:24:17,Card Purchase,104.84,Singapore,ATM
TX007514,20045,2026-01-21 20:17:55,Bank Transfer,18.53,Ireland,Card
TX007515,20299,2026-04-15 16:19:21,Direct Debit,1372.47,United Kingdom,Card
TX007516,20033,2026-03-27 00:27:30,Card Purchase,59.17,United Kingdom,Online
TX007517,20485,2026-08-25 04:14:29,Card Purchase,9.26,Germany,Mobile
TX007518,20132,2026-06-01 07:38:31,Bank Transfer,59.46,United States,Online
TX007519,20266,2026-07-22 10:52:59,Card Purchase,85.58,France,Card
TX007520,20389,2026-01-24 20:47:19,Card Purchase,73.79,United Kingdom,Online
TX007521,20472,2026-04-04 21:55:23,Card Purchase,38.42,Ireland,Card
TX007522,20556,2026-01-02 21:36:17,Cash Withdrawal,65.16,Ireland,Mobile
TX007523,20355,2026-06-12 21:24:36,Bank Transfer,160.9,Germany,Online
TX007524,20160,2026-05-03 17:41:56,Card Purchase,23.84,Singapore,ATM
TX007525,20465,2026-06-13 03:06:54,Bank Transfer,57.13,United States,Mobile
TX007526,20172,2026-08-14 01:49:50,Cash Withdrawal,66.43,United Kingdom,Online
TX007527,20121,2026-01-23 08:05:42,Direct Debit,218.84,Nigeria,ATM
TX007528,20374,2026-01-18 08:06:10,Bank Transfer,83.54,Ireland,Mobile
TX007529,20573,2026-10-21 13:50:05,Card Purchase,76.04,United Kingdom,Mobile
TX007530,20474,2026-07-04 14:26:05,Card Purchase,47.67,United Kingdom,ATM
TX007531,20201,2026-03-30 17:51:22,Card Purchase,90.77,United States,Card
TX007532,20276,2026-09-22 01:28:19,Bank Transfer,44.92,United Kingdom,Mobile
TX007533,20310,2026-10-14 09:09:32,Card Purchase,237.11,United States,Online
TX007534,20130,2026-02-19 19:47:02,Deposit,105.8,United Kingdom,Card
TX007535,20317,2026-01-29 15:11:52,Bank Transfer,256.45,Spain,Card
TX007536,20490,2026-06-01 09:42:27,Card Purchase,198.18,United Kingdom,ATM
TX007537,20336,2026-08-18 07:54:28,Deposit,457.84,France,Card
TX007538,20347,2026-12-30 17:07:01,Card Purchase,31.92,United States,Card
TX007539,20283,2026-04-28 15:56:25,Card Purchase,181.06,United Kingdom,Mobile
TX007540,20357,2026-03-09 14:40:46,Direct Debit,28.85,France,ATM
TX007541,20330,2026-08-06 22:53:24,Card Purchase,156.1,Nigeria,Online
TX007542,20034,2026-12-22 03:23:51,Bank Transfer,67.03,Ireland,Branch
TX007543,20488,2026-01-11 17:14:21,Card Purchase,157.26,Spain,Card
TX007544,20195,2026-06-13 19:18:47,Card Purchase,73.44,Nigeria,Online
TX007545,20017,2026-08-26 06:00:03,Direct Debit,515.88,Spain,Card
TX007546,20226,2026-06-24 11:53:55,Card Purchase,53.7,France,Card
TX007547,20521,2026-12-20 12:29:31,Bank Transfer,95.13,United Kingdom,Online
TX007548,20669,2026-09-11 04:02:44,Direct Debit,220.75,United Kingdom,Card
TX007549,20302,2026-07-06 21:39:18,Bank Transfer,116.59,United Kingdom,Online
TX007550,20528,2026-09-20 04:54:27,Deposit,138.99,United Kingdom,Mobile
TX007551,20171,2026-01-06 13:30:55,Bank Transfer,66.38,Singapore,Mobile
TX007552,20359,2026-06-11 12:42:22,Card Purchase,45.15,United Kingdom,Mobile
TX007553,20477,2026-09-07 16:55:21,Cash Withdrawal,81.33,United Kingdom,Card
TX007554,20032,2026-08-14 08:42:12,Cash Withdrawal,145.48,Spain,ATM
TX007555,20267,2026-03-13 07:34:24,Deposit,148.51,United Kingdom,Card
TX007556,20275,2026-10-14 04:04:02,Card Purchase,29.98,United Kingdom,Card
TX007557,20399,2026-02-21 23:13:27,Card Purchase,19.42,United Kingdom,Card
TX007558,20008,2026-02-10 05:29:46,Deposit,551.76,France,Mobile
TX007559,20249,2026-02-01 04:33:28,Deposit,87.73,Singapore,Mobile
TX007560,20065,2026-09-08 11:46:20,Deposit,131.36,Nigeria,Mobile
TX007561,20007,2026-07-11 05:23:39,Cash Withdrawal,1611.29,United Kingdom,Mobile
TX007562,20497,2026-08-11 14:17:07,Bank Transfer,24.34,United States,Online
TX007563,20377,2026-11-01 21:53:22,Deposit,42.08,United Kingdom,Mobile
TX007564,20640,2026-02-28 03:03:18,Card Purchase,276.73,United Kingdom,Mobile
TX007565,20596,2026-08-11 11:06:26,Card Purchase,401.17,United Kingdom,Card
TX007566,20239,2026-10-10 07:14:26,Deposit,34.38,United Kingdom,Online
TX007567,20364,2026-03-20 04:50:32,Card Purchase,52.06,Spain,Mobile
TX007568,20303,2026-09-19 17:18:33,Deposit,16.13,United Kingdom,Online
TX007569,20483,2026-12-14 12:08:52,Card Purchase,16.85,United Kingdom,Mobile
TX007570,20179,2026-03-16 14:27:22,Bank Transfer,160.24,Netherlands,ATM
TX007571,20321,2026-10-31 17:15:02,Deposit,55.05,United Kingdom,ATM
TX007572,20576,2026-10-13 08:53:40,Direct Debit,33.63,United Kingdom,Card
TX007573,20502,2026-10-02 13:45:59,Deposit,105.25,United Kingdom,Card
TX007574,20206,2026-09-08 22:21:11,Direct Debit,47.85,United Kingdom,Online
TX007575,20621,2026-04-20 10:49:16,Card Purchase,29.62,United Kingdom,ATM
TX007576,20130,2026-12-02 03:24:09,Bank Transfer,303.98,United Kingdom,Mobile
TX007577,20089,2026-08-05 01:47:28,Card Purchase,31.49,United Kingdom,Mobile
TX007578,20565,2026-02-15 13:18:33,Cash Withdrawal,101.57,United Kingdom,Card
TX007579,20458,2026-06-06 19:06:07,Card Purchase,7.63,United Kingdom,Online
TX007580,20279,2026-03-08 20:56:33,Card Purchase,109.17,United Kingdom,Online
TX007581,20198,2026-05-13 14:35:57,Direct Debit,180.48,United Kingdom,Mobile
TX007582,20362,2026-07-22 22:32:13,Deposit,17.63,Germany,Mobile
TX007583,20106,2026-06-04 08:12:18,Direct Debit,300.74,Germany,Online
TX007584,20099,2026-01-13 19:01:30,Direct Debit,164.63,Spain,Online
TX007585,20254,2026-01-04 13:15:13,Bank Transfer,14.06,United Kingdom,Mobile
TX007586,20281,2026-12-16 01:13:21,Direct Debit,112.39,United States,Branch
TX007587,20597,2026-01-18 14:25:08,Direct Debit,18.31,Nigeria,Card
TX007588,20114,2026-02-04 16:21:56,Card Purchase,129.41,United Kingdom,Online
TX007589,20490,2026-12-10 09:56:19,Deposit,76.45,Germany,Mobile
TX007590,20311,2026-03-25 13:12:15,Card Purchase,45.18,United States,Mobile
TX007591,20181,2026-10-01 20:50:37,Bank Transfer,369.93,Germany,ATM
TX007592,20515,2026-03-07 11:22:47,Deposit,143.85,Nigeria,Card
TX007593,20648,2026-07-12 18:05:46,Direct Debit,40.17,Ireland,Branch
TX007594,20306,2026-01-27 22:35:11,Deposit,191.67,United Kingdom,Card
TX007595,20355,2026-10-10 11:01:35,Direct Debit,188.58,United Kingdom,Online
TX007596,20274,2026-06-29 03:54:43,Bank Transfer,351.75,United States,Online
TX007597,20298,2026-09-06 08:53:13,Bank Transfer,99.1,United Kingdom,Mobile
TX007598,20248,2026-01-25 06:07:40,Direct Debit,62.15,United States,Online
TX007599,20604,2026-06-06 01:28:21,Bank Transfer,11.07,Nigeria,Mobile
TX007600,20601,2026-11-06 03:55:57,Bank Transfer,85.06,Nigeria,Card
TX007601,20531,2026-10-04 08:57:03,Bank Transfer,209.53,United Kingdom,Branch
TX007602,20034,2026-07-22 04:06:29,Bank Transfer,59.51,United Kingdom,Mobile
TX007603,20641,2026-04-09 19:15:53,Card Purchase,20.18,United States,Card
TX007604,20333,2026-02-16 07:33:57,Deposit,51.8,United Kingdom,Online
TX007605,20167,2026-03-30 13:59:12,Card Purchase,202.65,Netherlands,Online
TX007606,20449,2026-06-04 10:47:14,Card Purchase,159.08,United Kingdom,Mobile
TX007607,20401,2026-02-21 10:20:13,Bank Transfer,112.55,Germany,Card
TX007608,20327,2026-04-18 15:28:17,Card Purchase,47.42,UAE,Branch
TX007609,20477,2026-10-01 15:38:24,Cash Withdrawal,699.66,UAE,Card
TX007610,20638,2026-05-20 03:26:17,Card Purchase,45.13,United Kingdom,Mobile
TX007611,20093,2026-07-07 07:10:43,Card Purchase,97.86,United Kingdom,Mobile
TX007612,20115,2026-09-01 03:17:55,Bank Transfer,20.88,United Kingdom,Online
TX007613,20473,2026-07-09 09:33:13,Bank Transfer,13.91,France,Mobile
TX007614,20272,2026-08-30 06:24:31,Card Purchase,59.97,United Kingdom,Online
TX007615,20477,2026-07-17 16:37:05,Deposit,176.61,United Kingdom,Online
TX007616,20672,2026-09-12 05:33:02,Card Purchase,150.11,United Kingdom,Card
TX007617,20021,2026-07-24 01:18:23,Card Purchase,125.87,Germany,Mobile
TX007618,20406,2026-08-13 20:01:29,Card Purchase,102.26,United States,Mobile
TX007619,20080,2026-11-12 16:49:34,Card Purchase,16.24,Germany,ATM
TX007620,20353,2026-05-26 15:00:27,Direct Debit,414.25,United States,Card
TX007621,20289,2026-09-11 09:00:35,Card Purchase,218.04,United Kingdom,Mobile
TX007622,20075,2026-09-05 02:44:04,Deposit,581.96,United Kingdom,Branch
TX007623,20330,2026-10-25 01:10:03,Cash Withdrawal,590.74,Germany,Card
TX007624,20561,2026-10-10 16:35:52,Bank Transfer,76.46,Singapore,Card
TX007625,20476,2026-08-06 09:26:24,Bank Transfer,3.63,Germany,Online
TX007626,20006,2026-04-23 14:20:43,Card Purchase,7.37,United Kingdom,Mobile
TX007627,20670,2026-07-27 02:53:07,Bank Transfer,108.76,United Kingdom,Online
TX007628,20624,2026-09-19 19:47:39,Cash Withdrawal,57.75,United States,Card
TX007629,20408,2026-05-30 04:01:16,Card Purchase,374.11,United Kingdom,ATM
TX007630,20283,2026-07-04 15:48:00,Card Purchase,7.2,United Kingdom,Online
TX007631,20601,2026-10-21 19:53:18,Card Purchase,138.49,United Kingdom,Mobile
TX007632,20376,2026-07-27 08:13:57,Card Purchase,38.27,Singapore,Online
TX007633,20651,2026-01-29 06:27:10,Direct Debit,175.35,United Kingdom,Online
TX007634,20669,2026-02-04 03:20:44,Bank Transfer,91.81,United Kingdom,Mobile
TX007635,20173,2026-03-15 15:29:44,Bank Transfer,18.98,Nigeria,Mobile
TX007636,20419,2026-07-14 10:51:41,Deposit,23.51,Ireland,Card
TX007637,20259,2026-04-18 17:06:31,Card Purchase,68.93,United Kingdom,Online
TX007638,20406,2026-08-16 02:10:03,Card Purchase,364.23,United Kingdom,Mobile
TX007639,20292,2026-07-05 14:03:09,Bank Transfer,17.5,United States,Online
TX007640,20017,2026-05-23 12:42:27,Cash Withdrawal,130.5,Netherlands,Online
TX007641,20393,2026-12-19 23:14:05,Direct Debit,8.3,United States,Online
TX007642,20250,2026-06-28 15:24:18,Deposit,184.76,United Kingdom,Online
TX007643,20511,2026-02-24 03:18:37,Card Purchase,31.16,United Kingdom,Online
TX007644,20077,2026-05-05 16:19:02,Card Purchase,61.33,UAE,ATM
TX007645,20160,2026-03-02 19:46:43,Card Purchase,48.19,United Kingdom,Online
TX007646,20577,2026-01-24 16:31:31,Card Purchase,481.85,Nigeria,Mobile
TX007647,20048,2026-06-28 06:43:32,Deposit,81.94,Germany,Online
TX007648,20521,2026-10-23 22:08:00,Deposit,59.18,United Kingdom,ATM
TX007649,20231,2026-08-10 14:07:46,Card Purchase,34.52,United States,Branch
TX007650,20564,2026-01-04 08:49:35,Card Purchase,195.22,United Kingdom,Mobile
TX007651,20544,2026-07-12 14:15:07,Bank Transfer,33.38,United Kingdom,Mobile
TX007652,20083,2026-09-09 13:48:01,Card Purchase,125.62,United Kingdom,Card
TX007653,20091,2026-07-24 00:38:10,Card Purchase,157.8,United Kingdom,Branch
TX007654,20159,2026-07-26 06:01:51,Direct Debit,55.33,Netherlands,ATM
TX007655,20485,2026-06-07 02:49:29,Deposit,73.68,Germany,ATM
TX007656,20441,2026-04-02 16:36:54,Bank Transfer,189.44,United Kingdom,Mobile
TX007657,20345,2026-12-05 04:05:55,Direct Debit,49.25,Nigeria,Card
TX007658,20581,2026-04-09 19:17:49,Direct Debit,38.04,Ireland,Online
TX007659,20267,2026-01-12 13:51:04,Bank Transfer,29.82,United Kingdom,Online
TX007660,20543,2026-09-08 16:46:43,Deposit,154.31,Nigeria,Card
TX007661,20009,2026-11-20 20:07:23,Card Purchase,581.29,Ireland,Mobile
TX007662,20003,2026-08-09 12:25:05,Bank Transfer,52.97,UAE,Mobile
TX007663,20656,2026-02-06 14:06:01,Card Purchase,27.66,United Kingdom,Online
TX007664,20550,2026-10-18 03:02:13,Card Purchase,47.2,UAE,ATM
TX007665,20048,2026-07-07 14:42:45,Card Purchase,155.14,Spain,ATM
TX007666,20552,2026-11-24 00:53:13,Card Purchase,120.74,United States,Mobile
TX007667,20121,2026-10-24 16:31:17,Bank Transfer,40.45,United Kingdom,Card
TX007668,20109,2026-04-23 06:32:04,Card Purchase,27.91,Ireland,Mobile
TX007669,20316,2026-01-01 00:59:11,Card Purchase,84.74,UAE,Card
TX007670,20212,2026-02-10 17:26:50,Direct Debit,162.26,United Kingdom,Online
TX007671,20331,2026-06-16 01:16:38,Card Purchase,115.45,United Kingdom,Online
TX007672,20296,2026-03-21 09:58:32,Bank Transfer,181.58,United Kingdom,ATM
TX007673,20203,2026-09-18 15:05:19,Cash Withdrawal,66.9,United Kingdom,Card
TX007674,20552,2026-06-20 23:50:28,Bank Transfer,27.44,Nigeria,Online
TX007675,20675,2026-06-15 23:08:18,Bank Transfer,110.38,United Kingdom,Online
TX007676,20191,2026-08-19 17:22:59,Direct Debit,32.76,United Kingdom,Mobile
TX007677,20480,2026-06-07 04:17:25,Card Purchase,147.63,Singapore,Mobile
TX007678,20165,2026-04-14 03:54:39,Card Purchase,103.48,United States,Card
TX007679,20554,2026-10-13 06:50:51,Deposit,141.06,UAE,Mobile
TX007680,20179,2026-10-31 09:34:03,Card Purchase,56.85,United Kingdom,Online
TX007681,20028,2026-06-13 09:58:57,Card Purchase,35.89,United Kingdom,Card
TX007682,20275,2026-04-18 18:09:29,Card Purchase,388.63,United Kingdom,Mobile
TX007683,20627,2026-12-20 06:54:01,Bank Transfer,13.81,United Kingdom,Online
TX007684,20354,2026-08-14 06:02:40,Card Purchase,45.83,Ireland,Card
TX007685,20319,2026-02-05 18:12:52,Deposit,206.05,United Kingdom,Online
TX007686,20202,2026-12-15 15:10:22,Direct Debit,37.64,United Kingdom,ATM
TX007687,20522,2026-10-22 07:00:48,Card Purchase,91.86,United Kingdom,Mobile
TX007688,20253,2026-02-07 21:20:41,Card Purchase,134.36,United Kingdom,ATM
TX007689,20442,2026-11-01 14:59:36,Card Purchase,97.61,Singapore,Online
TX007690,20148,2026-08-02 00:31:49,Card Purchase,66.92,Ireland,Branch
TX007691,20255,2026-10-28 19:31:15,Deposit,67.89,Netherlands,ATM
TX007692,20071,2026-06-30 13:51:58,Card Purchase,40.52,United Kingdom,Card
TX007693,20493,2026-10-21 18:44:16,Bank Transfer,45.65,United Kingdom,Mobile
TX007694,20360,2026-02-08 21:51:18,Card Purchase,158.88,United Kingdom,Card
TX007695,20447,2026-04-07 06:41:27,Direct Debit,20.0,United Kingdom,Card
TX007696,20334,2026-02-27 19:06:34,Bank Transfer,147.36,United Kingdom,Mobile
TX007697,20379,2026-06-23 04:46:33,Card Purchase,37.16,Spain,Card
TX007698,20186,2026-12-16 22:45:44,Bank Transfer,76.58,United Kingdom,Card
TX007699,20035,2026-06-05 07:24:45,Direct Debit,63.93,United Kingdom,Mobile
TX007700,20390,2026-11-04 02:48:26,Direct Debit,193.26,UAE,Online
TX007701,20239,2026-07-20 12:06:19,Direct Debit,94.51,Netherlands,Mobile
TX007702,20109,2026-09-29 06:12:38,Deposit,199.5,United States,Mobile
TX007703,20050,2026-07-05 04:08:35,Card Purchase,54.94,United Kingdom,ATM
TX007704,20641,2026-02-19 13:07:18,Card Purchase,75.11,Germany,Card
TX007705,20065,2026-08-17 16:32:45,Card Purchase,35.95,France,Card
TX007706,20275,2026-07-28 03:50:59,Card Purchase,48.02,Germany,Branch
TX007707,20434,2026-03-15 16:27:05,Card Purchase,21.31,United Kingdom,Online
TX007708,20130,2026-01-24 06:25:24,Card Purchase,10.79,United Kingdom,Mobile
TX007709,20315,2026-03-28 01:54:10,Bank Transfer,56.05,Netherlands,Card
TX007710,20306,2026-03-14 10:23:23,Deposit,4.4,United Kingdom,Card
TX007711,20553,2026-09-06 15:13:31,Deposit,8.88,Spain,Mobile
TX007712,20138,2026-08-20 17:40:49,Card Purchase,20.1,Spain,ATM
TX007713,20524,2026-02-06 17:31:44,Card Purchase,126.38,Nigeria,Mobile
TX007714,20126,2026-04-15 09:20:08,Card Purchase,33.87,United Kingdom,Mobile
TX007715,20577,2026-03-28 12:36:44,Card Purchase,132.74,Singapore,Mobile
TX007716,20522,2026-12-07 07:28:37,Deposit,123.1,United Kingdom,Mobile
TX007717,20366,2026-02-01 16:27:14,Deposit,354.44,United Kingdom,Card
TX007718,20662,2026-04-11 08:29:11,Bank Transfer,124.45,United Kingdom,Mobile
TX007719,20421,2026-07-23 18:35:13,Bank Transfer,60.92,Germany,Mobile
TX007720,20423,2026-07-16 11:57:50,Card Purchase,170.31,UAE,ATM
TX007721,20496,2026-08-30 20:22:00,Bank Transfer,227.66,Germany,Mobile
TX007722,20142,2026-02-24 13:06:13,Card Purchase,70.77,Germany,Branch
TX007723,20212,2026-03-07 08:27:30,Direct Debit,31.11,United Kingdom,Mobile
TX007724,20379,2026-07-25 08:12:12,Card Purchase,57.54,United Kingdom,ATM
TX007725,20316,2026-09-29 11:12:14,Cash Withdrawal,52.12,United Kingdom,Online
TX007726,20352,2026-10-17 09:32:17,Card Purchase,135.79,United Kingdom,Card
TX007727,20617,2026-06-01 03:15:28,Direct Debit,23.27,United Kingdom,Online
TX007728,20431,2026-06-12 20:40:23,Bank Transfer,33.61,France,Online
TX007729,20525,2026-09-27 08:22:23,Deposit,63.19,United Kingdom,Branch
TX007730,20335,2026-06-10 18:17:28,Direct Debit,12.0,France,Online
TX007731,20506,2026-10-24 15:06:09,Card Purchase,121.51,United States,Card
TX007732,20033,2026-09-16 11:51:07,Direct Debit,429.64,United Kingdom,Online
TX007733,20144,2026-02-08 23:46:44,Direct Debit,30.03,Germany,Card
TX007734,20611,2026-02-05 00:22:44,Deposit,2.72,France,Card
TX007735,20539,2026-03-26 10:21:28,Cash Withdrawal,428.61,United Kingdom,Online
TX007736,20380,2026-01-10 12:33:52,Direct Debit,294.91,UAE,Card
TX007737,20417,2026-10-05 09:20:45,Deposit,63.71,Ireland,Online
TX007738,20099,2026-06-20 00:21:25,Card Purchase,31.95,United Kingdom,Mobile
TX007739,20393,2026-09-18 03:14:55,Card Purchase,242.5,Ireland,Online
TX007740,20148,2026-11-04 14:56:08,Card Purchase,132.69,Spain,Mobile
TX007741,20137,2026-03-03 06:09:37,Card Purchase,437.98,United Kingdom,Mobile
TX007742,20231,2026-12-13 21:21:14,Bank Transfer,120.17,United Kingdom,Card
TX007743,20111,2026-12-02 16:41:29,Deposit,192.3,United Kingdom,Card
TX007744,20548,2026-07-27 23:45:00,Cash Withdrawal,31.77,Netherlands,Mobile
TX007745,20526,2026-04-02 19:03:41,Card Purchase,191.22,Ireland,Card
TX007746,20189,2026-07-29 14:07:54,Direct Debit,235.67,United Kingdom,Card
TX007747,20316,2026-01-23 14:41:03,Direct Debit,575.65,Nigeria,Branch
TX007748,20243,2026-10-08 04:36:20,Deposit,6.05,Netherlands,Mobile
TX007749,20291,2026-05-21 22:50:10,Card Purchase,111.48,UAE,Mobile
TX007750,20666,2026-09-17 23:18:06,Bank Transfer,32.65,United Kingdom,Mobile
TX007751,20375,2026-12-07 23:52:31,Bank Transfer,173.83,Singapore,Online
TX007752,20295,2026-01-22 02:23:17,Direct Debit,205.61,United Kingdom,Mobile
TX007753,20536,2026-03-01 13:55:23,Deposit,175.11,United Kingdom,Mobile
TX007754,20071,2026-08-20 12:50:28,Card Purchase,117.56,United Kingdom,Mobile
TX007755,20458,2026-08-29 00:45:51,Card Purchase,132.37,United Kingdom,Mobile
TX007756,20107,2026-08-25 05:50:33,Bank Transfer,11.3,United Kingdom,Mobile
TX007757,20190,2026-01-16 03:28:54,Bank Transfer,118.39,Germany,Mobile
TX007758,20461,2026-06-15 16:01:23,Direct Debit,86.54,Spain,Online
TX007759,20188,2026-10-03 02:49:53,Card Purchase,90.25,France,Mobile
TX007760,20028,2026-05-20 02:32:45,Direct Debit,132.18,Singapore,Online
TX007761,20260,2026-07-05 13:59:27,Card Purchase,43.77,France,Mobile
TX007762,20304,2026-01-08 02:54:10,Cash Withdrawal,63.85,Germany,Mobile
TX007763,20421,2026-03-14 16:07:23,Card Purchase,471.86,United Kingdom,Online
TX007764,20192,2026-09-11 20:33:30,Bank Transfer,41.85,United Kingdom,Mobile
TX007765,20172,2026-04-30 04:08:21,Direct Debit,79.94,United Kingdom,Online
TX007766,20524,2026-11-18 21:28:58,Card Purchase,34.94,United Kingdom,Online
TX007767,20072,2026-09-18 22:07:34,Card Purchase,118.38,United States,Card
TX007768,20030,2026-04-22 04:09:19,Card Purchase,26.09,United Kingdom,Card
TX007769,20421,2026-07-19 05:47:48,Direct Debit,81.24,Nigeria,Online
TX007770,20257,2026-11-17 16:51:00,Card Purchase,41.08,Ireland,Online
TX007771,20487,2026-12-19 13:33:33,Bank Transfer,15.47,France,Card
TX007772,20218,2026-02-27 07:03:26,Bank Transfer,84.16,United Kingdom,Online
TX007773,20175,2026-10-24 05:23:21,Card Purchase,961.25,Nigeria,Mobile
TX007774,20460,2026-08-07 00:17:46,Card Purchase,65.28,UAE,Online
TX007775,20397,2026-02-20 06:52:01,Cash Withdrawal,38.84,UAE,Online
TX007776,20640,2026-05-07 15:16:16,Direct Debit,87.64,United Kingdom,Card
TX007777,20352,2026-08-26 15:35:16,Card Purchase,43.54,United Kingdom,Card
TX007778,20230,2026-07-25 00:04:25,Cash Withdrawal,40.86,United Kingdom,Mobile
TX007779,20419,2026-03-11 15:44:17,Card Purchase,39.57,United Kingdom,Online
TX007780,20448,2026-05-12 07:52:41,Card Purchase,195.48,Germany,Card
TX007781,20129,2026-04-25 00:37:37,Card Purchase,16.4,United Kingdom,Online
TX007782,20555,2026-07-13 00:45:42,Deposit,198.8,United Kingdom,Branch
TX007783,20662,2026-02-23 02:06:26,Card Purchase,59.82,United Kingdom,Mobile
TX007784,20661,2026-04-27 19:43:01,Card Purchase,153.24,Spain,Online
TX007785,20015,2026-05-14 16:43:28,Bank Transfer,40.08,United Kingdom,Card
TX007786,20426,2026-01-12 00:23:39,Bank Transfer,79.61,United Kingdom,Online
TX007787,20223,2026-04-02 10:15:18,Direct Debit,81.99,Spain,Card
TX007788,20366,2026-06-17 16:07:04,Card Purchase,169.88,United Kingdom,Mobile
TX007789,20071,2026-03-19 16:10:40,Card Purchase,111.03,United Kingdom,Card
TX007790,20306,2026-10-04 19:51:50,Direct Debit,62.11,United Kingdom,Online
TX007791,20122,2026-02-09 09:28:24,Direct Debit,179.57,United Kingdom,Online
TX007792,20489,2026-11-10 02:27:11,Card Purchase,148.53,Spain,Mobile
TX007793,20066,2026-01-25 04:01:40,Card Purchase,42.19,France,Online
TX007794,20423,2026-07-16 15:34:14,Direct Debit,140.08,Spain,Card
TX007795,20387,2026-07-04 09:41:52,Card Purchase,34.6,Ireland,Mobile
TX007796,20535,2026-10-01 14:24:36,Bank Transfer,471.1,United Kingdom,Branch
TX007797,20130,2026-04-10 08:03:42,Deposit,335.24,France,ATM
TX007798,20200,2026-11-18 08:40:58,Direct Debit,16.84,Nigeria,Card
TX007799,20518,2026-09-02 07:46:56,Deposit,70.77,United Kingdom,ATM
TX007800,20209,2026-02-05 18:45:01,Card Purchase,75.96,United Kingdom,Mobile
TX007801,20440,2026-03-16 19:30:48,Deposit,78.49,United Kingdom,Online
TX007802,20154,2026-05-28 06:49:45,Deposit,189.76,United Kingdom,Mobile
TX007803,20502,2026-10-06 12:49:11,Card Purchase,14.37,United Kingdom,Mobile
TX007804,20113,2026-01-14 14:26:36,Bank Transfer,16.62,Ireland,Card
TX007805,20138,2026-10-05 22:52:30,Bank Transfer,118.49,United Kingdom,Online
TX007806,20272,2026-09-23 21:08:10,Bank Transfer,87.18,United States,Online
TX007807,20011,2026-02-24 14:54:13,Bank Transfer,45.57,Singapore,Mobile
TX007808,20231,2026-02-07 01:27:13,Card Purchase,445.93,UAE,Online
TX007809,20030,2026-09-19 14:24:37,Bank Transfer,44.08,United Kingdom,Card
TX007810,20273,2026-03-06 07:16:16,Card Purchase,124.41,Germany,Online
TX007811,20098,2026-11-20 18:44:43,Bank Transfer,168.25,United Kingdom,Card
TX007812,20289,2026-06-17 01:49:50,Card Purchase,66.4,United Kingdom,Card
TX007813,20307,2026-04-05 23:46:59,Card Purchase,20.22,United States,Mobile
TX007814,20025,2026-10-25 00:57:12,Bank Transfer,74.17,France,Online
TX007815,20318,2026-01-03 10:04:27,Card Purchase,38.69,United Kingdom,Online
TX007816,20675,2026-08-03 02:54:19,Cash Withdrawal,64.4,United Kingdom,Online
TX007817,20003,2026-09-06 22:40:48,Card Purchase,158.49,Ireland,Card
TX007818,20439,2026-06-18 04:31:59,Card Purchase,117.4,France,Online
TX007819,20020,2026-07-18 22:43:30,Deposit,6.08,UAE,Mobile
TX007820,20354,2026-06-22 19:38:57,Direct Debit,117.2,UAE,Online
TX007821,20125,2026-04-07 20:34:53,Direct Debit,53.98,France,Mobile
TX007822,20544,2026-03-17 13:00:13,Direct Debit,19.77,United Kingdom,Branch
TX007823,20590,2026-12-23 18:03:55,Card Purchase,54.75,United States,Mobile
TX007824,20239,2026-04-17 00:24:32,Card Purchase,26.77,United Kingdom,Mobile
TX007825,20210,2026-10-03 16:32:52,Bank Transfer,44.88,United Kingdom,ATM
TX007826,20048,2026-02-07 19:28:33,Direct Debit,101.2,United Kingdom,Card
TX007827,20069,2026-10-17 11:57:50,Card Purchase,27.01,United Kingdom,Mobile
TX007828,20355,2026-06-03 22:12:16,Cash Withdrawal,376.62,United Kingdom,Online
TX007829,20062,2026-04-27 06:38:33,Cash Withdrawal,13.14,Singapore,Online
TX007830,20109,2026-03-06 05:00:09,Deposit,502.48,United Kingdom,Card
TX007831,20433,2026-12-10 13:44:57,Bank Transfer,25.32,Netherlands,Mobile
TX007832,20481,2026-01-28 11:04:54,Deposit,63.23,United States,Card
TX007833,20009,2026-09-27 19:04:15,Direct Debit,4.14,Germany,Branch
TX007834,20498,2026-07-07 14:15:26,Bank Transfer,154.14,United Kingdom,Online
TX007835,20647,2026-01-19 14:04:48,Card Purchase,100.11,United Kingdom,Card
TX007836,20602,2026-05-15 08:12:57,Bank Transfer,181.22,United States,Branch
TX007837,20455,2026-10-01 06:01:08,Card Purchase,188.63,United Kingdom,ATM
TX007838,20076,2026-02-15 13:28:12,Bank Transfer,224.11,Nigeria,Online
TX007839,20671,2026-10-14 12:33:26,Bank Transfer,49.23,UAE,ATM
TX007840,20161,2026-10-17 14:35:38,Card Purchase,36.04,United Kingdom,Card
TX007841,20469,2026-01-13 23:37:04,Deposit,289.79,Germany,Branch
TX007842,20427,2026-05-12 19:54:36,Bank Transfer,72.03,Netherlands,Online
TX007843,20052,2026-03-11 20:43:44,Direct Debit,195.43,United States,Mobile
TX007844,20497,2026-09-06 18:44:18,Card Purchase,652.44,United Kingdom,Card
TX007845,20374,2026-05-22 03:52:14,Card Purchase,634.54,United Kingdom,Mobile
TX007846,20378,2026-08-29 10:57:10,Bank Transfer,102.69,United Kingdom,Card
TX007847,20311,2026-04-12 22:50:28,Card Purchase,98.53,United Kingdom,Mobile
TX007848,20192,2026-10-20 00:46:30,Bank Transfer,9.11,Singapore,Mobile
TX007849,20372,2026-05-09 04:26:34,Direct Debit,196.85,United Kingdom,Online
TX007850,20464,2026-02-10 11:55:43,Cash Withdrawal,42.9,United Kingdom,Card
TX007851,20357,2026-08-13 00:10:39,Deposit,155.45,United Kingdom,Card
TX007852,20192,2026-04-22 09:34:50,Card Purchase,33.59,United Kingdom,Online
TX007853,20125,2026-05-09 11:17:22,Card Purchase,600.18,United Kingdom,Branch
TX007854,20206,2026-03-16 23:27:33,Bank Transfer,53.89,United States,Card
TX007855,20062,2026-04-06 09:18:05,Bank Transfer,377.36,United Kingdom,Branch
TX007856,20663,2026-05-23 18:05:16,Bank Transfer,28.25,United Kingdom,Branch
TX007857,20529,2026-11-23 02:44:25,Card Purchase,50.96,United Kingdom,Online
TX007858,20311,2026-02-04 06:29:31,Direct Debit,20.73,Netherlands,Online
TX007859,20539,2026-01-15 13:59:42,Card Purchase,946.02,France,Online
TX007860,20059,2026-09-28 05:55:34,Cash Withdrawal,254.26,UAE,Mobile
TX007861,20019,2026-02-01 03:36:04,Direct Debit,111.46,Germany,Card
TX007862,20220,2026-11-06 22:06:38,Bank Transfer,204.31,United Kingdom,Mobile
TX007863,20257,2026-05-13 19:18:57,Direct Debit,66.95,Ireland,Online
TX007864,20584,2026-01-20 07:29:11,Direct Debit,120.87,United Kingdom,Branch
TX007865,20631,2026-06-24 15:32:04,Card Purchase,75.96,France,Mobile
TX007866,20113,2026-01-06 07:18:53,Direct Debit,325.94,United States,Mobile
TX007867,20016,2026-05-22 11:18:16,Card Purchase,271.08,United Kingdom,ATM
TX007868,20300,2026-07-21 09:21:47,Card Purchase,100.53,Germany,Online
TX007869,20365,2026-09-15 23:58:11,Deposit,74.57,Nigeria,Online
TX007870,20466,2026-07-04 11:43:50,Bank Transfer,872.52,United Kingdom,Card
TX007871,20441,2026-02-18 00:54:33,Deposit,71.98,United States,Mobile
TX007872,20273,2026-05-24 12:32:22,Cash Withdrawal,20.5,Nigeria,Online
TX007873,20540,2026-09-30 04:40:02,Card Purchase,83.74,United Kingdom,Card
TX007874,20376,2026-11-15 14:36:19,Direct Debit,71.55,Netherlands,Online
TX007875,20195,2026-02-06 02:03:46,Card Purchase,53.26,Spain,Branch
TX007876,20482,2026-02-21 23:20:53,Card Purchase,182.4,Netherlands,Card
TX007877,20013,2026-02-01 07:33:49,Direct Debit,55.38,United Kingdom,Card
TX007878,20476,2026-03-10 06:44:04,Card Purchase,142.01,Ireland,Online
TX007879,20339,2026-08-02 03:19:10,Card Purchase,78.84,United States,Online
TX007880,20301,2026-06-01 08:10:27,Bank Transfer,276.32,Singapore,Online
TX007881,20544,2026-11-25 09:38:24,Bank Transfer,26.32,United Kingdom,ATM
TX007882,20610,2026-09-02 00:56:51,Card Purchase,87.35,United Kingdom,Online
TX007883,20529,2026-12-16 01:20:53,Bank Transfer,457.8,United Kingdom,Mobile
TX007884,20406,2026-10-24 00:36:27,Deposit,456.82,France,Online
TX007885,20369,2026-10-25 23:56:24,Card Purchase,217.98,France,Online
TX007886,20026,2026-09-19 03:59:40,Direct Debit,40.38,United Kingdom,Mobile
TX007887,20550,2026-06-18 09:45:30,Card Purchase,238.82,Singapore,Card
TX007888,20079,2026-07-24 05:45:48,Direct Debit,172.14,Spain,Card
TX007889,20260,2026-05-10 18:50:10,Bank Transfer,382.2,United Kingdom,Online
TX007890,20104,2026-11-26 21:41:31,Deposit,41.8,Singapore,Card
TX007891,20344,2026-10-15 05:48:58,Card Purchase,61.11,United Kingdom,Branch
TX007892,20560,2026-07-07 17:46:19,Card Purchase,151.19,Nigeria,Card
TX007893,20624,2026-01-11 17:30:01,Card Purchase,57.59,United Kingdom,Mobile
TX007894,20550,2026-06-13 01:49:02,Bank Transfer,480.09,United Kingdom,ATM
TX007895,20364,2026-10-20 00:40:37,Card Purchase,43.68,United Kingdom,Online
TX007896,20520,2026-04-06 05:12:25,Card Purchase,49.26,United Kingdom,Card
TX007897,20667,2026-07-15 17:17:26,Card Purchase,46.57,Nigeria,Mobile
TX007898,20442,2026-05-12 14:59:51,Card Purchase,32.75,Germany,Online
TX007899,20379,2026-06-22 17:27:41,Cash Withdrawal,186.24,United Kingdom,Online
TX007900,20074,2026-01-22 19:03:55,Bank Transfer,471.28,Singapore,Online
TX007901,20192,2026-01-11 01:38:41,Deposit,117.88,Spain,Online
TX007902,20639,2026-05-03 19:59:48,Direct Debit,478.49,United Kingdom,Mobile
TX007903,20128,2026-02-26 11:29:30,Bank Transfer,86.87,Netherlands,Card
TX007904,20297,2026-06-19 13:28:47,Card Purchase,116.22,United States,Online
TX007905,20404,2026-03-03 23:18:57,Cash Withdrawal,73.29,Singapore,ATM
TX007906,20515,2026-06-23 23:46:09,Card Purchase,49.23,France,Mobile
TX007907,20401,2026-01-06 17:11:39,Bank Transfer,225.65,United Kingdom,Online
TX007908,20534,2026-04-28 15:22:51,Card Purchase,72.88,United Kingdom,Branch
TX007909,20286,2026-07-03 04:50:40,Bank Transfer,5.38,United States,Mobile
TX007910,20384,2026-04-23 00:42:16,Bank Transfer,542.46,Germany,Online
TX007911,20382,2026-02-22 19:50:06,Card Purchase,34.98,United Kingdom,Online
TX007912,20371,2026-02-23 13:25:38,Card Purchase,44.85,Ireland,Online
TX007913,20284,2026-12-08 06:52:18,Bank Transfer,309.46,United Kingdom,Mobile
TX007914,20643,2026-11-21 07:37:10,Bank Transfer,163.08,United Kingdom,Mobile
TX007915,20156,2026-01-09 08:36:23,Deposit,27.97,UAE,Online
TX007916,20488,2026-11-02 17:36:13,Card Purchase,130.49,United States,Online
TX007917,20591,2026-03-01 07:16:58,Card Purchase,79.74,United Kingdom,Mobile
TX007918,20269,2026-09-21 22:48:51,Bank Transfer,198.15,Ireland,Mobile
TX007919,20134,2026-10-06 17:21:01,Card Purchase,85.52,United Kingdom,Mobile
TX007920,20041,2026-11-11 15:37:59,Cash Withdrawal,42.85,United Kingdom,Card
TX007921,20512,2026-08-10 03:06:22,Bank Transfer,52.1,United Kingdom,Branch
TX007922,20640,2026-02-03 16:04:25,Card Purchase,120.24,United Kingdom,Online
TX007923,20342,2026-05-20 14:50:49,Bank Transfer,32.0,United Kingdom,Mobile
TX007924,20567,2026-11-17 00:48:10,Card Purchase,35.73,United Kingdom,Card
TX007925,20638,2026-04-03 03:24:09,Card Purchase,100.98,United States,Mobile
TX007926,20618,2026-07-08 17:22:13,Cash Withdrawal,89.42,United Kingdom,Online
TX007927,20604,2026-12-12 07:30:05,Bank Transfer,98.47,United Kingdom,Online
TX007928,20028,2026-11-26 01:27:19,Card Purchase,171.52,United Kingdom,Mobile
TX007929,20468,2026-01-25 04:22:39,Cash Withdrawal,239.32,United States,Online
TX007930,20036,2026-05-11 09:55:07,Bank Transfer,71.86,Ireland,Card
TX007931,20277,2026-02-17 16:49:06,Direct Debit,73.58,UAE,Online
TX007932,20001,2026-09-29 00:12:01,Bank Transfer,613.89,Germany,Mobile
TX007933,20305,2026-03-10 00:26:59,Card Purchase,315.61,UAE,Card
TX007934,20230,2026-02-20 09:31:30,Deposit,352.49,United Kingdom,Mobile
TX007935,20165,2026-05-10 02:30:16,Card Purchase,59.69,United Kingdom,Online
TX007936,20530,2026-07-18 19:08:31,Card Purchase,248.48,UAE,ATM
TX007937,20149,2026-11-24 15:22:54,Direct Debit,26.77,Spain,ATM
TX007938,20302,2026-08-21 17:20:10,Card Purchase,639.71,United Kingdom,Mobile
TX007939,20404,2026-04-22 12:14:37,Cash Withdrawal,53.95,United Kingdom,Online
TX007940,20455,2026-07-31 15:45:12,Bank Transfer,65.65,UAE,Mobile
TX007941,20438,2026-12-16 11:00:24,Bank Transfer,115.3,United Kingdom,Mobile
TX007942,20074,2026-02-24 22:50:41,Deposit,28.58,United Kingdom,Mobile
TX007943,20168,2026-10-21 06:36:00,Card Purchase,44.44,United States,Online
TX007944,20316,2026-11-19 11:41:59,Bank Transfer,87.55,United States,Online
TX007945,20536,2026-07-13 12:14:34,Cash Withdrawal,277.36,United Kingdom,Online
TX007946,20626,2026-04-03 01:20:11,Card Purchase,260.31,United Kingdom,Branch
TX007947,20398,2026-08-23 18:08:30,Card Purchase,199.13,United States,Online
TX007948,20489,2026-05-10 22:20:34,Card Purchase,101.5,United Kingdom,Mobile
TX007949,20004,2026-10-04 23:02:22,Bank Transfer,130.24,United Kingdom,Branch
TX007950,20641,2026-04-28 09:01:08,Cash Withdrawal,62.68,United Kingdom,Card
TX007951,20107,2026-12-14 08:37:46,Card Purchase,22.19,United Kingdom,Branch
TX007952,20405,2026-05-30 03:35:02,Bank Transfer,167.57,United Kingdom,ATM
TX007953,20342,2026-01-25 09:37:32,Bank Transfer,31.05,United States,Branch
TX007954,20447,2026-03-02 01:35:04,Bank Transfer,75.37,United Kingdom,ATM
TX007955,20423,2026-10-12 00:10:47,Cash Withdrawal,76.35,Germany,Branch
TX007956,20505,2026-01-08 13:09:09,Direct Debit,27.24,United Kingdom,Online
TX007957,20049,2026-10-28 22:20:52,Card Purchase,31.67,United Kingdom,Mobile
TX007958,20352,2026-09-06 07:50:07,Card Purchase,44.89,Ireland,Card
TX007959,20327,2026-11-04 17:41:58,Direct Debit,267.05,UAE,Online
TX007960,20253,2026-10-18 10:50:31,Card Purchase,188.74,United Kingdom,Branch
TX007961,20034,2026-01-03 23:40:25,Deposit,49.05,United Kingdom,ATM
TX007962,20227,2026-06-20 21:53:29,Card Purchase,89.96,Spain,Mobile
TX007963,20039,2026-03-04 08:22:22,Card Purchase,23.23,Nigeria,Mobile
TX007964,20252,2026-12-23 03:29:55,Card Purchase,49.69,Singapore,Mobile
TX007965,20510,2026-08-16 03:26:53,Direct Debit,116.26,United Kingdom,Branch
TX007966,20481,2026-03-07 17:53:17,Direct Debit,432.43,United Kingdom,Mobile
TX007967,20235,2026-04-22 10:09:53,Bank Transfer,179.24,United States,Card
TX007968,20061,2026-01-01 20:42:58,Bank Transfer,187.37,Nigeria,ATM
TX007969,20479,2026-03-22 16:10:42,Card Purchase,13.54,United Kingdom,Branch
TX007970,20030,2026-12-19 03:22:48,Card Purchase,146.45,United Kingdom,ATM
TX007971,20122,2026-08-11 00:21:56,Deposit,48.58,France,Online
TX007972,20005,2026-05-07 02:18:20,Bank Transfer,75.4,Germany,Branch
TX007973,20424,2026-09-07 10:10:47,Bank Transfer,185.41,United Kingdom,ATM
TX007974,20229,2026-04-25 04:21:30,Deposit,45.93,United Kingdom,ATM
TX007975,20523,2026-05-09 17:32:40,Card Purchase,559.5,United Kingdom,Mobile
TX007976,20393,2026-01-23 18:14:47,Bank Transfer,297.32,Nigeria,Online
TX007977,20596,2026-11-08 07:49:40,Card Purchase,393.52,UAE,Online
TX007978,20240,2026-09-04 17:28:01,Bank Transfer,162.0,United States,Card
TX007979,20392,2026-08-16 02:31:51,Deposit,2194.03,United Kingdom,Branch
TX007980,20016,2026-11-28 19:36:58,Deposit,123.52,United Kingdom,ATM
TX007981,20097,2026-08-27 05:06:19,Card Purchase,188.78,Spain,Mobile
TX007982,20299,2026-11-14 05:40:48,Card Purchase,13.22,United Kingdom,Online
TX007983,20416,2026-10-08 01:26:33,Direct Debit,171.36,Ireland,Online
TX007984,20489,2026-01-24 12:23:21,Card Purchase,141.63,United Kingdom,Online
TX007985,20371,2026-07-31 17:29:57,Direct Debit,211.68,United Kingdom,Online
TX007986,20497,2026-05-11 13:59:00,Bank Transfer,35.43,United Kingdom,Mobile
TX007987,20540,2026-08-14 20:46:11,Bank Transfer,51.23,United Kingdom,Mobile
TX007988,20291,2026-08-03 23:13:53,Card Purchase,55.56,Germany,Online
TX007989,20073,2026-08-04 18:16:02,Bank Transfer,51.85,United Kingdom,Mobile
TX007990,20144,2026-02-05 13:05:24,Card Purchase,145.74,United Kingdom,ATM
TX007991,20233,2026-05-15 13:38:42,Cash Withdrawal,23.62,United Kingdom,Card
TX007992,20335,2026-08-28 09:27:23,Direct Debit,292.27,Spain,Branch
TX007993,20609,2026-10-05 21:36:46,Direct Debit,23.89,United Kingdom,Online
TX007994,20162,2026-05-12 16:51:20,Direct Debit,454.5,Nigeria,Branch
TX007995,20666,2026-08-15 19:11:12,Deposit,11.35,United Kingdom,Online
TX007996,20552,2026-09-02 00:46:20,Direct Debit,42.1,United Kingdom,Mobile
TX007997,20064,2026-11-26 00:23:41,Card Purchase,530.11,United Kingdom,Card
TX007998,20101,2026-04-18 14:25:47,Cash Withdrawal,68.54,United States,Mobile
TX007999,20569,2026-06-17 05:58:31,Card Purchase,155.65,Singapore,Online
TX008000,20499,2026-10-14 08:20:49,Cash Withdrawal,32.74,United Kingdom,Online
TX008001,20107,2026-12-07 16:49:44,Card Purchase,166.92,United Kingdom,Mobile
TX008002,20052,2026-05-01 15:53:14,Card Purchase,30.71,Netherlands,Mobile
TX008003,20311,2026-05-12 22:09:46,Card Purchase,113.53,Netherlands,Branch
TX008004,20436,2026-05-10 15:05:11,Deposit,199.44,United Kingdom,Online
TX008005,20588,2026-07-06 07:37:10,Card Purchase,177.46,United Kingdom,Mobile
TX008006,20362,2026-09-18 15:48:28,Card Purchase,182.02,France,Mobile
TX008007,20580,2026-03-05 18:37:04,Card Purchase,29.35,Nigeria,Online
TX008008,20542,2026-12-22 16:10:17,Bank Transfer,74.65,United Kingdom,Mobile
TX008009,20436,2026-07-06 09:15:28,Card Purchase,340.58,France,Branch
TX008010,20581,2026-11-16 21:22:07,Bank Transfer,62.16,Ireland,Mobile
TX008011,20020,2026-12-07 18:37:29,Card Purchase,146.35,United Kingdom,Mobile
TX008012,20247,2026-10-11 10:12:28,Deposit,120.12,France,Online
TX008013,20594,2026-11-15 02:16:43,Card Purchase,185.18,United Kingdom,Branch
TX008014,20087,2026-11-12 13:55:09,Card Purchase,13.23,United Kingdom,Online
TX008015,20067,2026-08-14 21:46:08,Bank Transfer,512.4,United States,Branch
TX008016,20314,2026-04-08 02:21:36,Card Purchase,49.38,United Kingdom,Card
TX008017,20051,2026-05-03 20:50:48,Bank Transfer,94.57,United Kingdom,Online
TX008018,20062,2026-11-04 10:26:45,Card Purchase,104.35,France,ATM
TX008019,20455,2026-03-30 18:11:32,Cash Withdrawal,39.17,United Kingdom,Mobile
TX008020,20451,2026-10-26 02:01:07,Card Purchase,33.94,United States,Mobile
TX008021,20356,2026-05-28 23:44:29,Cash Withdrawal,86.02,United Kingdom,Online
TX008022,20379,2026-03-06 01:15:34,Direct Debit,71.54,Singapore,Mobile
TX008023,20508,2026-09-28 04:42:10,Card Purchase,5.57,Netherlands,Card
TX008024,20423,2026-08-28 16:09:33,Deposit,61.05,Nigeria,Card
TX008025,20242,2026-09-20 03:12:08,Card Purchase,24.06,United Kingdom,Online
TX008026,20174,2026-02-08 00:36:33,Cash Withdrawal,876.61,Nigeria,Card
TX008027,20131,2026-01-25 01:03:24,Direct Debit,55.59,United Kingdom,Mobile
TX008028,20614,2026-10-20 08:46:54,Card Purchase,340.4,United Kingdom,Mobile
TX008029,20037,2026-03-08 07:21:45,Bank Transfer,137.47,United Kingdom,Online
TX008030,20170,2026-01-14 06:52:38,Bank Transfer,620.48,United Kingdom,Online
TX008031,20522,2026-02-10 11:40:15,Card Purchase,491.85,United Kingdom,Online
TX008032,20403,2026-06-27 16:09:44,Bank Transfer,220.22,Ireland,Card
TX008033,20588,2026-07-31 11:42:51,Card Purchase,188.75,Singapore,Online
TX008034,20035,2026-02-13 06:58:44,Card Purchase,892.8,UAE,ATM
TX008035,20561,2026-04-27 05:11:02,Cash Withdrawal,23.06,UAE,Online
TX008036,20354,2026-01-10 22:30:19,Card Purchase,142.54,United States,Online
TX008037,20193,2026-08-09 07:17:52,Bank Transfer,51.11,United Kingdom,Mobile
TX008038,20641,2026-02-10 08:50:03,Direct Debit,41.04,United States,Card
TX008039,20071,2026-11-05 01:28:00,Bank Transfer,248.87,United States,ATM
TX008040,20446,2026-07-31 16:00:05,Card Purchase,82.82,United Kingdom,Branch
TX008041,20082,2026-12-19 01:58:15,Bank Transfer,65.79,Germany,Mobile
TX008042,20200,2026-01-18 20:01:53,Card Purchase,1445.4,United Kingdom,Online
TX008043,20285,2026-11-02 09:21:40,Direct Debit,49.28,United Kingdom,Branch
TX008044,20077,2026-11-22 10:44:37,Deposit,143.93,United States,Card
TX008045,20405,2026-05-03 11:30:44,Card Purchase,135.45,United Kingdom,Branch
TX008046,20299,2026-04-05 14:17:45,Card Purchase,105.88,Nigeria,Online
TX008047,20559,2026-06-03 23:14:25,Card Purchase,28.55,United Kingdom,Mobile
TX008048,20293,2026-06-19 09:24:37,Card Purchase,148.25,France,Mobile
TX008049,20261,2026-03-30 16:29:26,Deposit,89.93,Germany,Card
TX008050,20318,2026-01-03 05:20:54,Bank Transfer,35.02,United Kingdom,Online
TX008051,20044,2026-12-16 10:52:42,Card Purchase,37.87,United Kingdom,Card
TX008052,20171,2026-07-16 21:50:19,Card Purchase,131.32,Germany,Online
TX008053,20493,2026-12-25 06:35:59,Card Purchase,439.1,Germany,Branch
TX008054,20401,2026-08-03 09:57:03,Bank Transfer,62.18,Ireland,ATM
TX008055,20016,2026-11-12 09:14:18,Direct Debit,31.8,United Kingdom,Card
TX008056,20153,2026-11-10 23:57:16,Card Purchase,174.53,United Kingdom,ATM
TX008057,20248,2026-02-22 16:04:35,Card Purchase,84.91,Netherlands,Online
TX008058,20343,2026-05-24 14:40:19,Card Purchase,33.23,United Kingdom,Mobile
TX008059,20317,2026-06-28 21:43:46,Card Purchase,65.13,United Kingdom,Branch
TX008060,20303,2026-12-16 07:28:45,Bank Transfer,88.87,United States,Mobile
TX008061,20506,2026-12-20 14:15:57,Bank Transfer,171.43,Germany,Mobile
TX008062,20543,2026-05-14 13:15:13,Card Purchase,37.14,UAE,Card
TX008063,20035,2026-05-14 09:40:15,Card Purchase,60.26,United Kingdom,Card
TX008064,20114,2026-04-29 08:36:04,Bank Transfer,61.97,United Kingdom,Card
TX008065,20639,2026-12-16 18:59:56,Direct Debit,145.27,United Kingdom,Mobile
TX008066,20385,2026-07-10 22:09:18,Bank Transfer,39.16,Singapore,Mobile
TX008067,20168,2026-08-11 09:17:44,Card Purchase,407.82,United Kingdom,Card
TX008068,20141,2026-03-27 16:31:49,Cash Withdrawal,465.88,United Kingdom,ATM
TX008069,20477,2026-11-24 06:53:17,Deposit,105.13,France,Online
TX008070,20388,2026-10-15 21:19:44,Direct Debit,56.03,United Kingdom,ATM
TX008071,20537,2026-04-13 11:23:54,Card Purchase,213.35,Singapore,Card
TX008072,20062,2026-10-14 15:47:53,Card Purchase,12.51,United Kingdom,Online
TX008073,20077,2026-02-24 21:07:05,Bank Transfer,98.08,Nigeria,Mobile
TX008074,20328,2026-06-07 21:41:08,Deposit,253.53,United States,Mobile
TX008075,20334,2026-05-21 01:55:22,Bank Transfer,173.67,United Kingdom,Card
TX008076,20209,2026-12-19 06:38:52,Bank Transfer,318.82,United Kingdom,Card
TX008077,20208,2026-12-07 12:00:21,Card Purchase,196.32,United Kingdom,Card
TX008078,20332,2026-05-27 18:25:53,Card Purchase,31.53,France,Mobile
TX008079,20584,2026-08-26 20:49:25,Card Purchase,63.61,United Kingdom,Branch
TX008080,20417,2026-06-10 01:37:14,Card Purchase,91.57,United Kingdom,Card
TX008081,20540,2026-04-09 17:51:39,Card Purchase,1070.13,Ireland,Branch
TX008082,20182,2026-03-12 10:34:10,Bank Transfer,631.99,United Kingdom,ATM
TX008083,20578,2026-09-01 10:44:52,Deposit,54.2,United Kingdom,Online
TX008084,20573,2026-03-30 16:07:04,Bank Transfer,57.66,United Kingdom,Card
TX008085,20295,2026-07-20 02:28:19,Direct Debit,377.04,Nigeria,Card
TX008086,20048,2026-10-07 01:00:00,Card Purchase,184.22,Nigeria,Mobile
TX008087,20434,2026-09-12 23:02:48,Direct Debit,49.44,Spain,Mobile
TX008088,20397,2026-10-12 00:55:15,Bank Transfer,14.02,United Kingdom,Mobile
TX008089,20023,2026-05-13 09:25:45,Bank Transfer,116.6,Netherlands,Online
TX008090,20130,2026-06-05 20:46:40,Deposit,123.47,United Kingdom,Mobile
TX008091,20639,2026-04-23 20:22:29,Direct Debit,66.97,United Kingdom,Mobile
TX008092,20557,2026-08-02 07:15:32,Direct Debit,363.91,United States,Mobile
TX008093,20512,2026-03-17 10:25:08,Card Purchase,109.12,UAE,Mobile
TX008094,20371,2026-02-08 13:04:41,Direct Debit,402.65,United Kingdom,ATM
TX008095,20549,2026-12-11 22:37:33,Card Purchase,40.27,United Kingdom,Mobile
TX008096,20373,2026-02-15 21:20:40,Card Purchase,492.31,United Kingdom,Card
TX008097,20103,2026-11-22 15:02:45,Direct Debit,135.95,Germany,Card
TX008098,20237,2026-12-24 15:19:47,Card Purchase,20.59,United Kingdom,Branch
TX008099,20194,2026-09-17 01:33:30,Bank Transfer,46.35,United Kingdom,Card
TX008100,20554,2026-03-19 04:29:06,Cash Withdrawal,46.15,United Kingdom,Mobile
TX008101,20171,2026-11-15 10:24:05,Direct Debit,179.18,United Kingdom,ATM
TX008102,20247,2026-02-26 23:32:34,Direct Debit,20.98,United Kingdom,Online
TX008103,20148,2026-01-31 03:10:39,Card Purchase,64.86,UAE,Mobile
TX008104,20642,2026-01-09 23:20:20,Direct Debit,183.96,United Kingdom,ATM
TX008105,20362,2026-11-23 13:56:38,Card Purchase,26.94,United Kingdom,Mobile
TX008106,20533,2026-03-02 10:36:10,Bank Transfer,181.19,United Kingdom,Card
TX008107,20563,2026-07-22 09:26:21,Card Purchase,25.69,France,Card
TX008108,20019,2026-12-30 21:45:31,Bank Transfer,120.38,United Kingdom,Card
TX008109,20031,2026-08-26 04:30:21,Card Purchase,173.43,United Kingdom,ATM
TX008110,20476,2026-06-10 13:36:28,Bank Transfer,18.95,UAE,Card
TX008111,20071,2026-11-16 09:37:51,Card Purchase,55.41,United Kingdom,Card
TX008112,20227,2026-03-06 07:55:11,Bank Transfer,117.79,United Kingdom,Online
TX008113,20185,2026-01-23 03:14:18,Card Purchase,18.86,United States,Card
TX008114,20313,2026-10-26 15:45:22,Bank Transfer,4.44,United Kingdom,Online
TX008115,20195,2026-01-10 17:41:44,Card Purchase,121.58,United Kingdom,Mobile
TX008116,20633,2026-02-10 12:15:02,Deposit,21.4,UAE,Mobile
TX008117,20093,2026-07-06 05:22:31,Direct Debit,30.11,United Kingdom,Online
TX008118,20363,2026-06-08 06:57:10,Bank Transfer,9224.19,Netherlands,ATM
TX008119,20111,2026-04-06 14:01:14,Bank Transfer,186.06,Ireland,ATM
TX008120,20554,2026-01-02 19:06:18,Card Purchase,436.21,Singapore,Online
TX008121,20087,2026-10-14 21:54:49,Bank Transfer,102.72,UAE,Mobile
TX008122,20414,2026-10-23 14:40:32,Bank Transfer,57.7,United States,Branch
TX008123,20111,2026-04-04 11:04:34,Direct Debit,116.8,UAE,Online
TX008124,20238,2026-02-04 17:34:22,Card Purchase,168.68,France,Mobile
TX008125,20516,2026-07-18 15:45:55,Card Purchase,77.9,United States,Mobile
TX008126,20368,2026-04-21 08:24:03,Deposit,62.7,United Kingdom,ATM
TX008127,20666,2026-01-08 05:53:45,Card Purchase,18.52,Singapore,Online
TX008128,20512,2026-09-24 15:58:32,Card Purchase,726.14,United Kingdom,Card
TX008129,20514,2026-04-17 15:12:59,Bank Transfer,54.1,Netherlands,ATM
TX008130,20097,2026-11-12 08:17:43,Card Purchase,182.14,United Kingdom,Mobile
TX008131,20666,2026-05-16 07:47:55,Bank Transfer,23.18,Singapore,Online
TX008132,20222,2026-10-09 18:01:37,Card Purchase,532.93,United Kingdom,Card
TX008133,20517,2026-01-28 11:29:55,Cash Withdrawal,118.19,Spain,Mobile
TX008134,20007,2026-05-13 09:33:27,Card Purchase,107.13,United Kingdom,Card
TX008135,20632,2026-06-19 14:51:19,Cash Withdrawal,362.5,UAE,Branch
TX008136,20506,2026-07-30 18:55:58,Cash Withdrawal,108.67,Netherlands,Branch
TX008137,20056,2026-05-30 13:33:12,Bank Transfer,60.72,United Kingdom,Mobile
TX008138,20619,2026-01-07 18:52:26,Cash Withdrawal,1138.03,United Kingdom,Card
TX008139,20244,2026-05-09 07:34:13,Card Purchase,168.55,United Kingdom,Mobile
TX008140,20137,2026-06-16 19:50:32,Card Purchase,197.43,United Kingdom,Online
TX008141,20114,2026-01-12 16:43:31,Direct Debit,205.2,Nigeria,Mobile
TX008142,20174,2026-09-05 02:40:11,Card Purchase,70.28,Netherlands,Mobile
TX008143,20384,2026-04-03 17:25:33,Card Purchase,66.67,France,Mobile
TX008144,20114,2026-10-30 02:52:25,Deposit,43.17,Spain,Mobile
TX008145,20224,2026-12-18 21:26:21,Bank Transfer,51.79,Nigeria,Mobile
TX008146,20184,2026-06-18 22:19:47,Deposit,196.43,United Kingdom,Mobile
TX008147,20218,2026-09-14 20:10:09,Deposit,110.27,France,Card
TX008148,20653,2026-07-14 17:10:36,Bank Transfer,31.52,United Kingdom,Mobile
TX008149,20278,2026-03-21 18:07:54,Bank Transfer,714.39,United Kingdom,Online
TX008150,20449,2026-04-02 22:25:22,Bank Transfer,563.3,Spain,Online
TX008151,20205,2026-05-12 22:05:01,Card Purchase,624.88,United Kingdom,Online
TX008152,20644,2026-09-14 22:42:07,Direct Debit,53.95,United Kingdom,Online
TX008153,20514,2026-11-20 00:35:22,Cash Withdrawal,202.15,United Kingdom,Mobile
TX008154,20601,2026-10-04 10:04:02,Card Purchase,757.47,United Kingdom,Card
TX008155,20262,2026-07-20 17:15:17,Card Purchase,280.89,United Kingdom,Online
TX008156,20550,2026-01-05 09:08:50,Card Purchase,32.14,United Kingdom,Mobile
TX008157,20556,2026-11-22 00:40:35,Card Purchase,1271.31,United Kingdom,Online
TX008158,20216,2026-05-01 11:14:16,Direct Debit,69.94,Nigeria,Online
TX008159,20230,2026-09-07 23:48:02,Bank Transfer,46.16,United Kingdom,Mobile
TX008160,20585,2026-08-03 21:25:22,Bank Transfer,287.03,United Kingdom,Card
TX008161,20135,2026-09-17 20:32:41,Bank Transfer,564.48,UAE,Mobile
TX008162,20511,2026-09-26 03:36:51,Cash Withdrawal,118.68,Spain,Mobile
TX008163,20091,2026-02-01 09:39:17,Card Purchase,99.03,United Kingdom,Online
TX008164,20451,2026-09-20 00:34:17,Direct Debit,68.82,United Kingdom,Card
TX008165,20238,2026-03-19 09:36:51,Card Purchase,34.53,Germany,Mobile
TX008166,20234,2026-05-06 16:23:44,Card Purchase,154.09,Germany,ATM
TX008167,20269,2026-08-09 11:13:56,Bank Transfer,162.11,United Kingdom,Mobile
TX008168,20084,2026-10-11 15:09:25,Bank Transfer,55.68,United Kingdom,Mobile
TX008169,20108,2026-11-14 15:11:47,Cash Withdrawal,494.79,United Kingdom,Mobile
TX008170,20559,2026-03-27 15:56:25,Deposit,23.97,United Kingdom,Online
TX008171,20662,2026-03-24 04:30:07,Direct Debit,22.86,Nigeria,Mobile
TX008172,20488,2026-03-02 18:38:49,Card Purchase,34.77,United Kingdom,Branch
TX008173,20653,2026-07-17 15:38:41,Direct Debit,108.63,United Kingdom,Mobile
TX008174,20623,2026-07-21 01:46:30,Deposit,79.12,Germany,Card
TX008175,20630,2026-08-28 11:02:52,Direct Debit,29.21,United Kingdom,ATM
TX008176,20183,2026-07-26 02:10:49,Bank Transfer,283.45,United Kingdom,Card
TX008177,20056,2026-02-26 20:51:51,Card Purchase,70.42,Germany,Mobile
TX008178,20193,2026-06-22 08:44:50,Card Purchase,45.42,United Kingdom,Branch
TX008179,20390,2026-09-24 14:25:32,Bank Transfer,23.86,United Kingdom,Online
TX008180,20578,2026-12-17 00:20:56,Card Purchase,5.12,United Kingdom,Branch
TX008181,20573,2026-01-01 09:53:21,Bank Transfer,47.35,Nigeria,Mobile
TX008182,20617,2026-01-08 04:55:23,Card Purchase,96.14,Spain,ATM
TX008183,20351,2026-12-28 06:14:45,Deposit,45.18,United States,ATM
TX008184,20340,2026-06-10 17:41:05,Cash Withdrawal,37.88,Netherlands,Online
TX008185,20528,2026-06-16 06:20:22,Direct Debit,9.45,UAE,Card
TX008186,20117,2026-09-01 07:31:07,Cash Withdrawal,271.97,United Kingdom,Card
TX008187,20287,2026-06-06 11:34:36,Bank Transfer,348.44,United Kingdom,Mobile
TX008188,20323,2026-03-18 23:36:50,Bank Transfer,66.91,Ireland,Mobile
TX008189,20656,2026-07-23 14:33:02,Card Purchase,43.12,United Kingdom,Mobile
TX008190,20412,2026-01-13 17:55:03,Cash Withdrawal,145.34,United Kingdom,Mobile
TX008191,20565,2026-09-10 19:44:48,Card Purchase,72.04,United Kingdom,Online
TX008192,20232,2026-11-13 17:06:07,Card Purchase,135.83,United Kingdom,Card
TX008193,20622,2026-01-30 08:38:13,Bank Transfer,75.07,France,Mobile
TX008194,20651,2026-05-09 13:00:27,Deposit,57.01,United Kingdom,ATM
TX008195,20242,2026-01-29 05:32:01,Card Purchase,104.67,United Kingdom,Branch
TX008196,20512,2026-08-18 10:23:40,Card Purchase,142.09,United Kingdom,ATM
TX008197,20467,2026-06-04 21:30:01,Card Purchase,90.07,Germany,Mobile
TX008198,20101,2026-07-01 18:08:17,Card Purchase,67.48,United Kingdom,Card
TX008199,20404,2026-06-19 19:35:59,Bank Transfer,38.56,United Kingdom,Mobile
TX008200,20215,2026-03-16 17:08:23,Bank Transfer,76.46,United Kingdom,Online
TX008201,20047,2026-02-21 23:36:04,Bank Transfer,20.73,United Kingdom,Card
TX008202,20534,2026-11-18 00:51:13,Card Purchase,16.53,Singapore,Branch
TX008203,20295,2026-12-05 10:30:00,Card Purchase,128.84,United States,Mobile
TX008204,20124,2026-04-26 00:00:17,Direct Debit,57.74,United States,Online
TX008205,20510,2026-03-03 08:15:53,Card Purchase,72.85,United Kingdom,Card
TX008206,20050,2026-09-10 22:34:52,Card Purchase,61.72,United Kingdom,Online
TX008207,20161,2026-03-10 07:58:14,Deposit,153.73,Germany,Mobile
TX008208,20607,2026-07-05 05:21:04,Card Purchase,65.94,United Kingdom,Online
TX008209,20604,2026-09-10 13:38:34,Bank Transfer,48.23,United Kingdom,Online
TX008210,20008,2026-01-19 21:47:51,Bank Transfer,123.93,United Kingdom,Mobile
TX008211,20387,2026-11-15 18:38:56,Card Purchase,25.32,United States,Mobile
TX008212,20629,2026-02-06 20:04:53,Deposit,19.25,Netherlands,Mobile
TX008213,20516,2026-02-01 03:19:19,Bank Transfer,230.85,United Kingdom,Branch
TX008214,20651,2026-02-12 13:37:53,Card Purchase,11.43,Spain,Online
TX008215,20216,2026-06-13 18:46:57,Cash Withdrawal,64.4,United Kingdom,Mobile
TX008216,20434,2026-03-16 08:51:19,Cash Withdrawal,23.97,United Kingdom,Online
TX008217,20145,2026-06-04 02:39:49,Card Purchase,307.48,United Kingdom,Mobile
TX008218,20602,2026-12-27 14:34:59,Direct Debit,375.68,Singapore,Online
TX008219,20457,2026-01-19 13:03:32,Card Purchase,125.27,United Kingdom,Online
TX008220,20431,2026-10-15 07:34:23,Direct Debit,323.82,Germany,Online
TX008221,20032,2026-01-17 19:31:48,Card Purchase,22.18,United Kingdom,Mobile
TX008222,20229,2026-12-08 22:33:59,Card Purchase,1401.04,United States,Mobile
TX008223,20381,2026-09-05 08:15:23,Card Purchase,648.03,United Kingdom,Card
TX008224,20197,2026-08-30 05:34:29,Direct Debit,60.76,United Kingdom,Mobile
TX008225,20392,2026-01-01 00:21:27,Card Purchase,82.72,United Kingdom,Online
TX008226,20013,2026-09-13 23:08:55,Bank Transfer,139.57,Ireland,Mobile
TX008227,20587,2026-01-01 10:05:44,Card Purchase,265.22,United Kingdom,Card
TX008228,20062,2026-06-08 22:21:19,Card Purchase,665.16,United Kingdom,Online
TX008229,20300,2026-02-01 01:06:59,Bank Transfer,13.39,United Kingdom,ATM
TX008230,20189,2026-06-27 10:32:23,Cash Withdrawal,19.26,United Kingdom,Card
TX008231,20157,2026-01-02 06:22:16,Bank Transfer,898.29,United Kingdom,Online
TX008232,20226,2026-10-11 16:43:39,Cash Withdrawal,58.46,United Kingdom,Card
TX008233,20618,2026-11-06 12:05:09,Card Purchase,78.17,United Kingdom,Mobile
TX008234,20557,2026-10-23 00:22:42,Deposit,274.79,UAE,Online
TX008235,20471,2026-08-14 04:12:10,Direct Debit,261.58,Ireland,Online
TX008236,20147,2026-04-07 23:17:58,Card Purchase,555.13,United Kingdom,Branch
TX008237,20589,2026-11-10 18:25:41,Card Purchase,25.62,UAE,ATM
TX008238,20521,2026-01-16 22:32:40,Bank Transfer,19.87,UAE,Mobile
TX008239,20491,2026-10-21 13:17:31,Bank Transfer,67.75,United Kingdom,Online
TX008240,20278,2026-07-11 04:18:44,Direct Debit,115.49,United Kingdom,Online
TX008241,20306,2026-01-17 12:55:58,Direct Debit,135.87,United Kingdom,Mobile
TX008242,20403,2026-08-22 14:40:47,Card Purchase,147.75,United Kingdom,Online
TX008243,20487,2026-08-03 18:56:07,Bank Transfer,305.0,United States,Mobile
TX008244,20588,2026-09-29 05:53:39,Cash Withdrawal,59.09,United Kingdom,Online
TX008245,20483,2026-09-06 15:20:00,Card Purchase,197.73,United Kingdom,Online
TX008246,20559,2026-01-23 19:09:03,Card Purchase,387.6,United States,Mobile
TX008247,20458,2026-04-14 09:18:18,Card Purchase,89.41,United Kingdom,Card
TX008248,20246,2026-05-15 06:51:32,Card Purchase,130.14,United Kingdom,Card
TX008249,20217,2026-09-29 05:18:20,Card Purchase,81.32,United Kingdom,Mobile
TX008250,20651,2026-05-09 10:07:37,Bank Transfer,193.24,Germany,Card
TX008251,20072,2026-03-02 09:43:38,Card Purchase,156.24,United Kingdom,Card
TX008252,20045,2026-01-23 00:54:32,Card Purchase,80.22,United Kingdom,Mobile
TX008253,20047,2026-04-29 19:59:50,Bank Transfer,114.48,United Kingdom,ATM
TX008254,20123,2026-11-20 13:34:00,Card Purchase,157.01,United Kingdom,Mobile
TX008255,20205,2026-09-25 07:07:18,Card Purchase,168.57,United Kingdom,Online
TX008256,20265,2026-09-21 03:55:32,Bank Transfer,114.98,United Kingdom,Mobile
TX008257,20575,2026-12-08 16:13:00,Bank Transfer,200.0,Spain,Mobile
TX008258,20536,2026-02-08 01:12:22,Card Purchase,136.6,United Kingdom,Card
TX008259,20158,2026-11-22 18:16:01,Bank Transfer,105.55,United Kingdom,Online
TX008260,20073,2026-04-01 02:54:01,Bank Transfer,135.43,United Kingdom,Mobile
TX008261,20620,2026-04-22 09:14:23,Card Purchase,809.27,United Kingdom,Card
TX008262,20039,2026-04-01 16:59:32,Bank Transfer,257.41,Nigeria,Mobile
TX008263,20144,2026-10-25 18:30:47,Card Purchase,299.32,Singapore,Card
TX008264,20375,2026-01-12 00:49:29,Deposit,73.14,Nigeria,Card
TX008265,20665,2026-04-29 01:33:17,Direct Debit,56.02,France,Online
TX008266,20651,2026-01-29 01:58:13,Card Purchase,148.68,France,Card
TX008267,20046,2026-03-20 16:52:19,Direct Debit,344.0,France,Mobile
TX008268,20418,2026-10-08 18:54:20,Deposit,29.89,United Kingdom,Online
TX008269,20617,2026-11-03 12:04:00,Direct Debit,372.85,France,Card
TX008270,20373,2026-06-10 20:42:38,Bank Transfer,85.15,Nigeria,Mobile
TX008271,20297,2026-10-05 08:47:58,Bank Transfer,28.06,United Kingdom,Online
TX008272,20469,2026-05-22 21:40:57,Deposit,412.39,Netherlands,ATM
TX008273,20153,2026-02-17 03:41:39,Bank Transfer,31.09,United Kingdom,Card
TX008274,20253,2026-11-09 06:22:18,Deposit,48.5,United Kingdom,Branch
TX008275,20312,2026-07-06 11:21:50,Direct Debit,164.65,United Kingdom,Card
TX008276,20211,2026-09-28 14:35:59,Direct Debit,41.23,United Kingdom,Branch
TX008277,20001,2026-01-26 19:40:42,Cash Withdrawal,66.07,United States,Mobile
TX008278,20169,2026-11-03 23:25:10,Card Purchase,8.84,Germany,Mobile
TX008279,20385,2026-01-18 00:04:24,Direct Debit,150.02,United States,ATM
TX008280,20528,2026-03-18 20:51:03,Card Purchase,396.83,United Kingdom,Branch
TX008281,20622,2026-03-28 18:23:44,Card Purchase,160.48,United States,Card
TX008282,20057,2026-04-27 02:55:55,Bank Transfer,127.25,United Kingdom,Branch
TX008283,20430,2026-03-17 11:28:01,Card Purchase,84.45,United Kingdom,Online
TX008284,20351,2026-02-03 20:32:37,Deposit,7.26,United Kingdom,Mobile
TX008285,20095,2026-04-30 06:35:52,Bank Transfer,147.9,Spain,Branch
TX008286,20529,2026-05-19 05:05:21,Card Purchase,101.11,United Kingdom,Branch
TX008287,20579,2026-02-05 06:25:00,Card Purchase,189.45,United States,Online
TX008288,20438,2026-11-03 10:51:48,Cash Withdrawal,243.74,United Kingdom,Card
TX008289,20310,2026-11-18 09:18:28,Bank Transfer,327.02,United Kingdom,Online
TX008290,20086,2026-01-01 11:40:47,Deposit,116.47,United States,Mobile
TX008291,20479,2026-06-06 08:08:49,Bank Transfer,220.5,United Kingdom,ATM
TX008292,20643,2026-06-13 15:23:19,Deposit,247.38,United Kingdom,Card
TX008293,20300,2026-04-29 13:42:35,Card Purchase,106.27,United States,Online
TX008294,20561,2026-11-09 09:03:52,Direct Debit,32.69,United Kingdom,ATM
TX008295,20593,2026-02-11 07:09:27,Card Purchase,84.37,United Kingdom,Card
TX008296,20149,2026-11-24 12:27:46,Direct Debit,74.02,United Kingdom,Card
TX008297,20172,2026-09-27 17:37:12,Deposit,417.5,United Kingdom,Mobile
TX008298,20443,2026-08-08 18:42:15,Direct Debit,68.87,United Kingdom,Card
TX008299,20261,2026-05-30 02:30:11,Direct Debit,64.86,United Kingdom,Card
TX008300,20375,2026-10-07 04:24:16,Direct Debit,48.64,France,Branch
TX008301,20023,2026-07-14 19:54:33,Cash Withdrawal,87.06,United Kingdom,Mobile
TX008302,20052,2026-08-23 12:55:56,Card Purchase,109.37,Singapore,Mobile
TX008303,20020,2026-02-20 15:18:23,Card Purchase,90.65,United Kingdom,Branch
TX008304,20406,2026-08-10 22:32:53,Card Purchase,40.4,Germany,Online
TX008305,20137,2026-01-22 04:31:22,Bank Transfer,21.62,United Kingdom,Online
TX008306,20432,2026-09-07 05:36:38,Card Purchase,26.36,Nigeria,Mobile
TX008307,20263,2026-03-26 02:34:43,Bank Transfer,7.15,United Kingdom,Online
TX008308,20164,2026-09-01 13:10:36,Direct Debit,132.42,United Kingdom,Card
TX008309,20190,2026-03-10 02:53:37,Card Purchase,1006.58,United Kingdom,Mobile
TX008310,20659,2026-09-16 00:59:19,Card Purchase,55.21,United Kingdom,ATM
TX008311,20181,2026-06-07 04:38:07,Bank Transfer,130.49,Germany,Online
TX008312,20101,2026-05-07 01:57:48,Cash Withdrawal,31.44,Germany,Mobile
TX008313,20338,2026-03-15 13:46:35,Cash Withdrawal,157.32,Spain,Online
TX008314,20662,2026-03-29 23:25:36,Card Purchase,6.25,Ireland,Online
TX008315,20101,2026-01-27 05:41:19,Bank Transfer,73.68,United Kingdom,Card
TX008316,20509,2026-07-25 04:50:01,Cash Withdrawal,518.12,Germany,ATM
TX008317,20460,2026-04-09 16:11:33,Card Purchase,160.12,United Kingdom,Online
TX008318,20205,2026-12-19 21:34:36,Card Purchase,366.08,United Kingdom,ATM
TX008319,20408,2026-12-09 07:45:18,Card Purchase,129.99,United Kingdom,Online
TX008320,20311,2026-07-08 19:49:09,Direct Debit,422.16,United Kingdom,Card
TX008321,20414,2026-01-28 05:13:55,Deposit,246.29,United Kingdom,Mobile
TX008322,20293,2026-12-05 03:46:06,Bank Transfer,80.82,Spain,Mobile
TX008323,20576,2026-05-31 11:58:34,Direct Debit,98.02,United Kingdom,Online
TX008324,20565,2026-01-28 22:14:02,Card Purchase,189.46,United Kingdom,Mobile
TX008325,20657,2026-10-07 14:01:23,Bank Transfer,53.38,United Kingdom,Card
TX008326,20341,2026-12-09 07:29:37,Direct Debit,23.1,United Kingdom,Mobile
TX008327,20048,2026-07-06 19:31:46,Direct Debit,41.04,UAE,Mobile
TX008328,20427,2026-01-15 05:53:00,Card Purchase,100.99,Netherlands,Card
TX008329,20145,2026-06-02 12:40:20,Bank Transfer,35.23,United States,Mobile
TX008330,20518,2026-02-28 04:44:48,Card Purchase,291.53,Ireland,Online
TX008331,20330,2026-11-30 06:23:13,Bank Transfer,76.38,United Kingdom,ATM
TX008332,20380,2026-11-22 22:21:12,Card Purchase,25.21,United Kingdom,Branch
TX008333,20483,2026-09-04 15:55:40,Card Purchase,18.75,Germany,Branch
TX008334,20280,2026-10-13 02:45:18,Direct Debit,39.13,United States,Online
TX008335,20664,2026-12-14 05:15:18,Deposit,19.52,Singapore,Card
TX008336,20391,2026-06-09 14:41:12,Card Purchase,23.43,Nigeria,Online
TX008337,20039,2026-06-27 08:37:52,Card Purchase,76.57,France,Mobile
TX008338,20425,2026-04-03 07:13:09,Card Purchase,83.25,UAE,Mobile
TX008339,20454,2026-07-12 16:08:06,Card Purchase,85.66,United Kingdom,Mobile
TX008340,20390,2026-04-20 14:53:34,Card Purchase,47.56,United Kingdom,Mobile
TX008341,20034,2026-03-01 14:32:19,Card Purchase,274.44,United Kingdom,Online
TX008342,20036,2026-04-12 11:37:37,Card Purchase,53.13,United Kingdom,Mobile
TX008343,20112,2026-04-03 20:37:42,Card Purchase,91.81,United Kingdom,Mobile
TX008344,20409,2026-02-06 07:24:00,Cash Withdrawal,21.77,United Kingdom,Card
TX008345,20388,2026-10-24 14:31:13,Bank Transfer,60.56,United Kingdom,ATM
TX008346,20508,2026-08-25 14:09:54,Card Purchase,335.03,United Kingdom,Card
TX008347,20477,2026-12-02 22:26:24,Bank Transfer,11.16,United Kingdom,Card
TX008348,20069,2026-01-19 16:33:38,Bank Transfer,604.42,United Kingdom,Card
TX008349,20540,2026-07-16 09:38:06,Deposit,270.84,Netherlands,Mobile
TX008350,20262,2026-07-17 09:46:09,Card Purchase,63.62,Germany,Mobile
TX008351,20517,2026-01-18 12:46:20,Direct Debit,8.5,United Kingdom,Card
TX008352,20498,2026-08-17 20:25:53,Cash Withdrawal,167.7,United Kingdom,Card
TX008353,20001,2026-05-20 09:26:23,Card Purchase,75.19,France,Online
TX008354,20642,2026-02-03 11:28:17,Deposit,453.96,United Kingdom,Mobile
TX008355,20178,2026-11-28 15:54:44,Deposit,11.91,Netherlands,Card
TX008356,20097,2026-08-03 13:51:50,Card Purchase,524.51,Germany,Branch
TX008357,20183,2026-11-12 14:48:06,Card Purchase,412.8,United States,Online
TX008358,20003,2026-11-22 01:04:50,Direct Debit,102.52,France,Online
TX008359,20279,2026-11-01 08:28:29,Deposit,40.26,United Kingdom,Card
TX008360,20138,2026-06-05 20:22:11,Card Purchase,9248.38,United Kingdom,Online
TX008361,20151,2026-03-12 14:17:59,Card Purchase,89.42,France,Online
TX008362,20653,2026-09-09 11:48:29,Direct Debit,328.27,UAE,Online
TX008363,20049,2026-01-22 21:17:07,Bank Transfer,23.5,Spain,ATM
TX008364,20620,2026-05-21 21:38:30,Bank Transfer,82.13,United Kingdom,Card
TX008365,20166,2026-12-28 19:29:06,Card Purchase,42.29,United Kingdom,Mobile
TX008366,20084,2026-12-02 01:50:03,Bank Transfer,17.0,United Kingdom,Card
TX008367,20133,2026-11-09 07:39:16,Cash Withdrawal,70.28,Nigeria,Branch
TX008368,20596,2026-04-24 14:56:53,Direct Debit,134.96,United Kingdom,ATM
TX008369,20570,2026-04-28 20:09:59,Card Purchase,261.76,UAE,Online
TX008370,20493,2026-10-02 18:13:06,Card Purchase,96.07,Germany,ATM
TX008371,20321,2026-06-13 15:34:24,Cash Withdrawal,363.52,Singapore,Branch
TX008372,20303,2026-05-29 18:00:08,Card Purchase,247.28,Ireland,ATM
TX008373,20187,2026-10-01 11:38:57,Direct Debit,117.41,United Kingdom,Mobile
TX008374,20304,2026-01-05 02:20:19,Direct Debit,45.28,United Kingdom,Card
TX008375,20090,2026-04-18 18:00:15,Card Purchase,161.36,United Kingdom,ATM
TX008376,20349,2026-05-10 23:16:56,Card Purchase,97.8,United Kingdom,Card
TX008377,20253,2026-11-28 13:44:41,Deposit,163.82,United States,ATM
TX008378,20491,2026-05-08 22:36:23,Card Purchase,72.42,United Kingdom,Card
TX008379,20088,2026-11-02 07:21:18,Card Purchase,374.3,Germany,Card
TX008380,20243,2026-06-03 08:55:48,Bank Transfer,37.66,UAE,Mobile
TX008381,20371,2026-08-14 23:38:07,Card Purchase,167.07,UAE,Mobile
TX008382,20556,2026-08-23 14:35:01,Card Purchase,339.14,Spain,Card
TX008383,20109,2026-01-04 03:18:24,Direct Debit,72.67,Germany,Mobile
TX008384,20118,2026-11-06 18:03:32,Bank Transfer,299.16,United Kingdom,Mobile
TX008385,20348,2026-03-15 17:04:28,Bank Transfer,169.09,Ireland,Mobile
TX008386,20505,2026-03-25 10:48:09,Card Purchase,167.74,Netherlands,Mobile
TX008387,20283,2026-07-24 15:56:38,Deposit,1061.62,United Kingdom,Card
TX008388,20366,2026-12-21 15:29:31,Direct Debit,95.95,Germany,Mobile
TX008389,20208,2026-03-28 21:45:02,Bank Transfer,109.16,Ireland,Branch
TX008390,20479,2026-11-20 03:48:39,Cash Withdrawal,289.02,Singapore,ATM
TX008391,20291,2026-02-14 09:13:58,Direct Debit,17.99,United Kingdom,Card
TX008392,20063,2026-08-02 17:52:48,Bank Transfer,99.22,United Kingdom,Online
TX008393,20316,2026-06-05 11:17:29,Bank Transfer,107.12,United Kingdom,Mobile
TX008394,20600,2026-09-30 02:39:42,Card Purchase,22.48,UAE,Card
TX008395,20585,2026-10-14 06:15:51,Direct Debit,59.92,United Kingdom,Online
TX008396,20119,2026-12-30 07:58:34,Card Purchase,26.56,United Kingdom,Mobile
TX008397,20529,2026-12-12 15:39:32,Bank Transfer,193.97,United Kingdom,Card
TX008398,20217,2026-07-31 23:52:55,Card Purchase,17.01,United Kingdom,Mobile
TX008399,20227,2026-09-26 16:46:13,Card Purchase,398.13,United Kingdom,Online
TX008400,20189,2026-07-07 03:26:26,Bank Transfer,46.15,United Kingdom,Mobile
TX008401,20610,2026-04-13 17:46:54,Bank Transfer,103.83,United Kingdom,Card
TX008402,20115,2026-03-08 22:26:30,Direct Debit,30.01,United States,Branch
TX008403,20417,2026-03-13 15:27:17,Direct Debit,81.93,United Kingdom,Mobile
TX008404,20518,2026-11-17 10:51:11,Card Purchase,6.09,United Kingdom,Online
TX008405,20460,2026-05-06 03:51:38,Bank Transfer,100.28,Germany,ATM
TX008406,20278,2026-06-29 16:10:32,Direct Debit,68.29,United Kingdom,Card
TX008407,20204,2026-10-05 11:11:45,Bank Transfer,45.98,United Kingdom,Mobile
TX008408,20005,2026-01-05 10:26:54,Cash Withdrawal,77.41,France,Card
TX008409,20267,2026-08-31 15:55:31,Direct Debit,122.02,Spain,Branch
TX008410,20204,2026-09-12 03:03:47,Card Purchase,28.06,Nigeria,Mobile
TX008411,20385,2026-11-22 17:11:14,Card Purchase,54.77,United Kingdom,Online
TX008412,20021,2026-01-08 12:48:29,Cash Withdrawal,11.61,United Kingdom,Online
TX008413,20482,2026-11-19 05:47:52,Card Purchase,1078.31,United Kingdom,ATM
TX008414,20658,2026-10-17 16:02:57,Card Purchase,100.06,France,Card
TX008415,20116,2026-05-10 15:32:04,Card Purchase,122.98,United Kingdom,Card
TX008416,20549,2026-08-01 08:40:48,Deposit,305.58,Singapore,Online
TX008417,20437,2026-01-14 22:28:56,Bank Transfer,14.2,United States,Online
TX008418,20445,2026-08-27 18:25:49,Direct Debit,339.43,United Kingdom,Card
TX008419,20273,2026-07-26 01:17:05,Card Purchase,36.34,Nigeria,Mobile
TX008420,20442,2026-07-12 16:07:48,Card Purchase,48.62,Nigeria,Mobile
TX008421,20172,2026-04-28 23:38:53,Deposit,86.71,United Kingdom,Online
TX008422,20442,2026-11-10 23:05:06,Deposit,172.16,United Kingdom,Online
TX008423,20166,2026-09-22 09:33:37,Direct Debit,249.89,Nigeria,Mobile
TX008424,20120,2026-03-29 09:51:02,Bank Transfer,102.52,Singapore,Card
TX008425,20593,2026-12-25 11:42:31,Deposit,158.72,United Kingdom,ATM
TX008426,20401,2026-05-04 23:56:26,Direct Debit,65.4,Germany,Online
TX008427,20077,2026-04-14 21:36:48,Deposit,8.49,United Kingdom,Mobile
TX008428,20577,2026-08-13 15:17:25,Card Purchase,29.78,France,Card
TX008429,20479,2026-12-30 03:36:55,Card Purchase,198.43,UAE,Card
TX008430,20420,2026-12-20 20:52:35,Direct Debit,43.38,United Kingdom,Card
TX008431,20281,2026-01-28 22:06:14,Card Purchase,42.76,United Kingdom,Online
TX008432,20410,2026-01-30 01:58:37,Bank Transfer,5.72,United Kingdom,Mobile
TX008433,20036,2026-01-16 05:43:40,Card Purchase,90.26,United Kingdom,Mobile
TX008434,20358,2026-07-01 01:19:39,Cash Withdrawal,134.37,United Kingdom,Online
TX008435,20214,2026-02-04 17:24:06,Bank Transfer,182.01,Spain,Mobile
TX008436,20151,2026-01-12 18:15:48,Card Purchase,123.34,UAE,Online
TX008437,20606,2026-07-13 09:54:18,Card Purchase,195.14,Ireland,Card
TX008438,20207,2026-02-13 16:14:52,Direct Debit,167.97,Ireland,Online
TX008439,20032,2026-07-26 08:46:11,Card Purchase,715.41,Nigeria,Mobile
TX008440,20319,2026-08-30 18:46:34,Card Purchase,18.36,United Kingdom,ATM
TX008441,20409,2026-04-05 20:13:14,Bank Transfer,256.32,United Kingdom,Card
TX008442,20534,2026-03-16 18:42:22,Card Purchase,516.01,United Kingdom,Online
TX008443,20594,2026-01-29 18:16:17,Card Purchase,915.41,Nigeria,Branch
TX008444,20536,2026-11-10 02:27:56,Bank Transfer,86.54,United Kingdom,Card
TX008445,20247,2026-01-19 14:02:36,Direct Debit,315.4,United Kingdom,Mobile
TX008446,20490,2026-02-04 15:29:35,Card Purchase,554.79,United Kingdom,Card
TX008447,20561,2026-03-06 07:46:18,Bank Transfer,88.89,United Kingdom,Online
TX008448,20179,2026-10-24 09:23:39,Bank Transfer,221.99,UAE,Online
TX008449,20236,2026-12-29 06:31:18,Cash Withdrawal,658.66,United States,Online
TX008450,20657,2026-07-04 19:20:35,Direct Debit,287.63,UAE,Mobile
TX008451,20440,2026-06-25 14:38:27,Card Purchase,114.43,Germany,Card
TX008452,20531,2026-08-13 02:54:33,Card Purchase,184.64,United Kingdom,Mobile
TX008453,20226,2026-03-28 16:37:48,Card Purchase,11.1,United Kingdom,Card
TX008454,20497,2026-09-08 22:14:35,Bank Transfer,301.8,Netherlands,Online
TX008455,20285,2026-05-15 03:33:33,Bank Transfer,225.66,United Kingdom,Mobile
TX008456,20079,2026-05-08 01:39:43,Card Purchase,22.02,United Kingdom,Online
TX008457,20164,2026-12-22 23:21:22,Card Purchase,77.71,United Kingdom,Card
TX008458,20507,2026-12-13 11:58:59,Direct Debit,92.58,United Kingdom,Mobile
TX008459,20156,2026-01-29 17:44:29,Deposit,65.77,Ireland,Branch
TX008460,20018,2026-05-13 22:22:21,Direct Debit,115.99,Ireland,Card
TX008461,20320,2026-11-11 09:39:08,Cash Withdrawal,330.26,United Kingdom,Online
TX008462,20505,2026-03-22 10:12:34,Direct Debit,94.22,United Kingdom,Online
TX008463,20472,2026-05-10 11:42:08,Card Purchase,47.39,United Kingdom,Branch
TX008464,20590,2026-08-31 07:45:08,Card Purchase,133.99,United Kingdom,Card
TX008465,20386,2026-12-24 06:17:39,Bank Transfer,74.47,United Kingdom,Card
TX008466,20117,2026-10-25 08:08:58,Bank Transfer,172.9,Singapore,Mobile
TX008467,20391,2026-05-10 03:31:26,Card Purchase,79.36,United Kingdom,Card
TX008468,20160,2026-09-14 06:29:01,Card Purchase,98.2,United Kingdom,Card
TX008469,20529,2026-04-01 05:05:19,Card Purchase,94.68,United Kingdom,Online
TX008470,20406,2026-12-09 01:07:32,Card Purchase,13036.64,United Kingdom,Mobile
TX008471,20608,2026-12-12 17:04:21,Card Purchase,41.77,United Kingdom,Online
TX008472,20468,2026-05-29 16:49:22,Card Purchase,26.78,United Kingdom,Mobile
TX008473,20160,2026-01-06 08:04:36,Direct Debit,1461.32,Spain,Mobile
TX008474,20413,2026-08-16 13:05:36,Card Purchase,225.14,United Kingdom,Online
TX008475,20356,2026-01-18 07:35:27,Card Purchase,26.96,United Kingdom,Card
TX008476,20423,2026-09-14 17:57:52,Card Purchase,223.18,United Kingdom,Online
TX008477,20132,2026-12-29 09:04:43,Deposit,54.42,United Kingdom,Card
TX008478,20063,2026-12-06 09:22:11,Card Purchase,26.41,Ireland,Online
TX008479,20488,2026-10-06 10:21:56,Bank Transfer,337.14,Singapore,Card
TX008480,20110,2026-04-04 10:28:04,Direct Debit,687.61,United Kingdom,ATM
TX008481,20350,2026-05-17 19:37:57,Direct Debit,22.93,United Kingdom,Online
TX008482,20019,2026-10-28 23:54:00,Card Purchase,48.53,Spain,Mobile
TX008483,20092,2026-10-16 17:32:08,Card Purchase,280.2,United Kingdom,Online
TX008484,20642,2026-08-22 11:21:01,Card Purchase,87.77,United Kingdom,Online
TX008485,20193,2026-09-06 05:50:04,Deposit,66.24,United Kingdom,Card
TX008486,20155,2026-08-24 21:25:18,Direct Debit,58.18,Germany,ATM
TX008487,20592,2026-11-25 20:18:58,Bank Transfer,56.38,United Kingdom,Card
TX008488,20600,2026-03-01 04:47:26,Card Purchase,723.71,United States,Mobile
TX008489,20003,2026-05-10 19:35:46,Direct Debit,40.38,United States,Mobile
TX008490,20415,2026-01-03 00:28:56,Direct Debit,53.34,Netherlands,Card
TX008491,20643,2026-03-27 23:55:30,Bank Transfer,63.12,Ireland,Online
TX008492,20273,2026-11-27 15:19:37,Card Purchase,29.66,France,Card
TX008493,20653,2026-07-06 11:16:05,Card Purchase,404.16,Netherlands,Mobile
TX008494,20293,2026-01-06 14:54:06,Card Purchase,250.77,United Kingdom,ATM
TX008495,20093,2026-12-12 23:36:17,Bank Transfer,108.89,United Kingdom,Card
TX008496,20567,2026-06-01 10:20:50,Card Purchase,5.83,United Kingdom,Card
TX008497,20526,2026-11-19 04:05:56,Bank Transfer,705.64,United Kingdom,ATM
TX008498,20667,2026-04-28 18:16:46,Direct Debit,49.36,United Kingdom,Branch
TX008499,20118,2026-11-06 12:50:34,Bank Transfer,807.29,United Kingdom,Branch
TX008500,20656,2026-05-27 20:31:36,Card Purchase,197.41,United Kingdom,Mobile
TX008501,20436,2026-01-09 08:48:41,Card Purchase,147.63,France,Online
TX008502,20349,2026-05-25 04:58:49,Bank Transfer,96.76,United Kingdom,ATM
TX008503,20109,2026-02-05 02:59:34,Card Purchase,19.06,United Kingdom,Mobile
TX008504,20601,2026-04-30 12:26:03,Card Purchase,191.98,Netherlands,Mobile
TX008505,20064,2026-01-19 10:18:31,Card Purchase,141.96,United Kingdom,Mobile
TX008506,20343,2026-03-21 14:55:52,Card Purchase,65.32,United Kingdom,Card
TX008507,20588,2026-12-24 23:48:16,Bank Transfer,253.04,France,Card
TX008508,20262,2026-04-29 22:23:09,Card Purchase,345.9,Nigeria,Online
TX008509,20027,2026-07-29 00:00:48,Card Purchase,94.93,United Kingdom,ATM
TX008510,20153,2026-01-08 16:53:55,Card Purchase,959.78,United Kingdom,Card
TX008511,20656,2026-04-04 03:15:03,Cash Withdrawal,205.69,United Kingdom,Branch
TX008512,20007,2026-05-08 13:52:07,Bank Transfer,87.92,United Kingdom,Mobile
TX008513,20272,2026-12-10 19:25:04,Cash Withdrawal,355.58,United Kingdom,Mobile
TX008514,20342,2026-02-06 02:23:09,Card Purchase,70.57,United Kingdom,Card
TX008515,20213,2026-01-19 06:25:46,Card Purchase,83.98,Netherlands,Online
TX008516,20366,2026-06-27 21:31:15,Card Purchase,31.67,United Kingdom,Mobile
TX008517,20134,2026-11-06 16:58:49,Bank Transfer,15.35,United Kingdom,Branch
TX008518,20642,2026-01-06 23:15:33,Bank Transfer,128.78,United Kingdom,Online
TX008519,20108,2026-07-09 23:46:10,Card Purchase,170.99,Netherlands,Mobile
TX008520,20012,2026-01-14 13:18:04,Deposit,57.04,United Kingdom,Mobile
TX008521,20369,2026-09-13 19:20:54,Card Purchase,84.16,United Kingdom,ATM
TX008522,20409,2026-06-12 23:29:47,Card Purchase,124.23,United Kingdom,Online
TX008523,20626,2026-02-02 04:41:06,Deposit,78.83,United Kingdom,Mobile
TX008524,20595,2026-09-13 05:13:59,Deposit,74.35,France,Card
TX008525,20580,2026-08-01 14:07:07,Card Purchase,260.97,France,ATM
TX008526,20206,2026-05-17 14:48:54,Bank Transfer,451.54,UAE,Card
TX008527,20429,2026-12-01 04:37:32,Card Purchase,71.02,United Kingdom,Card
TX008528,20520,2026-11-03 20:20:39,Card Purchase,21.38,Singapore,Card
TX008529,20519,2026-05-09 16:39:54,Card Purchase,48.07,Nigeria,Branch
TX008530,20567,2026-09-17 00:04:20,Bank Transfer,146.06,United Kingdom,Mobile
TX008531,20369,2026-09-12 22:38:27,Card Purchase,174.02,Germany,Mobile
TX008532,20496,2026-01-01 23:29:26,Cash Withdrawal,140.92,United Kingdom,Mobile
TX008533,20020,2026-12-12 02:42:49,Card Purchase,324.06,United Kingdom,ATM
TX008534,20192,2026-07-12 11:26:48,Card Purchase,263.2,United States,Mobile
TX008535,20106,2026-08-26 21:16:57,Cash Withdrawal,58.1,United Kingdom,Card
TX008536,20383,2026-05-18 12:30:52,Deposit,14.7,United Kingdom,Mobile
TX008537,20636,2026-12-27 18:13:46,Card Purchase,55.7,United Kingdom,Online
TX008538,20186,2026-12-18 08:00:46,Card Purchase,57.98,United Kingdom,Card
TX008539,20081,2026-08-08 20:08:15,Card Purchase,59.84,Germany,ATM
TX008540,20305,2026-12-21 10:33:42,Bank Transfer,423.55,United Kingdom,Branch
TX008541,20624,2026-10-29 13:14:04,Bank Transfer,191.73,United Kingdom,Card
TX008542,20082,2026-11-20 02:46:18,Card Purchase,89.56,United Kingdom,ATM
TX008543,20638,2026-07-20 15:07:03,Direct Debit,20.69,United Kingdom,Card
TX008544,20010,2026-04-20 00:34:11,Direct Debit,44.42,United Kingdom,ATM
TX008545,20049,2026-01-25 02:54:14,Cash Withdrawal,235.88,United Kingdom,Online
TX008546,20485,2026-01-09 23:07:06,Bank Transfer,33.2,United Kingdom,Mobile
TX008547,20501,2026-03-17 04:47:39,Card Purchase,74.69,United Kingdom,Card
TX008548,20122,2026-08-25 16:31:38,Card Purchase,30.08,United States,Branch
TX008549,20490,2026-09-01 19:22:22,Card Purchase,247.56,United States,Mobile
TX008550,20459,2026-05-17 13:13:52,Cash Withdrawal,38.13,United Kingdom,Card
TX008551,20573,2026-09-04 01:43:59,Card Purchase,45.96,United States,Online
TX008552,20230,2026-06-26 11:25:07,Card Purchase,166.02,Germany,Online
TX008553,20460,2026-11-21 06:15:39,Card Purchase,614.04,UAE,Online
TX008554,20525,2026-12-30 11:58:24,Card Purchase,84.35,Spain,Branch
TX008555,20139,2026-10-09 21:59:59,Direct Debit,96.35,United States,Card
TX008556,20554,2026-08-20 14:46:19,Direct Debit,177.39,Netherlands,Card
TX008557,20317,2026-01-06 14:35:18,Deposit,395.62,Nigeria,Card
TX008558,20150,2026-03-22 19:54:41,Bank Transfer,320.35,United Kingdom,Card
TX008559,20338,2026-04-21 05:48:27,Deposit,517.14,United Kingdom,Mobile
TX008560,20086,2026-03-11 03:33:28,Card Purchase,1827.58,United States,Card
TX008561,20564,2026-09-01 20:54:50,Card Purchase,82.13,United Kingdom,Card
TX008562,20370,2026-11-01 20:05:20,Card Purchase,151.85,United Kingdom,Mobile
TX008563,20628,2026-06-10 17:08:50,Cash Withdrawal,98.72,United Kingdom,Mobile
TX008564,20555,2026-12-27 02:04:25,Card Purchase,31.88,UAE,Online
TX008565,20438,2026-01-07 02:58:01,Direct Debit,56.08,Singapore,Mobile
TX008566,20234,2026-01-28 14:04:15,Card Purchase,36.69,United Kingdom,Card
TX008567,20100,2026-01-17 04:48:30,Bank Transfer,40.8,United States,ATM
TX008568,20581,2026-07-30 07:53:02,Card Purchase,479.48,UAE,Card
TX008569,20401,2026-07-04 00:27:30,Card Purchase,388.47,United Kingdom,Online
TX008570,20365,2026-11-19 12:50:06,Bank Transfer,80.52,United Kingdom,Mobile
TX008571,20384,2026-11-01 18:21:00,Bank Transfer,146.9,Ireland,Mobile
TX008572,20047,2026-09-01 04:10:55,Direct Debit,20.33,United Kingdom,ATM
TX008573,20069,2026-09-18 21:40:50,Bank Transfer,72.11,United Kingdom,Mobile
TX008574,20658,2026-12-23 15:00:35,Bank Transfer,156.71,United Kingdom,Mobile
TX008575,20130,2026-03-08 11:12:50,Card Purchase,120.71,United Kingdom,Online
TX008576,20248,2026-04-10 14:52:13,Deposit,532.18,United States,Card
TX008577,20009,2026-08-15 02:42:22,Card Purchase,51.01,United Kingdom,Card
TX008578,20219,2026-08-24 09:08:05,Card Purchase,54.53,United Kingdom,Online
TX008579,20523,2026-01-31 01:16:07,Card Purchase,107.39,Ireland,Mobile
TX008580,20519,2026-07-19 09:06:27,Card Purchase,18.01,United Kingdom,Card
TX008581,20585,2026-07-29 00:35:52,Deposit,119.83,Netherlands,Card
TX008582,20058,2026-11-07 04:52:07,Bank Transfer,68.38,United Kingdom,Mobile
TX008583,20081,2026-01-07 02:57:53,Card Purchase,23.15,United Kingdom,ATM
TX008584,20437,2026-01-03 04:12:16,Bank Transfer,575.61,United Kingdom,Card
TX008585,20134,2026-10-20 02:38:59,Bank Transfer,19.82,United Kingdom,ATM
TX008586,20552,2026-02-11 07:04:53,Card Purchase,100.82,United Kingdom,Online
TX008587,20218,2026-06-07 19:12:54,Direct Debit,121.76,Nigeria,Mobile
TX008588,20612,2026-04-08 15:24:05,Card Purchase,652.89,Germany,Mobile
TX008589,20326,2026-08-04 20:47:05,Card Purchase,379.35,United Kingdom,Online
TX008590,20435,2026-07-15 14:41:14,Deposit,52.86,France,Mobile
TX008591,20660,2026-06-16 12:03:23,Direct Debit,70.18,Spain,ATM
TX008592,20075,2026-11-20 14:48:31,Bank Transfer,3012.37,United Kingdom,Online
TX008593,20599,2026-06-24 16:40:43,Bank Transfer,7.24,United Kingdom,Mobile
TX008594,20391,2026-10-18 05:34:40,Direct Debit,27.95,Spain,Online
TX008595,20593,2026-07-27 01:00:16,Deposit,25.67,United Kingdom,Mobile
TX008596,20112,2026-01-24 10:57:01,Deposit,110.39,United Kingdom,Card
TX008597,20365,2026-04-08 11:51:11,Card Purchase,767.56,United Kingdom,Online
TX008598,20330,2026-11-08 19:22:14,Card Purchase,297.2,United Kingdom,Mobile
TX008599,20303,2026-09-16 00:57:06,Bank Transfer,76.6,United Kingdom,Mobile
TX008600,20264,2026-10-27 03:18:30,Bank Transfer,82.83,Netherlands,Card
TX008601,20194,2026-07-15 06:04:55,Card Purchase,58.23,United Kingdom,Branch
TX008602,20260,2026-12-28 14:52:52,Card Purchase,66.25,Ireland,Branch
TX008603,20241,2026-12-09 14:45:31,Deposit,13.81,Netherlands,Mobile
TX008604,20662,2026-02-08 13:40:29,Card Purchase,33.43,United Kingdom,Mobile
TX008605,20202,2026-05-10 13:48:10,Direct Debit,143.19,UAE,Mobile
TX008606,20206,2026-10-25 09:32:31,Card Purchase,89.98,UAE,Mobile
TX008607,20098,2026-06-07 08:49:47,Card Purchase,41.55,United Kingdom,Card
TX008608,20560,2026-06-21 03:20:05,Card Purchase,102.93,United Kingdom,Card
TX008609,20435,2026-11-15 19:30:13,Card Purchase,545.86,United States,Online
TX008610,20514,2026-08-17 00:40:16,Direct Debit,245.04,United Kingdom,ATM
TX008611,20022,2026-01-08 13:17:03,Direct Debit,917.94,United States,Online
TX008612,20248,2026-12-05 14:55:39,Bank Transfer,47.0,France,Mobile
TX008613,20122,2026-09-18 15:05:16,Card Purchase,217.03,United Kingdom,Online
TX008614,20123,2026-02-07 16:51:17,Direct Debit,83.11,Ireland,Online
TX008615,20363,2026-10-17 05:47:45,Direct Debit,54.82,United Kingdom,ATM
TX008616,20360,2026-04-12 18:44:31,Card Purchase,100.55,United Kingdom,Mobile
TX008617,20503,2026-04-05 10:39:17,Card Purchase,14.65,France,Branch
TX008618,20493,2026-10-07 06:59:03,Direct Debit,159.16,United Kingdom,ATM
TX008619,20521,2026-05-09 16:41:48,Bank Transfer,14.29,United Kingdom,ATM
TX008620,20521,2026-10-01 01:22:03,Card Purchase,41.6,United Kingdom,Card
TX008621,20154,2026-04-27 07:07:29,Card Purchase,157.23,United Kingdom,Mobile
TX008622,20556,2026-09-25 15:38:17,Bank Transfer,104.87,United States,Card
TX008623,20330,2026-02-25 05:11:13,Bank Transfer,31.01,United States,Online
TX008624,20467,2026-11-24 11:34:27,Bank Transfer,255.35,United Kingdom,Branch
TX008625,20354,2026-12-26 19:48:04,Bank Transfer,37.69,Spain,ATM
TX008626,20365,2026-02-09 10:11:15,Direct Debit,16.53,United Kingdom,Mobile
TX008627,20097,2026-11-30 13:28:07,Bank Transfer,135.11,United Kingdom,Card
TX008628,20231,2026-10-08 03:42:40,Card Purchase,85.07,France,Mobile
TX008629,20405,2026-06-05 17:56:09,Deposit,292.11,United States,ATM
TX008630,20401,2026-06-15 13:08:34,Card Purchase,140.71,Singapore,Mobile
TX008631,20133,2026-05-23 10:47:45,Bank Transfer,26.47,United Kingdom,Online
TX008632,20382,2026-03-17 07:07:24,Deposit,130.38,United States,Card
TX008633,20418,2026-04-05 06:57:22,Direct Debit,133.87,France,ATM
TX008634,20441,2026-06-06 21:06:13,Card Purchase,70.62,United Kingdom,Mobile
TX008635,20161,2026-04-18 16:37:03,Card Purchase,76.28,United Kingdom,Card
TX008636,20467,2026-11-14 10:23:11,Bank Transfer,184.09,Ireland,ATM
TX008637,20582,2026-11-19 08:25:48,Card Purchase,248.26,United Kingdom,Branch
TX008638,20631,2026-05-24 04:01:38,Card Purchase,22.47,United Kingdom,Mobile
TX008639,20434,2026-04-19 17:32:56,Card Purchase,26.79,United Kingdom,Card
TX008640,20344,2026-09-22 17:13:56,Card Purchase,18.47,United Kingdom,Online
TX008641,20226,2026-12-23 19:28:40,Bank Transfer,64.29,United States,Branch
TX008642,20426,2026-08-05 14:09:36,Card Purchase,1140.84,United States,ATM
TX008643,20142,2026-12-23 06:52:30,Deposit,36.09,United Kingdom,Mobile
TX008644,20514,2026-01-21 03:16:57,Bank Transfer,315.2,United Kingdom,Card
TX008645,20415,2026-08-19 13:56:26,Direct Debit,44.51,United States,Mobile
TX008646,20539,2026-08-15 20:33:31,Card Purchase,31.72,France,Branch
TX008647,20257,2026-12-29 01:04:41,Bank Transfer,277.05,Nigeria,Card
TX008648,20466,2026-01-06 07:19:34,Bank Transfer,317.63,United Kingdom,Online
TX008649,20648,2026-10-30 05:56:34,Card Purchase,48.5,United Kingdom,Mobile
TX008650,20598,2026-08-26 00:13:30,Direct Debit,130.92,United Kingdom,Mobile
TX008651,20472,2026-08-02 22:28:26,Card Purchase,68.28,United Kingdom,ATM
TX008652,20565,2026-06-09 05:31:24,Card Purchase,167.36,United Kingdom,Mobile
TX008653,20622,2026-09-28 01:35:59,Bank Transfer,42.75,United Kingdom,ATM
TX008654,20638,2026-02-04 01:23:38,Bank Transfer,16.9,United Kingdom,Card
TX008655,20668,2026-12-29 21:07:42,Direct Debit,17.14,United Kingdom,ATM
TX008656,20482,2026-01-11 07:39:55,Direct Debit,80.46,United Kingdom,Mobile
TX008657,20141,2026-04-24 07:05:00,Card Purchase,205.82,United Kingdom,Branch
TX008658,20031,2026-03-01 15:53:26,Card Purchase,19.79,United Kingdom,Online
TX008659,20484,2026-05-18 19:26:40,Direct Debit,511.96,Nigeria,Online
TX008660,20454,2026-03-26 05:44:34,Cash Withdrawal,206.64,United Kingdom,Online
TX008661,20548,2026-02-14 12:02:55,Bank Transfer,170.13,Ireland,Mobile
TX008662,20023,2026-07-26 01:59:32,Card Purchase,31.68,United Kingdom,Mobile
TX008663,20017,2026-08-28 17:21:39,Cash Withdrawal,107.09,United Kingdom,Online
TX008664,20313,2026-05-23 01:19:03,Cash Withdrawal,263.71,Nigeria,Online
TX008665,20530,2026-09-06 05:46:48,Card Purchase,101.12,Spain,Branch
TX008666,20366,2026-10-26 20:53:23,Deposit,189.11,United Kingdom,Card
TX008667,20343,2026-03-09 01:13:02,Bank Transfer,70.54,France,Online
TX008668,20392,2026-04-04 02:42:03,Cash Withdrawal,50.52,Singapore,Online
TX008669,20550,2026-07-31 04:55:41,Card Purchase,21.41,United Kingdom,Branch
TX008670,20027,2026-04-09 12:03:52,Card Purchase,31.14,UAE,Mobile
TX008671,20515,2026-09-01 03:48:50,Bank Transfer,16.82,United Kingdom,Mobile
TX008672,20459,2026-11-23 17:10:19,Card Purchase,43.68,United Kingdom,Branch
TX008673,20190,2026-02-18 12:13:21,Card Purchase,26.96,United Kingdom,Card
TX008674,20370,2026-08-31 08:58:29,Deposit,79.48,United Kingdom,Card
TX008675,20008,2026-06-12 16:00:03,Card Purchase,448.95,United Kingdom,Mobile
TX008676,20448,2026-04-19 12:20:00,Card Purchase,13.76,Ireland,ATM
TX008677,20136,2026-03-10 17:16:01,Card Purchase,279.59,Nigeria,Mobile
TX008678,20228,2026-05-22 09:20:26,Card Purchase,100.27,Ireland,Online
TX008679,20481,2026-09-08 08:26:37,Card Purchase,50.85,United Kingdom,Card
TX008680,20387,2026-08-02 17:40:17,Deposit,163.31,United Kingdom,Card
TX008681,20646,2026-03-07 04:31:31,Direct Debit,37.17,United States,Card
TX008682,20420,2026-03-26 18:03:34,Bank Transfer,792.49,United Kingdom,Branch
TX008683,20561,2026-10-05 11:04:43,Bank Transfer,98.77,Germany,Card
TX008684,20587,2026-08-30 05:11:57,Card Purchase,85.45,United Kingdom,Mobile
TX008685,20257,2026-12-27 09:00:41,Card Purchase,189.36,United Kingdom,Mobile
TX008686,20065,2026-03-02 00:28:24,Cash Withdrawal,61.77,United Kingdom,Card
TX008687,20087,2026-08-27 23:40:57,Direct Debit,74.32,United Kingdom,Mobile
TX008688,20669,2026-01-11 06:02:56,Card Purchase,1412.07,United Kingdom,Mobile
TX008689,20497,2026-08-21 22:52:08,Bank Transfer,32.21,United Kingdom,ATM
TX008690,20402,2026-04-07 05:46:40,Direct Debit,108.69,United Kingdom,ATM
TX008691,20044,2026-03-01 09:31:26,Card Purchase,88.8,United Kingdom,Branch
TX008692,20043,2026-07-02 18:04:41,Card Purchase,397.54,Singapore,Card
TX008693,20655,2026-01-07 02:37:11,Card Purchase,49.83,United Kingdom,Card
TX008694,20497,2026-01-02 08:16:59,Card Purchase,39.86,United Kingdom,Online
TX008695,20395,2026-10-27 15:25:06,Deposit,59.16,Netherlands,Mobile
TX008696,20278,2026-07-23 18:50:10,Card Purchase,48.46,United Kingdom,Card
TX008697,20319,2026-08-27 13:01:54,Bank Transfer,155.27,Spain,Mobile
TX008698,20050,2026-08-17 06:36:48,Bank Transfer,29.71,United Kingdom,Online
TX008699,20673,2026-02-04 11:09:30,Direct Debit,2575.43,Germany,Online
TX008700,20042,2026-06-10 03:45:55,Direct Debit,128.27,United Kingdom,Mobile
TX008701,20111,2026-10-25 06:47:24,Cash Withdrawal,105.55,United Kingdom,Branch
TX008702,20061,2026-04-11 20:52:41,Card Purchase,60.47,United Kingdom,Online
TX008703,20450,2026-09-08 23:03:43,Direct Debit,53.48,United Kingdom,Mobile
TX008704,20399,2026-02-12 16:57:22,Card Purchase,58.12,United Kingdom,Online
TX008705,20098,2026-06-08 21:55:37,Card Purchase,85.03,UAE,Online
TX008706,20385,2026-11-28 18:25:20,Card Purchase,505.66,United Kingdom,Mobile
TX008707,20576,2026-12-17 15:00:40,Deposit,147.86,United States,Mobile
TX008708,20043,2026-01-08 22:55:07,Card Purchase,730.12,United States,Card
TX008709,20605,2026-07-21 23:06:34,Direct Debit,845.69,Germany,Mobile
TX008710,20040,2026-11-03 00:56:29,Card Purchase,59.64,Singapore,Online
TX008711,20526,2026-04-28 07:50:19,Deposit,197.63,United Kingdom,Online
TX008712,20546,2026-05-15 03:52:28,Direct Debit,82.04,United Kingdom,ATM
TX008713,20570,2026-12-23 05:42:43,Card Purchase,24.19,United Kingdom,ATM
TX008714,20190,2026-06-22 17:07:23,Direct Debit,134.43,United States,Branch
TX008715,20439,2026-05-20 16:40:15,Card Purchase,92.99,Germany,Mobile
TX008716,20278,2026-04-19 14:26:15,Bank Transfer,240.58,Singapore,Mobile
TX008717,20592,2026-05-29 19:43:54,Card Purchase,110.29,Ireland,Card
TX008718,20119,2026-05-29 04:07:46,Card Purchase,389.8,United States,Card
TX008719,20352,2026-01-21 19:26:36,Card Purchase,210.32,Nigeria,Online
TX008720,20268,2026-11-15 10:56:00,Deposit,178.29,United Kingdom,Mobile
TX008721,20321,2026-11-30 04:56:30,Card Purchase,92.73,Netherlands,ATM
TX008722,20186,2026-09-01 23:01:29,Card Purchase,73.13,United Kingdom,Online
TX008723,20176,2026-05-04 15:53:34,Deposit,8.31,United Kingdom,Card
TX008724,20259,2026-04-23 20:58:57,Card Purchase,48.68,United Kingdom,Card
TX008725,20147,2026-06-12 13:47:08,Bank Transfer,11.03,United Kingdom,Card
TX008726,20336,2026-06-19 16:48:18,Bank Transfer,93.26,Singapore,Card
TX008727,20669,2026-05-16 10:18:21,Card Purchase,216.15,Ireland,Online
TX008728,20353,2026-07-20 05:33:58,Card Purchase,281.93,United Kingdom,Card
TX008729,20298,2026-11-03 11:47:10,Deposit,44.11,United Kingdom,Online
TX008730,20269,2026-10-09 14:57:34,Bank Transfer,20.78,United Kingdom,Mobile
TX008731,20599,2026-09-26 03:47:02,Bank Transfer,70.25,Netherlands,Card
TX008732,20116,2026-03-04 14:49:08,Card Purchase,44.43,United Kingdom,Mobile
TX008733,20027,2026-11-25 17:30:54,Card Purchase,151.07,UAE,Online
TX008734,20144,2026-12-15 01:08:53,Bank Transfer,315.21,United Kingdom,Mobile
TX008735,20160,2026-12-26 12:21:35,Card Purchase,44.14,UAE,Mobile
TX008736,20535,2026-09-22 14:57:39,Bank Transfer,64.15,United Kingdom,Mobile
TX008737,20400,2026-11-15 19:11:13,Direct Debit,67.63,United Kingdom,Online
TX008738,20042,2026-04-17 19:55:07,Card Purchase,16.55,United Kingdom,Mobile
TX008739,20522,2026-04-04 19:22:09,Direct Debit,147.15,United Kingdom,ATM
TX008740,20430,2026-10-20 07:24:21,Bank Transfer,35.16,United Kingdom,Card
TX008741,20519,2026-12-11 15:24:27,Card Purchase,44.31,United Kingdom,Card
TX008742,20084,2026-01-21 16:49:59,Card Purchase,34.51,United Kingdom,Branch
TX008743,20069,2026-09-17 23:11:47,Bank Transfer,280.93,Nigeria,Online
TX008744,20042,2026-05-25 00:18:46,Bank Transfer,19.01,United Kingdom,Online
TX008745,20232,2026-08-12 18:18:26,Deposit,484.8,United Kingdom,ATM
TX008746,20462,2026-06-16 04:37:45,Card Purchase,170.92,Netherlands,Online
TX008747,20411,2026-07-18 17:33:19,Card Purchase,31.51,United Kingdom,Card
TX008748,20120,2026-10-26 21:05:35,Bank Transfer,156.75,Spain,Card
TX008749,20178,2026-08-29 17:34:08,Card Purchase,22.19,United Kingdom,Mobile
TX008750,20024,2026-10-25 07:55:48,Card Purchase,31.25,Netherlands,Online
TX008751,20584,2026-03-12 23:54:43,Bank Transfer,359.54,United Kingdom,ATM
TX008752,20596,2026-01-22 05:49:23,Bank Transfer,129.07,United Kingdom,Mobile
TX008753,20545,2026-11-21 17:21:57,Card Purchase,158.07,UAE,Card
TX008754,20642,2026-09-06 13:34:48,Card Purchase,115.5,UAE,Card
TX008755,20337,2026-12-03 06:08:56,Card Purchase,24.09,United States,ATM
TX008756,20534,2026-07-01 12:05:15,Card Purchase,447.76,UAE,ATM
TX008757,20173,2026-12-06 04:19:16,Card Purchase,49.37,United Kingdom,Mobile
TX008758,20642,2026-11-11 12:20:48,Cash Withdrawal,4.48,France,Mobile
TX008759,20399,2026-09-06 18:34:33,Bank Transfer,36.07,UAE,Online
TX008760,20110,2026-08-04 19:50:55,Card Purchase,133.91,United Kingdom,Online
TX008761,20022,2026-10-01 21:14:13,Card Purchase,28.07,United Kingdom,Mobile
TX008762,20031,2026-11-16 13:57:27,Bank Transfer,204.71,Germany,Online
TX008763,20617,2026-08-03 13:25:31,Card Purchase,77.35,Spain,Online
TX008764,20536,2026-03-11 22:08:41,Direct Debit,23.02,United Kingdom,ATM
TX008765,20257,2026-12-17 08:00:14,Cash Withdrawal,22.87,Nigeria,Mobile
TX008766,20505,2026-12-31 07:38:48,Card Purchase,137.17,Ireland,Mobile
TX008767,20209,2026-09-25 13:35:45,Deposit,23.56,United Kingdom,Mobile
TX008768,20099,2026-11-21 02:15:54,Bank Transfer,524.63,United Kingdom,Mobile
TX008769,20191,2026-04-14 19:35:37,Deposit,82.29,United Kingdom,Card
TX008770,20555,2026-06-12 23:45:52,Bank Transfer,131.28,United Kingdom,Mobile
TX008771,20443,2026-02-06 23:58:25,Bank Transfer,159.97,United Kingdom,Online
TX008772,20389,2026-10-30 23:30:05,Direct Debit,264.35,Ireland,Mobile
TX008773,20253,2026-07-04 03:20:29,Cash Withdrawal,367.58,United Kingdom,Online
TX008774,20349,2026-06-13 01:06:44,Card Purchase,191.28,United Kingdom,Mobile
TX008775,20100,2026-08-02 17:26:01,Deposit,41.09,Singapore,Card
TX008776,20670,2026-08-23 02:31:39,Card Purchase,35.34,United States,Mobile
TX008777,20317,2026-10-17 11:54:51,Card Purchase,32.75,United Kingdom,Card
TX008778,20523,2026-10-09 08:36:00,Card Purchase,58.36,Ireland,Card
TX008779,20465,2026-06-09 08:29:06,Card Purchase,126.87,United Kingdom,Branch
TX008780,20345,2026-09-03 01:48:07,Deposit,97.72,UAE,Mobile
TX008781,20227,2026-08-03 02:08:04,Card Purchase,6.1,Netherlands,Mobile
TX008782,20432,2026-10-05 23:29:42,Card Purchase,23323.69,United Kingdom,ATM
TX008783,20348,2026-03-27 21:52:35,Card Purchase,36.55,Germany,Mobile
TX008784,20112,2026-09-07 16:31:07,Card Purchase,137.24,United Kingdom,Online
TX008785,20574,2026-04-15 06:21:11,Bank Transfer,52.99,United Kingdom,Card
TX008786,20593,2026-04-27 16:07:01,Deposit,195.04,Germany,ATM
TX008787,20665,2026-04-30 09:29:21,Deposit,159.09,Spain,Online
TX008788,20617,2026-01-07 02:10:41,Card Purchase,65.9,United Kingdom,Branch
TX008789,20557,2026-04-09 17:41:37,Bank Transfer,190.94,United Kingdom,Online
TX008790,20276,2026-08-09 02:16:42,Card Purchase,17.06,United Kingdom,Card
TX008791,20022,2026-08-12 19:20:52,Card Purchase,90.33,United Kingdom,Online
TX008792,20507,2026-03-14 05:04:02,Deposit,49.87,United Kingdom,Mobile
TX008793,20038,2026-10-27 15:01:37,Card Purchase,29.25,United States,Mobile
TX008794,20553,2026-11-10 17:01:46,Card Purchase,119.89,France,Online
TX008795,20332,2026-12-07 19:42:58,Bank Transfer,133.2,United Kingdom,Online
TX008796,20649,2026-08-08 06:40:40,Card Purchase,40.72,United Kingdom,Card
TX008797,20448,2026-03-03 08:26:10,Cash Withdrawal,153.68,UAE,Mobile
TX008798,20183,2026-07-24 20:52:11,Card Purchase,266.09,United States,Online
TX008799,20433,2026-02-28 04:58:54,Bank Transfer,79.99,Ireland,Card
TX008800,20549,2026-09-13 05:17:40,Card Purchase,61.0,United Kingdom,Mobile
TX008801,20338,2026-05-31 21:17:51,Bank Transfer,154.51,Germany,Branch
TX008802,20505,2026-10-20 10:11:42,Direct Debit,88.54,France,Card
TX008803,20001,2026-08-22 12:20:52,Cash Withdrawal,53.99,United Kingdom,ATM
TX008804,20507,2026-07-29 20:16:34,Direct Debit,67.33,United States,Mobile
TX008805,20089,2026-06-25 16:16:44,Card Purchase,255.09,United Kingdom,Online
TX008806,20597,2026-05-21 09:53:19,Direct Debit,120.48,United Kingdom,Mobile
TX008807,20551,2026-03-20 14:56:55,Cash Withdrawal,74.3,Nigeria,Online
TX008808,20072,2026-02-26 23:13:08,Bank Transfer,382.15,Germany,Mobile
TX008809,20649,2026-07-07 14:46:51,Deposit,55.54,Ireland,Branch
TX008810,20214,2026-10-23 20:02:12,Card Purchase,45.66,United Kingdom,Card
TX008811,20075,2026-03-30 18:56:02,Card Purchase,1054.67,United Kingdom,Online
TX008812,20651,2026-07-05 04:19:43,Card Purchase,73.17,UAE,Mobile
TX008813,20641,2026-08-25 11:03:55,Card Purchase,422.09,United Kingdom,Online
TX008814,20519,2026-03-06 03:26:14,Card Purchase,533.77,United Kingdom,Branch
TX008815,20565,2026-10-04 02:01:31,Bank Transfer,33.89,Spain,Online
TX008816,20430,2026-06-17 15:26:30,Card Purchase,156.85,United Kingdom,Branch
TX008817,20090,2026-02-19 22:19:53,Card Purchase,111.82,France,Branch
TX008818,20527,2026-02-07 00:19:29,Direct Debit,73.1,United Kingdom,ATM
TX008819,20020,2026-02-13 08:02:43,Card Purchase,50.38,United Kingdom,Card
TX008820,20107,2026-11-07 18:57:11,Bank Transfer,43.84,United Kingdom,ATM
TX008821,20146,2026-01-18 08:51:22,Direct Debit,39.54,United Kingdom,Card
TX008822,20540,2026-12-28 16:48:10,Deposit,29.95,Germany,Card
TX008823,20015,2026-08-24 04:42:58,Card Purchase,22.82,United Kingdom,Online
TX008824,20361,2026-08-07 19:30:40,Direct Debit,47.57,United Kingdom,Online
TX008825,20062,2026-03-31 21:54:52,Card Purchase,333.92,United Kingdom,ATM
TX008826,20666,2026-12-25 12:23:20,Card Purchase,80.01,United States,Mobile
TX008827,20673,2026-05-27 13:40:29,Card Purchase,152.22,Netherlands,Mobile
TX008828,20113,2026-01-14 20:50:03,Card Purchase,70.63,Nigeria,Online
TX008829,20265,2026-11-15 02:19:14,Direct Debit,130.21,Spain,Online
TX008830,20213,2026-11-25 10:46:06,Card Purchase,63.34,UAE,Online
TX008831,20576,2026-04-07 00:46:05,Card Purchase,66.99,United Kingdom,Card
TX008832,20467,2026-06-03 01:23:00,Bank Transfer,87.05,United Kingdom,ATM
TX008833,20302,2026-07-18 13:38:27,Bank Transfer,33.54,United Kingdom,Online
TX008834,20124,2026-01-26 13:08:37,Bank Transfer,7.91,United Kingdom,Online
TX008835,20585,2026-04-26 06:08:55,Bank Transfer,5.47,Spain,Mobile
TX008836,20511,2026-11-30 00:50:51,Card Purchase,75.78,United States,Online
TX008837,20357,2026-11-12 19:19:29,Cash Withdrawal,198.83,United States,Mobile
TX008838,20625,2026-12-15 01:23:29,Direct Debit,77.24,Germany,Mobile
TX008839,20274,2026-12-23 16:07:12,Card Purchase,46.36,Ireland,Card
TX008840,20021,2026-11-05 15:52:37,Card Purchase,16.69,Singapore,Online
TX008841,20675,2026-04-19 05:38:49,Card Purchase,83.29,United Kingdom,ATM
TX008842,20206,2026-05-14 14:08:38,Bank Transfer,74.98,United States,Card
TX008843,20153,2026-10-04 20:28:07,Deposit,202.95,United Kingdom,Online
TX008844,20204,2026-02-02 03:59:58,Direct Debit,52.05,United Kingdom,Mobile
TX008845,20648,2026-02-16 19:42:00,Card Purchase,380.44,United Kingdom,Mobile
TX008846,20236,2026-05-28 09:04:10,Direct Debit,199.34,United Kingdom,Card
TX008847,20128,2026-08-26 01:43:02,Card Purchase,246.71,United Kingdom,Mobile
TX008848,20373,2026-07-18 23:30:04,Card Purchase,23.15,United Kingdom,ATM
TX008849,20509,2026-09-15 04:08:38,Direct Debit,22.52,United Kingdom,Card
TX008850,20176,2026-07-28 19:27:49,Card Purchase,76.34,United Kingdom,Card
TX008851,20378,2026-01-17 07:29:33,Card Purchase,588.81,United Kingdom,Branch
TX008852,20551,2026-08-03 04:06:19,Bank Transfer,69.49,Nigeria,Card
TX008853,20312,2026-02-16 13:16:33,Bank Transfer,253.13,United Kingdom,Mobile
TX008854,20456,2026-11-09 20:37:07,Bank Transfer,61.34,United States,Card
TX008855,20560,2026-07-01 06:47:55,Bank Transfer,158.52,United Kingdom,Online
TX008856,20045,2026-02-18 16:09:56,Card Purchase,245.39,France,ATM
TX008857,20328,2026-10-03 07:03:37,Card Purchase,102.14,United Kingdom,Online
TX008858,20571,2026-04-23 06:42:09,Card Purchase,32.98,United Kingdom,Online
TX008859,20040,2026-11-23 07:49:06,Cash Withdrawal,71.31,United Kingdom,Online
TX008860,20667,2026-02-16 01:40:35,Deposit,140.16,UAE,ATM
TX008861,20272,2026-04-19 03:20:17,Card Purchase,66.31,United Kingdom,Card
TX008862,20162,2026-03-23 10:15:17,Card Purchase,295.3,Germany,Online
TX008863,20231,2026-06-13 06:55:39,Deposit,40.84,United Kingdom,Branch
TX008864,20486,2026-06-21 01:00:08,Direct Debit,39.43,United Kingdom,Mobile
TX008865,20389,2026-07-01 15:21:54,Card Purchase,977.78,United Kingdom,Online
TX008866,20673,2026-09-16 07:50:44,Card Purchase,91.76,Netherlands,Mobile
TX008867,20634,2026-08-29 10:32:27,Bank Transfer,72.7,Germany,Card
TX008868,20474,2026-06-01 10:00:46,Bank Transfer,63.4,United Kingdom,Mobile
TX008869,20203,2026-05-15 11:00:02,Card Purchase,123.75,United States,Branch
TX008870,20041,2026-12-20 22:23:50,Direct Debit,146.61,United Kingdom,Card
TX008871,20223,2026-01-11 14:14:45,Card Purchase,322.42,United Kingdom,Mobile
TX008872,20480,2026-04-15 18:08:09,Bank Transfer,126.1,UAE,Online
TX008873,20566,2026-08-28 14:58:53,Bank Transfer,81.14,Netherlands,Mobile
TX008874,20611,2026-01-03 12:45:22,Card Purchase,249.34,United Kingdom,Online
TX008875,20221,2026-02-09 12:47:25,Card Purchase,20.38,United Kingdom,Card
TX008876,20373,2026-02-27 11:12:46,Bank Transfer,38.68,United Kingdom,Card
TX008877,20214,2026-08-17 04:50:07,Deposit,133.68,United States,Mobile
TX008878,20608,2026-01-31 22:39:03,Bank Transfer,105.69,United Kingdom,Mobile
TX008879,20277,2026-01-07 20:18:02,Card Purchase,988.81,United Kingdom,Online
TX008880,20535,2026-10-23 14:44:58,Direct Debit,36.72,United Kingdom,Mobile
TX008881,20634,2026-07-10 20:19:29,Direct Debit,73.6,United Kingdom,Online
TX008882,20051,2026-07-29 10:03:12,Bank Transfer,59.86,Spain,Online
TX008883,20565,2026-06-11 03:45:18,Card Purchase,74.94,United Kingdom,Online
TX008884,20652,2026-04-28 20:42:42,Card Purchase,202.7,United States,Card
TX008885,20543,2026-04-05 17:51:51,Card Purchase,65.05,United Kingdom,Card
TX008886,20553,2026-08-20 20:46:20,Bank Transfer,68.92,United Kingdom,Mobile
TX008887,20041,2026-06-19 07:41:37,Bank Transfer,908.57,Nigeria,Mobile
TX008888,20010,2026-03-10 14:21:36,Card Purchase,32.39,United States,Card
TX008889,20640,2026-09-03 22:13:15,Card Purchase,185.86,Spain,Online
TX008890,20451,2026-01-07 10:01:38,Cash Withdrawal,46.67,United Kingdom,Mobile
TX008891,20263,2026-06-20 01:58:17,Deposit,111.78,United Kingdom,Card
TX008892,20323,2026-08-13 07:18:01,Bank Transfer,41.03,United Kingdom,Mobile
TX008893,20184,2026-08-28 18:33:19,Card Purchase,173.93,United Kingdom,Online
TX008894,20292,2026-05-29 11:09:00,Direct Debit,75.73,Netherlands,Card
TX008895,20633,2026-08-20 04:31:28,Direct Debit,76.5,France,Card
TX008896,20329,2026-03-13 09:54:43,Card Purchase,587.09,United Kingdom,Branch
TX008897,20163,2026-08-03 08:03:38,Direct Debit,59.68,United States,Card
TX008898,20078,2026-10-16 17:59:00,Bank Transfer,39.13,Spain,Card
TX008899,20326,2026-10-14 20:24:06,Cash Withdrawal,284.13,United Kingdom,Mobile
TX008900,20464,2026-11-25 09:11:15,Direct Debit,47.67,United Kingdom,Online
TX008901,20168,2026-05-15 01:20:40,Cash Withdrawal,5.47,United Kingdom,Mobile
TX008902,20105,2026-07-27 04:16:41,Deposit,94.51,United States,Card
TX008903,20458,2026-10-01 03:12:23,Card Purchase,140.69,United Kingdom,Card
TX008904,20071,2026-08-14 13:43:02,Cash Withdrawal,459.57,United States,Card
TX008905,20223,2026-10-29 22:34:35,Cash Withdrawal,77.69,Singapore,Online
TX008906,20542,2026-06-02 17:52:31,Direct Debit,9.18,United Kingdom,Card
TX008907,20268,2026-04-10 18:42:41,Card Purchase,422.77,United Kingdom,ATM
TX008908,20452,2026-12-03 04:30:37,Bank Transfer,6.01,Germany,Mobile
TX008909,20009,2026-02-12 12:36:55,Card Purchase,126.73,United Kingdom,Mobile
TX008910,20629,2026-10-24 23:50:57,Card Purchase,459.09,United Kingdom,Branch
TX008911,20671,2026-02-19 19:10:34,Direct Debit,29.66,United Kingdom,Card
TX008912,20158,2026-12-28 01:47:06,Bank Transfer,37.63,United Kingdom,Card
TX008913,20394,2026-11-21 20:52:47,Deposit,28.56,United Kingdom,ATM
TX008914,20165,2026-07-07 20:27:39,Deposit,13.61,France,Mobile
TX008915,20114,2026-12-29 08:25:59,Bank Transfer,25.88,United Kingdom,Card
TX008916,20048,2026-11-01 21:57:23,Card Purchase,58.95,United Kingdom,Mobile
TX008917,20327,2026-09-19 02:34:16,Card Purchase,64.04,United Kingdom,Branch
TX008918,20255,2026-10-25 22:23:58,Card Purchase,75.32,United Kingdom,Online
TX008919,20612,2026-01-24 13:02:46,Card Purchase,213.5,United States,Branch
TX008920,20611,2026-02-22 19:38:01,Card Purchase,82.99,United Kingdom,Card
TX008921,20240,2026-11-20 03:05:44,Direct Debit,120.04,United Kingdom,Card
TX008922,20186,2026-01-27 13:49:19,Bank Transfer,131.72,United Kingdom,Mobile
TX008923,20178,2026-11-12 21:43:17,Card Purchase,86.05,United Kingdom,Branch
TX008924,20036,2026-12-30 18:30:49,Card Purchase,101.38,Ireland,Card
TX008925,20103,2026-09-04 11:39:47,Bank Transfer,164.97,United Kingdom,Mobile
TX008926,20298,2026-11-23 13:40:35,Card Purchase,36.44,United Kingdom,Branch
TX008927,20165,2026-07-15 06:50:37,Bank Transfer,100.09,United Kingdom,Card
TX008928,20149,2026-05-10 06:59:56,Card Purchase,198.6,United Kingdom,Mobile
TX008929,20588,2026-09-05 23:06:05,Direct Debit,87.75,United States,Mobile
TX008930,20019,2026-02-10 04:13:05,Direct Debit,102.24,United Kingdom,Mobile
TX008931,20255,2026-01-06 05:39:30,Cash Withdrawal,124.48,Singapore,Mobile
TX008932,20392,2026-12-15 16:53:29,Direct Debit,318.26,United Kingdom,Mobile
TX008933,20231,2026-11-30 19:35:50,Bank Transfer,140.52,Germany,Branch
TX008934,20296,2026-10-08 04:12:08,Card Purchase,229.7,United Kingdom,Card
TX008935,20453,2026-07-04 23:48:00,Card Purchase,258.48,United States,Card
TX008936,20638,2026-01-27 05:03:43,Card Purchase,634.16,Ireland,Card
TX008937,20641,2026-11-06 08:25:09,Direct Debit,88.41,United Kingdom,Card
TX008938,20052,2026-04-17 09:37:03,Card Purchase,119.5,Spain,ATM
TX008939,20392,2026-12-06 02:56:29,Card Purchase,32.28,United Kingdom,ATM
TX008940,20624,2026-01-06 23:44:02,Bank Transfer,68.31,France,Mobile
TX008941,20297,2026-05-25 22:50:34,Bank Transfer,92.47,United Kingdom,Card
TX008942,20465,2026-06-29 13:30:15,Card Purchase,21.55,United Kingdom,Online
TX008943,20003,2026-01-27 21:34:01,Direct Debit,262.43,United Kingdom,Online
TX008944,20422,2026-02-06 14:01:56,Bank Transfer,72.29,United States,Card
TX008945,20547,2026-07-28 01:54:58,Card Purchase,110.58,Netherlands,Mobile
TX008946,20501,2026-11-13 17:28:50,Direct Debit,137.18,Germany,Online
TX008947,20250,2026-05-06 06:57:30,Deposit,166.87,United Kingdom,Card
TX008948,20101,2026-03-01 06:20:40,Bank Transfer,474.03,United Kingdom,Mobile
TX008949,20015,2026-02-27 23:21:46,Card Purchase,231.57,United Kingdom,Card
TX008950,20002,2026-02-20 15:58:19,Bank Transfer,416.97,Germany,Card
TX008951,20386,2026-08-19 11:32:05,Card Purchase,71.46,France,Branch
TX008952,20572,2026-05-20 12:44:13,Bank Transfer,463.76,United Kingdom,Online
TX008953,20136,2026-11-26 12:10:11,Card Purchase,94.41,France,Card
TX008954,20093,2026-04-12 18:43:04,Bank Transfer,50.14,United Kingdom,Card
TX008955,20446,2026-11-26 23:50:58,Bank Transfer,207.96,United Kingdom,ATM
TX008956,20303,2026-03-22 23:29:48,Card Purchase,176.15,Singapore,Mobile
TX008957,20257,2026-08-01 09:38:32,Direct Debit,29.86,Netherlands,Online
TX008958,20251,2026-02-12 20:47:43,Card Purchase,69.92,Netherlands,Mobile
TX008959,20468,2026-04-05 13:19:39,Card Purchase,74.79,United Kingdom,Online
TX008960,20159,2026-12-31 09:58:27,Card Purchase,83.99,United Kingdom,Mobile
TX008961,20586,2026-05-04 12:20:29,Direct Debit,12.0,United Kingdom,Card
TX008962,20641,2026-02-15 04:16:50,Direct Debit,20.74,United Kingdom,Online
TX008963,20322,2026-08-08 00:01:33,Direct Debit,51.36,United Kingdom,Mobile
TX008964,20384,2026-07-24 03:31:14,Bank Transfer,306.36,United Kingdom,Mobile
TX008965,20137,2026-06-16 02:28:59,Cash Withdrawal,132.65,Nigeria,ATM
TX008966,20083,2026-12-07 04:37:29,Bank Transfer,583.62,Netherlands,Card
TX008967,20418,2026-09-08 23:58:55,Bank Transfer,16.19,United Kingdom,Card
TX008968,20238,2026-04-30 13:09:02,Direct Debit,32.44,Germany,Card
TX008969,20282,2026-03-19 02:16:28,Card Purchase,73.9,United Kingdom,Mobile
TX008970,20381,2026-02-07 20:01:34,Card Purchase,37.46,France,Card
TX008971,20027,2026-03-24 12:36:05,Bank Transfer,332.69,UAE,Mobile
TX008972,20152,2026-02-27 11:26:35,Card Purchase,79.84,Nigeria,Mobile
TX008973,20266,2026-03-29 10:09:48,Direct Debit,89.55,United Kingdom,Mobile
TX008974,20579,2026-05-06 02:15:28,Card Purchase,578.75,United Kingdom,ATM
TX008975,20541,2026-10-31 11:09:57,Deposit,28.14,United Kingdom,Branch
TX008976,20302,2026-03-18 18:04:58,Bank Transfer,49.9,United Kingdom,Mobile
TX008977,20263,2026-04-11 22:42:36,Card Purchase,29.39,Nigeria,Branch
TX008978,20403,2026-02-09 09:29:44,Card Purchase,56.97,United States,Mobile
TX008979,20632,2026-10-05 09:27:51,Card Purchase,127.84,United States,Mobile
TX008980,20035,2026-07-03 20:41:39,Card Purchase,202.42,France,Online
TX008981,20146,2026-07-21 05:56:24,Card Purchase,35.99,Spain,Mobile
TX008982,20177,2026-11-20 14:56:37,Bank Transfer,706.61,United Kingdom,Online
TX008983,20364,2026-05-05 11:45:34,Bank Transfer,297.87,United States,Mobile
TX008984,20168,2026-07-19 09:01:09,Card Purchase,26.33,Spain,Mobile
TX008985,20285,2026-07-07 00:13:08,Cash Withdrawal,94.59,Germany,Mobile
TX008986,20258,2026-08-09 05:33:56,Deposit,142.24,United Kingdom,Online
TX008987,20450,2026-05-23 12:43:55,Card Purchase,53.03,United States,ATM
TX008988,20491,2026-10-22 22:29:08,Card Purchase,68.88,United Kingdom,Card
TX008989,20416,2026-05-08 12:05:14,Card Purchase,17.08,Spain,Card
TX008990,20378,2026-10-27 06:50:15,Bank Transfer,104.54,Ireland,Card
TX008991,20234,2026-02-09 22:12:12,Direct Debit,57.99,United Kingdom,Online
TX008992,20646,2026-05-16 01:10:15,Bank Transfer,67.65,Netherlands,Card
TX008993,20477,2026-10-04 06:54:46,Card Purchase,139.78,United Kingdom,Card
TX008994,20433,2026-10-16 11:09:01,Cash Withdrawal,100.92,United Kingdom,Mobile
TX008995,20360,2026-12-27 12:51:45,Bank Transfer,194.85,United Kingdom,Branch
TX008996,20313,2026-11-15 19:54:55,Bank Transfer,220.25,France,Mobile
TX008997,20210,2026-03-04 07:19:54,Direct Debit,41.51,United Kingdom,Online
TX008998,20280,2026-12-11 11:53:10,Direct Debit,57.26,United Kingdom,Card
TX008999,20082,2026-04-10 20:28:47,Bank Transfer,27.32,United States,Online
TX009000,20602,2026-11-26 05:50:10,Card Purchase,20.15,United Kingdom,Card
TX009001,20418,2026-06-15 04:56:19,Direct Debit,192.4,United Kingdom,Mobile
TX009002,20504,2026-02-26 14:25:31,Direct Debit,180.82,Singapore,Online
TX009003,20504,2026-10-10 11:36:06,Deposit,31.22,France,Mobile
TX009004,20006,2026-03-28 20:25:46,Card Purchase,48.87,United Kingdom,Online
TX009005,20635,2026-08-03 03:01:18,Bank Transfer,41.88,United Kingdom,Card
TX009006,20281,2026-06-11 23:05:24,Bank Transfer,188.02,France,Card
TX009007,20226,2026-04-03 09:39:16,Card Purchase,114.07,United Kingdom,ATM
TX009008,20447,2026-07-25 21:55:33,Bank Transfer,66.72,United Kingdom,Card
TX009009,20460,2026-10-05 16:13:42,Bank Transfer,78.45,United Kingdom,Mobile
TX009010,20258,2026-08-10 09:24:47,Bank Transfer,204.24,United Kingdom,Branch
TX009011,20059,2026-03-17 22:29:44,Card Purchase,22.77,United Kingdom,Mobile
TX009012,20574,2026-11-14 06:05:32,Card Purchase,63.5,Netherlands,Online
TX009013,20187,2026-07-31 12:12:37,Bank Transfer,367.56,United Kingdom,Mobile
TX009014,20641,2026-04-10 08:54:35,Card Purchase,378.3,Singapore,Mobile
TX009015,20569,2026-09-14 20:19:01,Bank Transfer,70.77,UAE,ATM
TX009016,20267,2026-04-02 21:39:45,Cash Withdrawal,117.75,Netherlands,Card
TX009017,20459,2026-08-11 13:50:22,Card Purchase,41.64,United Kingdom,Online
TX009018,20322,2026-08-08 18:25:49,Cash Withdrawal,123.38,United Kingdom,Card
TX009019,20188,2026-04-30 16:37:28,Bank Transfer,115.06,United Kingdom,Online
TX009020,20045,2026-03-06 16:58:38,Deposit,22.17,Ireland,Mobile
TX009021,20330,2026-10-15 10:00:16,Deposit,64.63,United Kingdom,Branch
TX009022,20094,2026-01-31 03:25:22,Card Purchase,60.47,United Kingdom,Online
TX009023,20574,2026-09-25 07:41:48,Bank Transfer,212.72,United Kingdom,Online
TX009024,20210,2026-06-19 01:40:40,Card Purchase,19.15,Germany,Online
TX009025,20133,2026-01-23 06:25:17,Deposit,665.49,United States,Online
TX009026,20367,2026-08-17 20:06:28,Card Purchase,448.52,France,Online
TX009027,20538,2026-11-15 07:58:57,Bank Transfer,39.21,Germany,ATM
TX009028,20370,2026-10-29 21:46:16,Cash Withdrawal,252.84,United Kingdom,Online
TX009029,20126,2026-08-07 12:04:46,Card Purchase,180.6,United Kingdom,Card
TX009030,20216,2026-02-27 13:51:51,Card Purchase,35.57,United Kingdom,Online
TX009031,20640,2026-10-10 19:53:50,Bank Transfer,200.31,United Kingdom,Card
TX009032,20385,2026-10-11 02:42:12,Deposit,87.34,United Kingdom,Online
TX009033,20261,2026-05-27 02:08:58,Card Purchase,227.37,United Kingdom,Mobile
TX009034,20177,2026-04-02 03:22:12,Card Purchase,45.8,Netherlands,Online
TX009035,20455,2026-05-15 08:11:14,Card Purchase,184.42,United Kingdom,ATM
TX009036,20313,2026-12-02 05:08:00,Card Purchase,160.25,United Kingdom,Card
TX009037,20133,2026-08-03 13:11:46,Bank Transfer,45.8,United Kingdom,Mobile
TX009038,20441,2026-09-21 11:14:38,Bank Transfer,98.7,Germany,Card
TX009039,20401,2026-02-11 18:53:11,Card Purchase,158.37,United Kingdom,Mobile
TX009040,20112,2026-12-25 15:07:16,Card Purchase,198.72,United Kingdom,Mobile
TX009041,20625,2026-08-27 11:39:17,Direct Debit,21.34,United Kingdom,Online
TX009042,20377,2026-09-19 00:56:10,Deposit,101.88,United Kingdom,Mobile
TX009043,20422,2026-04-23 23:24:21,Deposit,706.01,France,Online
TX009044,20065,2026-09-04 19:00:11,Card Purchase,97.69,United Kingdom,Mobile
TX009045,20001,2026-09-07 14:33:05,Bank Transfer,21.84,United States,Online
TX009046,20024,2026-12-13 14:30:04,Bank Transfer,142.06,United Kingdom,ATM
TX009047,20456,2026-01-07 02:48:02,Bank Transfer,156.83,Nigeria,ATM
TX009048,20157,2026-09-03 14:40:37,Direct Debit,18.25,France,Mobile
TX009049,20396,2026-09-23 23:29:07,Direct Debit,116.87,United Kingdom,Online
TX009050,20524,2026-08-26 23:21:24,Card Purchase,35.15,United States,Mobile
TX009051,20331,2026-08-16 11:37:29,Bank Transfer,213.61,United Kingdom,Card
TX009052,20053,2026-02-03 16:53:50,Cash Withdrawal,594.79,France,Online
TX009053,20140,2026-05-22 01:57:14,Bank Transfer,13.02,United Kingdom,Online
TX009054,20589,2026-11-01 11:03:36,Bank Transfer,34.12,Germany,Branch
TX009055,20002,2026-05-24 15:48:05,Deposit,50.69,Germany,Card
TX009056,20281,2026-07-05 21:21:52,Card Purchase,128.39,UAE,ATM
TX009057,20500,2026-11-15 07:09:03,Bank Transfer,105.41,United Kingdom,Mobile
TX009058,20123,2026-11-29 20:08:42,Card Purchase,14124.02,UAE,Online
TX009059,20586,2026-10-15 16:11:41,Card Purchase,993.52,United States,Branch
TX009060,20649,2026-09-09 02:48:36,Card Purchase,138.88,Singapore,Mobile
TX009061,20636,2026-02-09 18:13:20,Bank Transfer,86.18,United States,Online
TX009062,20188,2026-10-26 00:47:13,Card Purchase,22.76,United Kingdom,ATM
TX009063,20444,2026-09-12 07:50:13,Card Purchase,53.88,United Kingdom,Mobile
TX009064,20635,2026-03-18 21:42:22,Bank Transfer,56.64,Nigeria,Card
TX009065,20117,2026-09-05 02:56:01,Card Purchase,109.97,Ireland,Online
TX009066,20173,2026-06-05 06:15:51,Card Purchase,7.97,Netherlands,Card
TX009067,20484,2026-03-07 01:01:28,Deposit,115.32,UAE,Online
TX009068,20641,2026-08-11 19:34:39,Bank Transfer,23.71,Nigeria,Card
TX009069,20107,2026-12-03 08:38:47,Card Purchase,292.26,United Kingdom,Online
TX009070,20584,2026-10-18 09:41:39,Bank Transfer,296.7,United States,Card
TX009071,20363,2026-04-29 01:42:40,Card Purchase,736.38,United Kingdom,Mobile
TX009072,20471,2026-10-30 09:22:26,Cash Withdrawal,82.39,United Kingdom,Branch
TX009073,20190,2026-07-23 00:11:41,Bank Transfer,629.42,United Kingdom,Mobile
TX009074,20466,2026-02-07 01:43:44,Bank Transfer,11.49,Germany,Card
TX009075,20225,2026-05-04 02:11:05,Bank Transfer,112.34,United Kingdom,Mobile
TX009076,20411,2026-12-21 04:00:14,Direct Debit,35.22,UAE,Mobile
TX009077,20524,2026-11-16 18:40:28,Cash Withdrawal,17.32,France,Card
TX009078,20144,2026-10-12 03:20:53,Cash Withdrawal,154.33,Spain,Card
TX009079,20579,2026-11-26 12:59:09,Card Purchase,100.27,United Kingdom,Card
TX009080,20286,2026-01-02 18:08:16,Direct Debit,223.34,Singapore,Mobile
TX009081,20332,2026-11-08 17:17:05,Card Purchase,107.43,Netherlands,Mobile
TX009082,20672,2026-09-18 23:31:09,Bank Transfer,437.29,Spain,Online
TX009083,20050,2026-05-12 11:58:46,Card Purchase,45.64,United Kingdom,Mobile
TX009084,20225,2026-01-20 15:13:43,Card Purchase,53.45,Netherlands,Card
TX009085,20565,2026-02-08 16:38:32,Direct Debit,235.89,United Kingdom,ATM
TX009086,20570,2026-08-03 18:09:12,Bank Transfer,39.42,France,Card
TX009087,20601,2026-01-03 15:33:01,Direct Debit,74.16,United Kingdom,Online
TX009088,20348,2026-12-14 23:02:42,Bank Transfer,129.6,United Kingdom,Mobile
TX009089,20571,2026-05-03 22:50:55,Card Purchase,173.07,United Kingdom,Mobile
TX009090,20625,2026-09-24 08:00:53,Direct Debit,149.23,France,ATM
TX009091,20127,2026-01-15 01:00:04,Card Purchase,87.02,United Kingdom,Mobile
TX009092,20274,2026-04-07 09:22:57,Bank Transfer,32.31,United Kingdom,ATM
TX009093,20337,2026-06-12 04:24:24,Direct Debit,440.41,United Kingdom,ATM
TX009094,20167,2026-06-21 10:00:55,Direct Debit,363.21,Germany,Mobile
TX009095,20609,2026-12-27 09:27:21,Bank Transfer,84.14,United Kingdom,Online
TX009096,20127,2026-09-09 22:56:20,Direct Debit,234.14,France,Mobile
TX009097,20041,2026-08-08 12:31:10,Card Purchase,110.31,France,Branch
TX009098,20084,2026-09-11 16:55:19,Card Purchase,51.82,United Kingdom,Online
TX009099,20062,2026-11-28 22:51:56,Card Purchase,66.02,Ireland,Mobile
TX009100,20216,2026-01-01 18:18:35,Deposit,28.05,United Kingdom,Card
TX009101,20515,2026-07-23 21:58:28,Card Purchase,437.49,United Kingdom,Mobile
TX009102,20538,2026-06-30 05:53:04,Card Purchase,75.56,United Kingdom,Card
TX009103,20137,2026-03-02 19:20:30,Bank Transfer,25.13,Germany,Mobile
TX009104,20134,2026-02-14 00:01:49,Card Purchase,554.02,United States,ATM
TX009105,20099,2026-03-10 08:06:27,Direct Debit,136.08,UAE,Mobile
TX009106,20168,2026-07-28 07:23:34,Card Purchase,88.1,United Kingdom,Online
TX009107,20245,2026-10-08 01:16:51,Card Purchase,81.82,United Kingdom,Card
TX009108,20387,2026-09-27 14:45:37,Card Purchase,300.16,United States,Card
TX009109,20399,2026-11-06 15:47:00,Direct Debit,89.04,Singapore,Online
TX009110,20275,2026-12-17 14:28:08,Cash Withdrawal,172.65,France,Branch
TX009111,20463,2026-07-21 06:45:28,Direct Debit,57.41,United Kingdom,Card
TX009112,20075,2026-01-31 04:39:23,Direct Debit,117.27,United Kingdom,Mobile
TX009113,20518,2026-07-27 13:30:08,Card Purchase,57.92,Germany,Mobile
TX009114,20206,2026-10-07 09:28:07,Card Purchase,83.57,UAE,Mobile
TX009115,20437,2026-04-11 11:48:02,Card Purchase,5.56,United Kingdom,Mobile
TX009116,20417,2026-11-21 04:14:57,Bank Transfer,186.86,United Kingdom,Card
TX009117,20251,2026-05-28 08:04:45,Card Purchase,55.24,Ireland,Mobile
TX009118,20481,2026-07-03 10:24:11,Card Purchase,26.09,Netherlands,Branch
TX009119,20016,2026-07-20 15:18:41,Direct Debit,104.7,United Kingdom,Card
TX009120,20378,2026-04-24 03:33:04,Cash Withdrawal,362.4,United Kingdom,Mobile
TX009121,20084,2026-04-03 04:52:56,Bank Transfer,12688.17,UAE,Mobile
TX009122,20372,2026-08-27 11:23:39,Cash Withdrawal,128.97,United Kingdom,ATM
TX009123,20654,2026-08-23 05:52:53,Bank Transfer,670.54,United Kingdom,Mobile
TX009124,20482,2026-05-23 07:05:35,Bank Transfer,215.96,United Kingdom,Mobile
TX009125,20534,2026-08-02 01:19:13,Direct Debit,101.49,United Kingdom,Mobile
TX009126,20462,2026-10-12 14:21:13,Cash Withdrawal,415.37,United Kingdom,Mobile
TX009127,20147,2026-12-08 07:08:59,Card Purchase,13.46,United Kingdom,Online
TX009128,20674,2026-08-08 08:55:42,Card Purchase,164.73,France,Card
TX009129,20004,2026-07-18 12:52:44,Bank Transfer,56.47,Netherlands,Online
TX009130,20558,2026-10-24 19:38:21,Bank Transfer,85.11,United Kingdom,Mobile
TX009131,20399,2026-11-24 12:02:50,Direct Debit,102.8,United Kingdom,Mobile
TX009132,20333,2026-08-29 18:17:33,Card Purchase,40.77,United Kingdom,Online
TX009133,20514,2026-12-20 03:27:02,Direct Debit,78.24,UAE,Card
TX009134,20557,2026-11-30 13:14:17,Card Purchase,120.06,UAE,Online
TX009135,20614,2026-05-23 15:09:24,Card Purchase,53.67,United States,Online
TX009136,20516,2026-01-14 16:58:40,Bank Transfer,131.53,France,Card
TX009137,20177,2026-12-10 10:28:47,Bank Transfer,172.89,United Kingdom,ATM
TX009138,20159,2026-09-19 06:23:03,Card Purchase,388.75,UAE,Mobile
TX009139,20390,2026-09-17 06:41:44,Card Purchase,79.29,United Kingdom,ATM
TX009140,20599,2026-09-16 03:56:22,Direct Debit,69.76,United Kingdom,Mobile
TX009141,20525,2026-10-14 00:10:21,Direct Debit,1752.28,Ireland,Card
TX009142,20491,2026-04-15 03:53:56,Deposit,25.2,Germany,Card
TX009143,20596,2026-10-23 02:06:08,Card Purchase,153.52,Germany,ATM
TX009144,20449,2026-11-27 12:56:45,Card Purchase,325.76,United Kingdom,Online
TX009145,20457,2026-04-03 17:06:21,Deposit,41.8,United Kingdom,Mobile
TX009146,20674,2026-08-14 09:27:17,Card Purchase,466.53,United Kingdom,Card
TX009147,20439,2026-10-29 05:29:33,Bank Transfer,94.54,United States,Branch
TX009148,20290,2026-10-09 15:01:01,Card Purchase,140.09,United States,Mobile
TX009149,20387,2026-08-25 15:14:01,Direct Debit,367.51,United Kingdom,ATM
TX009150,20382,2026-12-18 13:12:10,Bank Transfer,69.54,United Kingdom,Card
TX009151,20174,2026-02-14 10:18:49,Card Purchase,32.41,United Kingdom,Online
TX009152,20583,2026-06-22 23:40:30,Card Purchase,44.32,United Kingdom,Card
TX009153,20112,2026-11-21 08:32:00,Card Purchase,36.15,Ireland,Mobile
TX009154,20586,2026-10-23 03:35:32,Cash Withdrawal,26.74,United Kingdom,Mobile
TX009155,20023,2026-03-03 14:01:29,Cash Withdrawal,12.24,United Kingdom,Online
TX009156,20114,2026-01-21 19:49:19,Card Purchase,53.13,United Kingdom,Online
TX009157,20029,2026-11-17 09:15:01,Card Purchase,107.32,Germany,Mobile
TX009158,20264,2026-10-09 18:09:51,Card Purchase,127.92,United Kingdom,Mobile
TX009159,20641,2026-03-13 07:32:41,Card Purchase,11.38,United Kingdom,ATM
TX009160,20378,2026-05-31 05:25:46,Card Purchase,56.16,United Kingdom,Mobile
TX009161,20477,2026-12-30 19:33:47,Card Purchase,94.92,United Kingdom,Mobile
TX009162,20063,2026-07-19 07:26:04,Direct Debit,107.0,United Kingdom,ATM
TX009163,20673,2026-08-03 19:01:37,Card Purchase,167.15,United Kingdom,Branch
TX009164,20070,2026-01-10 04:59:12,Deposit,76.65,United States,ATM
TX009165,20010,2026-06-15 22:04:00,Bank Transfer,58.26,United Kingdom,Mobile
TX009166,20104,2026-06-18 02:59:25,Card Purchase,114.69,Singapore,Online
TX009167,20576,2026-11-01 16:19:54,Bank Transfer,127.61,United Kingdom,Online
TX009168,20073,2026-09-19 22:00:07,Card Purchase,19.12,United Kingdom,Card
TX009169,20274,2026-12-13 03:19:10,Direct Debit,310.02,United Kingdom,Online
TX009170,20407,2026-09-19 21:06:26,Direct Debit,430.8,United States,ATM
TX009171,20589,2026-08-04 22:30:25,Direct Debit,8.99,United States,Online
TX009172,20176,2026-05-31 21:52:07,Card Purchase,104.56,UAE,Card
TX009173,20517,2026-01-11 06:00:55,Direct Debit,102.85,United Kingdom,Online
TX009174,20181,2026-01-09 00:27:35,Bank Transfer,388.29,United Kingdom,Online
TX009175,20473,2026-07-30 15:21:54,Deposit,284.28,Germany,Card
TX009176,20171,2026-08-16 22:19:08,Card Purchase,218.76,United Kingdom,Online
TX009177,20400,2026-10-22 18:14:00,Bank Transfer,189.09,Nigeria,Card
TX009178,20195,2026-05-21 15:45:48,Card Purchase,20.28,Netherlands,Mobile
TX009179,20598,2026-10-13 05:18:35,Card Purchase,227.62,United Kingdom,Online
TX009180,20283,2026-01-05 02:27:31,Card Purchase,22231.47,United Kingdom,Online
TX009181,20007,2026-05-23 07:00:20,Cash Withdrawal,66.96,United Kingdom,Branch
TX009182,20082,2026-02-22 00:12:34,Bank Transfer,127.72,Ireland,Mobile
TX009183,20466,2026-07-27 11:34:54,Card Purchase,149.42,Nigeria,Mobile
TX009184,20288,2026-11-30 06:30:32,Bank Transfer,43.25,United Kingdom,Mobile
TX009185,20483,2026-07-20 13:46:08,Bank Transfer,301.58,Nigeria,Branch
TX009186,20240,2026-07-14 16:00:44,Card Purchase,58.07,United Kingdom,Online
TX009187,20626,2026-08-10 15:58:46,Bank Transfer,31.99,UAE,Online
TX009188,20390,2026-07-30 09:38:41,Card Purchase,92.5,United Kingdom,ATM
TX009189,20055,2026-02-04 00:39:28,Card Purchase,141.58,Nigeria,Online
TX009190,20576,2026-01-07 19:44:00,Direct Debit,32.0,United Kingdom,Online
TX009191,20331,2026-07-12 08:28:00,Card Purchase,77.14,United Kingdom,Card
TX009192,20038,2026-07-05 13:06:05,Direct Debit,519.5,United Kingdom,Online
TX009193,20060,2026-10-08 12:12:00,Direct Debit,29.42,United Kingdom,Mobile
TX009194,20194,2026-03-06 08:20:53,Card Purchase,89.84,United Kingdom,Card
TX009195,20354,2026-06-26 16:31:25,Card Purchase,58.97,UAE,Card
TX009196,20539,2026-12-02 10:13:32,Card Purchase,62.2,United Kingdom,Card
TX009197,20661,2026-06-05 00:28:30,Direct Debit,167.12,Germany,Mobile
TX009198,20628,2026-10-14 12:02:40,Bank Transfer,48.72,United Kingdom,Card
TX009199,20617,2026-06-06 02:20:40,Card Purchase,32.38,United States,Online
TX009200,20171,2026-08-26 10:20:18,Deposit,146.31,United Kingdom,Branch
TX009201,20079,2026-03-27 04:39:44,Card Purchase,91.95,United Kingdom,Online
TX009202,20528,2026-07-18 01:22:15,Card Purchase,262.97,Spain,Mobile
TX009203,20662,2026-06-28 17:46:52,Card Purchase,137.22,United Kingdom,ATM
TX009204,20399,2026-10-12 21:06:49,Deposit,95.34,Netherlands,Mobile
TX009205,20030,2026-12-31 23:50:51,Direct Debit,51.76,United States,Card
TX009206,20342,2026-06-15 01:38:47,Card Purchase,16990.73,United Kingdom,Mobile
TX009207,20389,2026-04-30 12:34:22,Card Purchase,100.67,United Kingdom,Mobile
TX009208,20227,2026-06-13 08:21:16,Card Purchase,58.62,United Kingdom,Online
TX009209,20244,2026-01-20 23:09:26,Cash Withdrawal,49.31,United Kingdom,Card
TX009210,20250,2026-10-09 02:09:48,Card Purchase,440.92,United Kingdom,Mobile
TX009211,20010,2026-12-21 23:53:01,Bank Transfer,115.55,United Kingdom,Card
TX009212,20633,2026-04-25 02:01:20,Card Purchase,223.67,United States,Online
TX009213,20361,2026-04-24 20:09:11,Deposit,148.25,United Kingdom,ATM
TX009214,20229,2026-03-30 20:53:50,Bank Transfer,52.62,Singapore,Online
TX009215,20163,2026-01-19 11:10:15,Deposit,31.1,United Kingdom,Mobile
TX009216,20425,2026-11-07 00:43:05,Card Purchase,38.46,Singapore,Online
TX009217,20005,2026-01-22 08:46:13,Direct Debit,107.56,United Kingdom,Mobile
TX009218,20147,2026-10-18 02:09:33,Card Purchase,30.65,United Kingdom,Mobile
TX009219,20071,2026-12-24 18:26:24,Direct Debit,138.99,United Kingdom,Mobile
TX009220,20395,2026-04-07 16:55:37,Bank Transfer,190.92,Singapore,Mobile
TX009221,20030,2026-10-05 02:31:58,Direct Debit,25.14,Spain,Mobile
TX009222,20457,2026-02-04 08:13:47,Card Purchase,41.59,United Kingdom,ATM
TX009223,20615,2026-04-18 09:08:40,Card Purchase,80.88,United Kingdom,Online
TX009224,20319,2026-04-05 01:10:03,Card Purchase,415.82,United Kingdom,Online
TX009225,20653,2026-12-09 19:19:46,Bank Transfer,85.57,Singapore,Mobile
TX009226,20318,2026-04-19 01:43:13,Card Purchase,16.02,United Kingdom,Mobile
TX009227,20134,2026-09-10 00:31:10,Deposit,42.54,France,ATM
TX009228,20031,2026-02-17 21:19:06,Card Purchase,343.16,UAE,Card
TX009229,20289,2026-09-04 17:46:38,Bank Transfer,13.36,Nigeria,Online
TX009230,20038,2026-06-05 03:57:41,Card Purchase,65.41,United Kingdom,ATM
TX009231,20592,2026-06-11 03:19:49,Card Purchase,58.0,United Kingdom,Card
TX009232,20441,2026-05-10 06:35:52,Deposit,542.35,United Kingdom,Mobile
TX009233,20290,2026-05-01 14:49:11,Direct Debit,57.94,Netherlands,Online
TX009234,20656,2026-01-24 09:13:59,Card Purchase,56.73,Nigeria,Branch
TX009235,20377,2026-05-20 14:33:02,Direct Debit,11.16,United Kingdom,Card
TX009236,20330,2026-05-25 04:23:43,Cash Withdrawal,103.23,United Kingdom,Branch
TX009237,20533,2026-12-14 18:54:06,Card Purchase,23.94,Germany,Mobile
TX009238,20278,2026-10-01 01:56:38,Cash Withdrawal,639.07,United States,Online
TX009239,20185,2026-03-28 03:19:38,Card Purchase,68.64,Singapore,Online
TX009240,20451,2026-07-22 15:55:00,Bank Transfer,86.09,France,Branch
TX009241,20403,2026-12-29 11:25:38,Bank Transfer,148.86,United Kingdom,Card
TX009242,20034,2026-06-24 13:48:57,Bank Transfer,187.86,Singapore,Online
TX009243,20081,2026-07-21 18:33:56,Bank Transfer,83.05,United Kingdom,Card
TX009244,20059,2026-04-19 21:18:34,Bank Transfer,123.66,United Kingdom,Online
TX009245,20482,2026-08-10 08:21:22,Card Purchase,56.76,Netherlands,Online
TX009246,20576,2026-12-22 18:12:36,Card Purchase,289.0,Ireland,Branch
TX009247,20277,2026-09-29 15:56:58,Card Purchase,223.22,United Kingdom,Mobile
TX009248,20669,2026-01-14 16:22:39,Card Purchase,45.88,United Kingdom,ATM
TX009249,20073,2026-08-15 10:37:13,Card Purchase,390.2,Nigeria,Branch
TX009250,20462,2026-12-14 23:53:35,Card Purchase,289.46,United Kingdom,Online
TX009251,20326,2026-04-18 20:00:41,Direct Debit,192.67,United Kingdom,Mobile
TX009252,20297,2026-07-26 18:53:44,Card Purchase,1167.09,United Kingdom,Online
TX009253,20532,2026-08-29 13:01:26,Bank Transfer,190.09,Spain,Mobile
TX009254,20020,2026-03-02 06:13:39,Card Purchase,14.72,United Kingdom,Mobile
TX009255,20063,2026-02-20 12:39:02,Card Purchase,213.63,United Kingdom,Mobile
TX009256,20260,2026-02-26 14:24:56,Direct Debit,40.94,United Kingdom,Branch
TX009257,20604,2026-04-01 18:38:13,Bank Transfer,241.39,United Kingdom,ATM
TX009258,20559,2026-03-14 20:33:35,Card Purchase,36.01,United States,Card
TX009259,20594,2026-06-05 21:39:32,Card Purchase,84.68,Germany,Mobile
TX009260,20277,2026-07-14 13:02:57,Card Purchase,83.07,Spain,Mobile
TX009261,20402,2026-03-03 04:33:02,Bank Transfer,83.56,France,Mobile
TX009262,20089,2026-06-26 23:48:47,Card Purchase,77.97,Nigeria,Card
TX009263,20009,2026-02-22 04:10:21,Bank Transfer,129.41,United States,Mobile
TX009264,20066,2026-03-13 11:22:29,Card Purchase,119.9,United Kingdom,Online
TX009265,20584,2026-09-19 11:31:11,Deposit,36.12,United Kingdom,Online
TX009266,20347,2026-11-14 08:28:06,Direct Debit,147.92,United Kingdom,Card
TX009267,20414,2026-11-21 12:02:30,Bank Transfer,85.82,United Kingdom,Online
TX009268,20483,2026-02-12 10:21:27,Cash Withdrawal,134.92,United States,Mobile
TX009269,20359,2026-10-20 17:37:46,Card Purchase,270.7,Germany,ATM
TX009270,20638,2026-04-13 19:19:56,Deposit,174.06,United Kingdom,Card
TX009271,20034,2026-10-04 23:26:35,Bank Transfer,13.17,Netherlands,Card
TX009272,20318,2026-11-10 20:12:49,Cash Withdrawal,287.26,Spain,Online
TX009273,20397,2026-09-21 06:29:50,Bank Transfer,153.99,Nigeria,Mobile
TX009274,20041,2026-02-16 17:53:19,Direct Debit,1136.33,United Kingdom,Mobile
TX009275,20106,2026-03-14 21:45:09,Card Purchase,162.13,France,Online
TX009276,20335,2026-03-20 08:35:15,Bank Transfer,62.38,United Kingdom,Mobile
TX009277,20517,2026-05-01 05:12:53,Deposit,112.41,United States,ATM
TX009278,20520,2026-05-10 19:50:52,Direct Debit,6.07,France,Card
TX009279,20508,2026-12-18 17:37:51,Card Purchase,50.68,United Kingdom,Online
TX009280,20339,2026-09-21 09:15:51,Deposit,164.1,United Kingdom,Online
TX009281,20276,2026-02-10 21:51:31,Direct Debit,340.49,United Kingdom,Online
TX009282,20195,2026-02-18 19:13:57,Cash Withdrawal,142.76,UAE,Mobile
TX009283,20023,2026-01-25 15:15:15,Bank Transfer,95.45,France,ATM
TX009284,20553,2026-03-27 02:28:19,Card Purchase,91.91,United Kingdom,Online
TX009285,20260,2026-01-26 12:18:37,Direct Debit,30.3,United Kingdom,Online
TX009286,20028,2026-05-19 05:28:31,Card Purchase,155.42,United States,Card
TX009287,20308,2026-07-22 11:14:20,Bank Transfer,64.93,United States,Online
TX009288,20272,2026-05-23 13:00:13,Card Purchase,154.33,United States,ATM
TX009289,20488,2026-11-06 10:56:09,Bank Transfer,43.87,United Kingdom,Card
TX009290,20174,2026-01-05 17:13:59,Card Purchase,25.4,United Kingdom,Branch
TX009291,20647,2026-04-15 09:28:17,Card Purchase,200.45,United Kingdom,Mobile
TX009292,20417,2026-05-10 17:11:37,Cash Withdrawal,457.44,United Kingdom,Online
TX009293,20373,2026-01-26 21:17:39,Deposit,31.22,Germany,Mobile
TX009294,20628,2026-11-09 10:30:46,Card Purchase,114.45,UAE,Card
TX009295,20297,2026-03-21 05:28:28,Card Purchase,84.32,United Kingdom,Mobile
TX009296,20157,2026-01-19 11:52:38,Card Purchase,67.2,UAE,Branch
TX009297,20574,2026-08-18 10:43:13,Bank Transfer,202.68,United Kingdom,Online
TX009298,20364,2026-10-15 15:00:00,Card Purchase,213.81,Ireland,Card
TX009299,20332,2026-09-12 17:25:11,Cash Withdrawal,289.38,United Kingdom,Online
TX009300,20085,2026-12-10 22:00:18,Cash Withdrawal,262.04,Nigeria,Card
TX009301,20235,2026-04-25 17:41:58,Bank Transfer,87.79,United States,Online
TX009302,20480,2026-03-23 04:05:39,Bank Transfer,14.43,United Kingdom,Mobile
TX009303,20202,2026-10-09 02:26:45,Card Purchase,200.18,United Kingdom,Mobile
TX009304,20202,2026-03-13 19:32:10,Bank Transfer,161.41,France,ATM
TX009305,20062,2026-10-13 10:30:18,Card Purchase,14.36,UAE,Online
TX009306,20669,2026-03-06 19:30:38,Bank Transfer,50.55,United States,Online
TX009307,20201,2026-10-05 11:53:42,Cash Withdrawal,177.03,United Kingdom,Mobile
TX009308,20076,2026-09-25 06:34:24,Card Purchase,388.24,Ireland,Card
TX009309,20607,2026-07-31 08:14:25,Cash Withdrawal,36.27,United Kingdom,Card
TX009310,20342,2026-12-22 15:08:08,Card Purchase,160.52,United Kingdom,Mobile
TX009311,20427,2026-08-06 13:14:18,Card Purchase,186.29,United Kingdom,Card
TX009312,20593,2026-07-30 06:11:21,Card Purchase,458.51,United Kingdom,Mobile
TX009313,20203,2026-03-06 11:02:19,Card Purchase,214.99,United States,Online
TX009314,20492,2026-10-29 05:21:57,Bank Transfer,81.33,United Kingdom,Card
TX009315,20307,2026-01-16 00:17:35,Deposit,334.79,United States,Branch
TX009316,20376,2026-03-21 00:53:23,Direct Debit,66.56,UAE,Online
TX009317,20150,2026-01-24 14:09:22,Card Purchase,19.81,United Kingdom,Mobile
TX009318,20164,2026-05-29 03:08:33,Card Purchase,44.17,Ireland,Mobile
TX009319,20228,2026-08-27 13:01:03,Card Purchase,13.62,France,Mobile
TX009320,20479,2026-06-18 22:47:05,Card Purchase,135.85,United Kingdom,Card
TX009321,20299,2026-03-06 14:45:23,Direct Debit,378.78,United Kingdom,Mobile
TX009322,20342,2026-02-10 01:19:17,Bank Transfer,96.94,United Kingdom,Mobile
TX009323,20358,2026-06-24 04:53:03,Bank Transfer,101.63,Singapore,ATM
TX009324,20243,2026-10-18 16:39:25,Direct Debit,270.15,United Kingdom,Online
TX009325,20278,2026-01-25 06:57:34,Bank Transfer,160.53,United Kingdom,ATM
TX009326,20213,2026-04-01 20:00:27,Card Purchase,124.21,Nigeria,Online
TX009327,20087,2026-10-27 23:20:39,Deposit,22.7,Nigeria,Card
TX009328,20537,2026-07-09 11:47:52,Bank Transfer,162.6,United Kingdom,Card
TX009329,20444,2026-11-30 06:10:17,Deposit,165.15,United States,Card
TX009330,20168,2026-04-15 15:30:27,Card Purchase,161.22,United Kingdom,Mobile
TX009331,20295,2026-03-17 18:10:38,Card Purchase,64.72,United Kingdom,Card
TX009332,20032,2026-04-27 18:56:07,Deposit,27.01,United Kingdom,Card
TX009333,20079,2026-07-05 14:33:12,Card Purchase,51.24,United Kingdom,Card
TX009334,20078,2026-03-26 07:54:44,Card Purchase,266.63,United Kingdom,Online
TX009335,20449,2026-03-11 17:28:13,Bank Transfer,39.72,United States,Card
TX009336,20126,2026-03-13 05:58:18,Cash Withdrawal,52.82,United Kingdom,Online
TX009337,20572,2026-11-15 06:54:14,Card Purchase,76.78,United States,Online
TX009338,20477,2026-12-08 08:09:29,Card Purchase,11.7,United Kingdom,Card
TX009339,20404,2026-01-27 06:44:32,Direct Debit,56.09,France,Card
TX009340,20279,2026-08-21 16:13:08,Card Purchase,40.72,United Kingdom,Online
TX009341,20180,2026-07-09 20:50:58,Card Purchase,39.98,United Kingdom,Branch
TX009342,20056,2026-06-26 08:23:36,Direct Debit,47.07,Netherlands,Mobile
TX009343,20178,2026-09-20 00:55:53,Bank Transfer,40.5,United Kingdom,Mobile
TX009344,20436,2026-03-06 21:37:02,Card Purchase,48.29,France,Online
TX009345,20256,2026-03-04 10:04:38,Cash Withdrawal,109.87,Nigeria,Mobile
TX009346,20470,2026-08-27 23:47:35,Card Purchase,81.78,United Kingdom,Card
TX009347,20264,2026-06-02 10:11:07,Direct Debit,100.69,United Kingdom,Branch
TX009348,20353,2026-02-02 03:29:42,Card Purchase,131.87,United Kingdom,Online
TX009349,20056,2026-05-09 15:36:46,Card Purchase,57.06,Ireland,Online
TX009350,20374,2026-02-17 03:52:17,Bank Transfer,471.77,United Kingdom,Online
TX009351,20414,2026-06-28 22:29:41,Card Purchase,38.33,United Kingdom,Mobile
TX009352,20007,2026-03-29 06:37:48,Bank Transfer,58.77,United Kingdom,Card
TX009353,20596,2026-04-15 13:03:44,Card Purchase,41.35,United Kingdom,Branch
TX009354,20663,2026-12-14 15:51:13,Cash Withdrawal,89.18,United Kingdom,ATM
TX009355,20261,2026-04-17 19:56:52,Bank Transfer,47.91,Spain,ATM
TX009356,20160,2026-05-23 17:10:01,Card Purchase,106.54,Nigeria,Mobile
TX009357,20151,2026-06-02 14:35:12,Card Purchase,188.57,United Kingdom,Mobile
TX009358,20516,2026-05-24 00:52:37,Card Purchase,866.91,UAE,ATM
TX009359,20185,2026-03-31 16:54:14,Bank Transfer,20.52,United Kingdom,Mobile
TX009360,20213,2026-06-17 05:14:07,Card Purchase,83.49,Spain,Mobile
TX009361,20361,2026-09-23 17:50:59,Direct Debit,72.37,United Kingdom,Online
TX009362,20601,2026-06-15 15:23:53,Card Purchase,81.43,United Kingdom,Branch
TX009363,20344,2026-10-01 19:01:36,Card Purchase,331.24,United States,Mobile
TX009364,20365,2026-05-29 09:49:53,Card Purchase,45.14,Germany,Mobile
TX009365,20516,2026-10-20 01:05:48,Card Purchase,96.04,Singapore,Mobile
TX009366,20558,2026-02-10 00:04:22,Direct Debit,137.55,United Kingdom,Card
TX009367,20601,2026-11-22 09:15:02,Card Purchase,90.98,United Kingdom,Card
TX009368,20175,2026-03-22 00:46:27,Bank Transfer,27.92,Spain,Mobile
TX009369,20105,2026-09-07 21:19:08,Card Purchase,161.91,United Kingdom,Card
TX009370,20070,2026-03-17 15:21:16,Card Purchase,198.17,France,Mobile
TX009371,20248,2026-01-09 16:24:57,Bank Transfer,178.61,France,Card
TX009372,20142,2026-03-08 19:07:06,Card Purchase,173.97,Spain,Online
TX009373,20363,2026-06-05 15:15:42,Card Purchase,22.88,Ireland,Card
TX009374,20353,2026-05-10 05:22:01,Card Purchase,31.86,France,Mobile
TX009375,20152,2026-03-15 08:36:59,Card Purchase,20.81,United States,Mobile
TX009376,20169,2026-07-26 14:14:02,Cash Withdrawal,23.65,United Kingdom,Online
TX009377,20592,2026-07-06 07:39:48,Bank Transfer,133.18,Nigeria,Mobile
TX009378,20445,2026-10-07 22:37:43,Bank Transfer,99.98,Netherlands,Card
TX009379,20329,2026-11-21 04:40:55,Bank Transfer,42.06,United Kingdom,ATM
TX009380,20297,2026-01-05 06:43:16,Card Purchase,178.3,United Kingdom,ATM
TX009381,20226,2026-11-16 18:55:27,Bank Transfer,38.14,United Kingdom,Online
TX009382,20273,2026-02-01 11:12:53,Card Purchase,34.41,United Kingdom,Online
TX009383,20404,2026-03-10 07:11:51,Card Purchase,112.1,United Kingdom,Card
TX009384,20508,2026-12-28 16:45:00,Bank Transfer,105.02,Netherlands,Branch
TX009385,20474,2026-11-29 03:41:31,Card Purchase,126.78,Nigeria,Online
TX009386,20156,2026-09-09 19:58:17,Bank Transfer,5.25,United States,Online
TX009387,20023,2026-01-18 02:52:37,Direct Debit,114.77,United Kingdom,Mobile
TX009388,20546,2026-01-14 20:06:18,Deposit,65.85,France,Mobile
TX009389,20152,2026-06-08 20:37:01,Bank Transfer,80.77,United Kingdom,Mobile
TX009390,20365,2026-05-19 14:42:08,Card Purchase,43.86,Netherlands,ATM
TX009391,20523,2026-09-07 23:44:42,Card Purchase,46.55,United Kingdom,Mobile
TX009392,20241,2026-08-24 01:26:29,Card Purchase,36.0,Germany,Card
TX009393,20055,2026-06-29 07:25:11,Card Purchase,87.23,United Kingdom,Card
TX009394,20488,2026-06-23 11:13:45,Card Purchase,32.71,United States,Mobile
TX009395,20123,2026-03-10 20:23:04,Bank Transfer,33.63,Netherlands,Branch
TX009396,20348,2026-10-02 01:00:41,Bank Transfer,156.21,Germany,Card
TX009397,20353,2026-11-07 22:50:48,Card Purchase,64.54,United Kingdom,Card
TX009398,20191,2026-09-28 10:05:27,Bank Transfer,172.27,UAE,Card
TX009399,20050,2026-11-22 16:06:28,Card Purchase,48.79,Netherlands,Online
TX009400,20633,2026-05-27 12:35:58,Card Purchase,69.1,France,Mobile
TX009401,20086,2026-04-30 16:50:32,Card Purchase,36.49,United Kingdom,Mobile
TX009402,20107,2026-12-19 08:07:45,Bank Transfer,300.1,United States,Mobile
TX009403,20432,2026-11-18 19:51:29,Cash Withdrawal,182.75,United States,Mobile
TX009404,20405,2026-02-22 21:51:16,Card Purchase,293.03,United Kingdom,Card
TX009405,20552,2026-01-18 13:59:29,Bank Transfer,71.06,UAE,Mobile
TX009406,20563,2026-09-24 16:59:38,Direct Debit,185.01,Spain,ATM
TX009407,20589,2026-09-07 23:05:42,Bank Transfer,85.43,United Kingdom,Mobile
TX009408,20673,2026-10-13 00:06:58,Bank Transfer,113.6,Netherlands,ATM
TX009409,20097,2026-04-30 23:22:15,Card Purchase,88.21,Spain,Card
TX009410,20480,2026-11-16 04:00:47,Card Purchase,59.49,UAE,Card
TX009411,20178,2026-08-19 12:38:03,Direct Debit,396.51,United Kingdom,Online
TX009412,20206,2026-03-04 14:26:31,Card Purchase,67.37,United Kingdom,Mobile
TX009413,20422,2026-04-09 09:07:35,Cash Withdrawal,175.06,United Kingdom,Card
TX009414,20604,2026-02-16 05:11:53,Direct Debit,69.69,Germany,Online
TX009415,20641,2026-11-28 09:17:58,Bank Transfer,33.68,United Kingdom,Mobile
TX009416,20063,2026-01-17 09:34:21,Card Purchase,169.17,United Kingdom,Mobile
TX009417,20645,2026-06-05 20:52:10,Bank Transfer,265.16,United Kingdom,Card
TX009418,20535,2026-06-07 03:21:46,Card Purchase,83.44,United Kingdom,Mobile
TX009419,20407,2026-01-29 04:14:58,Direct Debit,277.85,Nigeria,ATM
TX009420,20269,2026-11-23 14:27:57,Card Purchase,146.85,United Kingdom,ATM
TX009421,20264,2026-03-03 21:58:00,Card Purchase,58.79,United Kingdom,Online
TX009422,20089,2026-12-23 14:42:22,Card Purchase,6.9,United Kingdom,Mobile
TX009423,20015,2026-08-01 01:06:47,Card Purchase,29.68,United Kingdom,Mobile
TX009424,20342,2026-12-18 06:59:28,Card Purchase,153.64,United Kingdom,Mobile
TX009425,20077,2026-06-13 20:53:30,Bank Transfer,79.21,Spain,Card
TX009426,20640,2026-02-04 15:33:51,Cash Withdrawal,9.8,UAE,Online
TX009427,20559,2026-01-13 04:57:04,Bank Transfer,41.0,United Kingdom,Mobile
TX009428,20478,2026-05-24 12:40:42,Direct Debit,751.16,United Kingdom,ATM
TX009429,20399,2026-01-20 12:27:14,Direct Debit,8.9,United Kingdom,Card
TX009430,20349,2026-06-21 21:22:46,Card Purchase,20.47,United Kingdom,ATM
TX009431,20106,2026-11-16 00:46:27,Card Purchase,68.64,United Kingdom,Branch
TX009432,20005,2026-09-08 23:13:37,Card Purchase,53.52,Netherlands,Mobile
TX009433,20347,2026-02-09 13:57:20,Card Purchase,259.22,United Kingdom,Mobile
TX009434,20425,2026-08-11 01:53:26,Bank Transfer,129.85,United Kingdom,Card
TX009435,20013,2026-04-20 16:25:10,Card Purchase,136.95,Spain,Branch
TX009436,20099,2026-05-15 07:03:49,Card Purchase,18.3,United States,Card
TX009437,20557,2026-05-02 23:28:56,Bank Transfer,77.36,United Kingdom,Online
TX009438,20411,2026-03-25 06:03:40,Bank Transfer,211.25,Singapore,Card
TX009439,20299,2026-09-27 03:52:10,Bank Transfer,193.43,United Kingdom,Card
TX009440,20462,2026-08-05 20:30:52,Card Purchase,151.25,United Kingdom,Branch
TX009441,20444,2026-09-12 07:22:03,Direct Debit,84.39,United Kingdom,Mobile
TX009442,20297,2026-02-06 08:26:58,Direct Debit,61.7,Ireland,Card
TX009443,20420,2026-06-17 05:45:52,Card Purchase,106.97,Spain,Mobile
TX009444,20086,2026-02-23 07:09:48,Card Purchase,135.52,United Kingdom,Online
TX009445,20400,2026-08-17 03:26:39,Card Purchase,442.69,Singapore,Mobile
TX009446,20601,2026-02-27 00:56:22,Card Purchase,84.1,France,Online
TX009447,20588,2026-11-15 18:11:26,Bank Transfer,65.65,United Kingdom,Mobile
TX009448,20484,2026-09-24 05:13:40,Bank Transfer,61.59,United Kingdom,Mobile
TX009449,20100,2026-01-03 02:43:58,Bank Transfer,270.16,United Kingdom,Card
TX009450,20496,2026-08-12 12:04:32,Card Purchase,552.37,United Kingdom,Online
TX009451,20340,2026-11-13 04:09:15,Card Purchase,87.38,Ireland,Mobile
TX009452,20450,2026-08-25 05:16:45,Direct Debit,72.19,France,Branch
TX009453,20373,2026-06-28 16:54:39,Card Purchase,155.66,United Kingdom,Card
TX009454,20499,2026-09-26 14:34:38,Card Purchase,43.82,United Kingdom,Card
TX009455,20015,2026-05-14 03:24:26,Deposit,81.26,Nigeria,Card
TX009456,20236,2026-06-21 23:30:12,Bank Transfer,48.43,Spain,Branch
TX009457,20605,2026-04-18 14:11:00,Card Purchase,41.32,UAE,Branch
TX009458,20006,2026-03-24 14:47:14,Direct Debit,155.4,United Kingdom,Online
TX009459,20216,2026-01-12 15:07:18,Deposit,109.62,United Kingdom,ATM
TX009460,20124,2026-02-01 11:13:50,Bank Transfer,25.43,Nigeria,Card
TX009461,20142,2026-11-30 23:25:02,Card Purchase,296.77,United Kingdom,Mobile
TX009462,20538,2026-11-24 01:56:01,Card Purchase,685.27,Netherlands,Mobile
TX009463,20360,2026-03-15 18:00:55,Card Purchase,91.38,United Kingdom,Online
TX009464,20044,2026-05-04 08:07:49,Deposit,839.57,Nigeria,Card
TX009465,20380,2026-04-05 06:47:51,Card Purchase,262.59,United Kingdom,Card
TX009466,20055,2026-08-10 16:11:00,Card Purchase,41.2,United Kingdom,Mobile
TX009467,20199,2026-02-01 05:43:47,Bank Transfer,171.9,France,Online
TX009468,20653,2026-12-01 05:54:09,Direct Debit,72.71,Nigeria,Mobile
TX009469,20266,2026-08-12 08:28:19,Card Purchase,110.14,United Kingdom,Online
TX009470,20287,2026-05-30 16:20:40,Bank Transfer,202.45,Germany,Online
TX009471,20227,2026-01-05 10:13:08,Card Purchase,99.1,Singapore,Mobile
TX009472,20191,2026-12-25 03:14:27,Cash Withdrawal,1444.71,France,Mobile
TX009473,20601,2026-08-22 19:58:58,Deposit,41.11,United Kingdom,Mobile
TX009474,20109,2026-08-18 05:35:36,Deposit,37.0,United Kingdom,Online
TX009475,20247,2026-02-23 08:13:20,Card Purchase,196.52,United Kingdom,Online
TX009476,20116,2026-11-28 02:14:46,Card Purchase,44.71,France,Online
TX009477,20335,2026-03-25 08:38:00,Card Purchase,155.94,United Kingdom,Mobile
TX009478,20546,2026-12-26 00:02:01,Bank Transfer,126.76,United States,Online
TX009479,20309,2026-04-01 20:08:00,Deposit,461.9,Singapore,ATM
TX009480,20458,2026-04-21 14:35:56,Cash Withdrawal,16.54,United Kingdom,Card
TX009481,20622,2026-07-01 12:17:59,Card Purchase,34.73,Singapore,Card
TX009482,20059,2026-12-16 18:37:04,Card Purchase,24.57,United Kingdom,Online
TX009483,20039,2026-06-19 13:12:52,Cash Withdrawal,31.45,United Kingdom,Card
TX009484,20640,2026-02-24 07:38:06,Deposit,117.16,Nigeria,ATM
TX009485,20553,2026-11-11 01:34:28,Card Purchase,313.34,Germany,Mobile
TX009486,20344,2026-12-06 11:23:18,Card Purchase,7.88,United Kingdom,Card
TX009487,20522,2026-07-24 19:20:15,Card Purchase,319.16,France,Card
TX009488,20660,2026-07-21 14:18:12,Card Purchase,13.97,United States,Online
TX009489,20475,2026-02-26 07:21:15,Deposit,19232.32,United Kingdom,Mobile
TX009490,20661,2026-05-08 03:49:12,Bank Transfer,297.14,United Kingdom,Mobile
TX009491,20234,2026-08-02 11:28:37,Card Purchase,456.5,UAE,Mobile
TX009492,20377,2026-05-05 16:02:29,Direct Debit,11.59,Spain,Card
TX009493,20534,2026-02-12 12:08:16,Bank Transfer,248.24,Singapore,Mobile
TX009494,20362,2026-06-01 21:54:35,Card Purchase,19.59,United Kingdom,Card
TX009495,20507,2026-02-02 10:58:23,Deposit,304.61,United Kingdom,ATM
TX009496,20393,2026-12-19 02:01:07,Card Purchase,27.49,United Kingdom,Online
TX009497,20443,2026-08-05 14:44:22,Deposit,216.71,United Kingdom,Mobile
TX009498,20581,2026-10-29 06:53:33,Card Purchase,24.08,United Kingdom,Online
TX009499,20323,2026-10-01 12:54:48,Cash Withdrawal,27.04,Netherlands,Card
TX009500,20415,2026-01-24 15:41:15,Deposit,169.99,France,ATM
TX009501,20064,2026-04-25 11:03:11,Card Purchase,131.92,United Kingdom,Online
TX009502,20556,2026-09-08 01:26:55,Card Purchase,30.91,Singapore,Card
TX009503,20057,2026-01-10 14:00:39,Bank Transfer,30.33,United Kingdom,Branch
TX009504,20519,2026-04-27 22:43:13,Bank Transfer,103.88,United States,Branch
TX009505,20006,2026-12-18 05:49:37,Card Purchase,64.36,United Kingdom,ATM
TX009506,20158,2026-04-05 20:42:21,Card Purchase,90.59,France,ATM
TX009507,20644,2026-07-08 00:34:36,Card Purchase,445.36,United Kingdom,Online
TX009508,20070,2026-08-18 20:28:04,Card Purchase,179.27,United Kingdom,Online
TX009509,20438,2026-07-18 15:54:27,Direct Debit,57.39,United States,Mobile
TX009510,20549,2026-05-22 07:06:47,Bank Transfer,84.35,United Kingdom,ATM
TX009511,20413,2026-05-12 18:07:52,Bank Transfer,236.05,Spain,Card
TX009512,20518,2026-08-15 22:09:08,Deposit,18.91,United Kingdom,Branch
TX009513,20238,2026-07-31 20:11:07,Bank Transfer,249.19,United Kingdom,Online
TX009514,20215,2026-02-27 09:26:44,Direct Debit,76.38,United Kingdom,Online
TX009515,20572,2026-04-22 02:24:12,Bank Transfer,20.36,United Kingdom,Mobile
TX009516,20328,2026-10-30 22:53:38,Bank Transfer,66.9,United Kingdom,Mobile
TX009517,20203,2026-09-07 03:27:43,Card Purchase,37.88,United Kingdom,Card
TX009518,20463,2026-12-22 09:15:56,Bank Transfer,25.42,Germany,Card
TX009519,20289,2026-11-24 14:08:05,Direct Debit,1178.5,United Kingdom,Card
TX009520,20026,2026-07-13 06:07:50,Direct Debit,99.06,Netherlands,Mobile
TX009521,20205,2026-06-05 12:30:29,Bank Transfer,177.42,Netherlands,Online
TX009522,20097,2026-07-26 06:24:47,Bank Transfer,91.77,UAE,Mobile
TX009523,20044,2026-03-28 18:05:40,Card Purchase,165.8,United Kingdom,Card
TX009524,20129,2026-10-18 19:24:39,Card Purchase,48.97,UAE,Mobile
TX009525,20037,2026-02-28 06:28:56,Bank Transfer,33.7,United Kingdom,Online
TX009526,20323,2026-11-11 07:31:34,Bank Transfer,192.31,United Kingdom,Card
TX009527,20558,2026-07-19 23:10:57,Bank Transfer,6.37,United Kingdom,Card
TX009528,20055,2026-06-25 07:46:13,Card Purchase,33.14,UAE,Online
TX009529,20486,2026-12-06 19:53:33,Card Purchase,17.01,United Kingdom,Mobile
TX009530,20588,2026-09-02 18:45:56,Card Purchase,300.29,France,ATM
TX009531,20133,2026-03-11 01:43:14,Card Purchase,46.0,United Kingdom,Card
TX009532,20304,2026-12-22 15:45:59,Bank Transfer,321.61,United Kingdom,Mobile
TX009533,20456,2026-06-24 00:10:15,Cash Withdrawal,12743.72,United Kingdom,Branch
TX009534,20343,2026-05-30 12:58:45,Card Purchase,65.16,Nigeria,ATM
TX009535,20009,2026-02-23 07:33:59,Cash Withdrawal,148.9,United Kingdom,Card
TX009536,20553,2026-04-16 02:38:15,Card Purchase,51.97,United Kingdom,Online
TX009537,20327,2026-12-24 05:35:40,Deposit,265.67,United Kingdom,Mobile
TX009538,20110,2026-01-12 02:51:09,Card Purchase,161.21,Nigeria,Card
TX009539,20155,2026-03-18 22:00:08,Card Purchase,39.83,United Kingdom,Mobile
TX009540,20534,2026-01-07 09:08:27,Direct Debit,43.37,France,ATM
TX009541,20103,2026-10-31 21:52:24,Bank Transfer,33.64,United Kingdom,Mobile
TX009542,20062,2026-08-25 12:17:09,Card Purchase,13.02,United Kingdom,Online
TX009543,20424,2026-12-10 10:32:23,Bank Transfer,105.04,United Kingdom,ATM
TX009544,20400,2026-06-24 05:59:38,Card Purchase,132.34,UAE,Mobile
TX009545,20483,2026-03-29 18:13:38,Bank Transfer,62.0,United Kingdom,Card
TX009546,20362,2026-11-23 01:44:40,Card Purchase,329.89,Ireland,Mobile
TX009547,20415,2026-09-01 14:21:06,Cash Withdrawal,448.09,United Kingdom,Card
TX009548,20372,2026-03-21 16:04:42,Card Purchase,66.07,United Kingdom,Mobile
TX009549,20552,2026-11-28 19:17:29,Bank Transfer,22.63,United Kingdom,Card
TX009550,20620,2026-08-15 18:01:00,Card Purchase,20474.67,United Kingdom,ATM
TX009551,20181,2026-08-25 04:23:35,Direct Debit,35.95,United States,Card
TX009552,20226,2026-12-12 10:54:09,Card Purchase,95.05,Ireland,Online
TX009553,20128,2026-02-05 16:52:38,Cash Withdrawal,5.74,United Kingdom,Mobile
TX009554,20283,2026-07-16 16:04:28,Direct Debit,161.55,United Kingdom,Mobile
TX009555,20126,2026-12-07 09:58:38,Deposit,35.43,Singapore,Online
TX009556,20501,2026-07-24 08:33:54,Card Purchase,9.96,Spain,Card
TX009557,20358,2026-03-08 01:49:39,Bank Transfer,54.75,United Kingdom,Online
TX009558,20655,2026-08-01 00:32:33,Direct Debit,81.79,Germany,Mobile
TX009559,20167,2026-02-09 15:03:10,Bank Transfer,282.16,United Kingdom,Mobile
TX009560,20644,2026-02-21 05:19:41,Deposit,123.28,United States,Mobile
TX009561,20219,2026-11-27 23:54:18,Direct Debit,88.58,Spain,Card
TX009562,20456,2026-06-02 03:52:49,Card Purchase,313.14,France,Mobile
TX009563,20477,2026-06-24 01:58:08,Card Purchase,204.03,United Kingdom,Mobile
TX009564,20619,2026-12-04 06:03:16,Bank Transfer,92.12,Netherlands,Card
TX009565,20121,2026-06-17 01:06:53,Card Purchase,46.02,United Kingdom,Mobile
TX009566,20083,2026-10-08 16:10:34,Card Purchase,44.78,Nigeria,Card
TX009567,20605,2026-12-22 09:19:30,Cash Withdrawal,335.59,Spain,Card
TX009568,20454,2026-05-22 01:59:23,Direct Debit,24.34,Singapore,Online
TX009569,20413,2026-03-21 08:30:52,Deposit,86.24,United Kingdom,Mobile
TX009570,20019,2026-12-12 09:06:54,Deposit,526.99,France,Mobile
TX009571,20224,2026-06-03 09:20:31,Cash Withdrawal,326.3,United Kingdom,Card
TX009572,20296,2026-09-28 14:30:18,Bank Transfer,43.87,Germany,Online
TX009573,20451,2026-05-12 21:39:10,Deposit,48.05,United Kingdom,ATM
TX009574,20544,2026-05-30 14:54:58,Direct Debit,239.57,United Kingdom,Mobile
TX009575,20343,2026-12-15 03:11:10,Bank Transfer,40.76,UAE,Mobile
TX009576,20068,2026-09-08 13:10:31,Card Purchase,41.51,Singapore,Card
TX009577,20295,2026-12-02 02:30:39,Card Purchase,117.88,United Kingdom,Online
TX009578,20278,2026-03-01 23:52:54,Card Purchase,57.23,United Kingdom,Mobile
TX009579,20425,2026-04-28 02:13:49,Card Purchase,113.96,United Kingdom,Card
TX009580,20507,2026-02-15 06:17:39,Deposit,28.38,United Kingdom,Mobile
TX009581,20236,2026-06-26 18:11:29,Card Purchase,20.95,United Kingdom,Online
TX009582,20500,2026-09-26 20:44:25,Bank Transfer,91.76,United Kingdom,Online
TX009583,20645,2026-03-03 09:25:09,Bank Transfer,181.08,United Kingdom,Card
TX009584,20669,2026-11-02 03:20:16,Bank Transfer,28.37,Singapore,Branch
TX009585,20433,2026-11-21 14:03:18,Bank Transfer,23.94,United States,Online
TX009586,20504,2026-08-27 05:14:57,Cash Withdrawal,23.11,Ireland,Mobile
TX009587,20194,2026-02-20 04:52:21,Direct Debit,246.08,France,Online
TX009588,20142,2026-10-09 15:33:35,Direct Debit,38.58,Nigeria,Card
TX009589,20377,2026-01-09 06:29:43,Bank Transfer,51.85,United Kingdom,Online
TX009590,20130,2026-06-01 05:07:30,Direct Debit,903.92,Ireland,Online
TX009591,20610,2026-05-16 06:39:42,Deposit,77.67,United Kingdom,Mobile
TX009592,20413,2026-11-23 20:22:56,Card Purchase,80.1,Spain,Branch
TX009593,20602,2026-06-19 04:52:23,Card Purchase,22.12,Netherlands,Online
TX009594,20119,2026-06-21 01:57:55,Direct Debit,75.31,United Kingdom,Mobile
TX009595,20628,2026-10-01 20:48:47,Card Purchase,69.79,UAE,Online
TX009596,20223,2026-06-04 06:38:53,Card Purchase,38.13,United Kingdom,Card
TX009597,20507,2026-06-30 20:25:04,Card Purchase,337.5,France,ATM
TX009598,20328,2026-02-24 16:26:20,Card Purchase,33.0,United Kingdom,Online
TX009599,20606,2026-12-17 06:58:49,Bank Transfer,80.28,France,Mobile
TX009600,20607,2026-01-02 04:44:52,Card Purchase,177.82,United Kingdom,Online
TX009601,20129,2026-09-02 06:56:13,Bank Transfer,94.26,United Kingdom,Card
TX009602,20248,2026-11-07 23:08:33,Card Purchase,6.89,Ireland,Online
TX009603,20298,2026-03-26 12:12:12,Card Purchase,281.42,United States,Online
TX009604,20374,2026-09-07 16:45:21,Card Purchase,59.21,Germany,Mobile
TX009605,20103,2026-01-18 09:38:13,Bank Transfer,420.58,United Kingdom,Card
TX009606,20478,2026-01-27 02:03:08,Card Purchase,25.01,United Kingdom,ATM
TX009607,20544,2026-09-20 22:21:11,Direct Debit,57.5,United Kingdom,Branch
TX009608,20571,2026-10-23 01:33:54,Bank Transfer,217.47,United Kingdom,Branch
TX009609,20391,2026-11-24 11:49:12,Card Purchase,117.48,United Kingdom,Mobile
TX009610,20644,2026-05-10 22:54:04,Bank Transfer,45.4,United Kingdom,Mobile
TX009611,20348,2026-07-31 02:02:47,Card Purchase,607.1,United Kingdom,ATM
TX009612,20266,2026-12-22 03:18:43,Bank Transfer,19.94,United Kingdom,Online
TX009613,20451,2026-04-21 03:07:18,Card Purchase,6.69,United Kingdom,Mobile
TX009614,20069,2026-01-04 09:14:31,Cash Withdrawal,45.65,United Kingdom,Card
TX009615,20143,2026-09-13 11:52:58,Card Purchase,200.57,Germany,Card
TX009616,20129,2026-07-15 07:53:10,Card Purchase,23.43,Spain,Online
TX009617,20207,2026-02-06 13:00:27,Cash Withdrawal,10.46,United Kingdom,Online
TX009618,20600,2026-09-25 18:16:12,Deposit,1007.12,United Kingdom,Online
TX009619,20385,2026-02-23 01:31:29,Card Purchase,271.66,France,Online
TX009620,20220,2026-05-18 10:41:44,Card Purchase,209.9,Netherlands,Card
TX009621,20093,2026-02-16 10:25:32,Direct Debit,382.04,Germany,Online
TX009622,20199,2026-04-04 20:58:32,Bank Transfer,177.95,United Kingdom,Online
TX009623,20568,2026-10-12 10:53:05,Card Purchase,95.1,United Kingdom,Mobile
TX009624,20476,2026-12-29 01:59:48,Cash Withdrawal,343.08,United Kingdom,Online
TX009625,20207,2026-09-13 05:02:20,Direct Debit,50.12,Nigeria,Online
TX009626,20033,2026-10-30 03:17:12,Direct Debit,235.44,United Kingdom,Branch
TX009627,20460,2026-11-10 21:10:41,Cash Withdrawal,28.12,United Kingdom,Mobile
TX009628,20586,2026-11-24 22:22:40,Deposit,67.91,United Kingdom,Card
TX009629,20535,2026-08-21 08:39:54,Card Purchase,64.42,United Kingdom,Card
TX009630,20549,2026-07-15 06:54:31,Card Purchase,225.53,United Kingdom,Online
TX009631,20098,2026-10-25 00:20:10,Card Purchase,175.31,United Kingdom,Branch
TX009632,20321,2026-08-09 06:26:45,Direct Debit,319.49,United Kingdom,Online
TX009633,20477,2026-01-28 12:09:53,Bank Transfer,166.21,Germany,Online
TX009634,20317,2026-12-24 12:12:53,Deposit,133.7,Germany,Card
TX009635,20373,2026-09-11 16:06:33,Card Purchase,521.61,United Kingdom,Mobile
TX009636,20309,2026-05-14 15:38:55,Direct Debit,52.95,United Kingdom,Card
TX009637,20256,2026-06-25 11:59:22,Bank Transfer,124.76,United Kingdom,Online
TX009638,20395,2026-04-25 22:03:13,Deposit,61.22,United Kingdom,Card
TX009639,20540,2026-12-26 10:01:18,Direct Debit,496.99,United Kingdom,Card
TX009640,20366,2026-07-17 22:02:11,Card Purchase,10.05,United Kingdom,Card
TX009641,20008,2026-07-06 17:02:31,Card Purchase,118.21,United Kingdom,Mobile
TX009642,20477,2026-04-06 03:19:37,Card Purchase,150.52,United Kingdom,Mobile
TX009643,20397,2026-04-04 19:59:57,Bank Transfer,13329.95,United Kingdom,Mobile
TX009644,20485,2026-02-21 10:50:57,Bank Transfer,333.23,United Kingdom,ATM
TX009645,20004,2026-06-23 13:36:59,Bank Transfer,39.96,United Kingdom,Mobile
TX009646,20540,2026-09-23 18:32:29,Card Purchase,36.04,Spain,Card
TX009647,20281,2026-07-20 16:03:45,Deposit,555.67,United Kingdom,Online
TX009648,20514,2026-08-03 07:30:46,Bank Transfer,30.59,United Kingdom,Mobile
TX009649,20177,2026-02-07 04:14:20,Bank Transfer,883.74,United Kingdom,Branch
TX009650,20098,2026-04-07 09:23:01,Bank Transfer,26.9,Netherlands,Mobile
TX009651,20293,2026-02-03 06:20:51,Deposit,246.92,United Kingdom,Online
TX009652,20660,2026-12-01 03:05:27,Deposit,42.22,Nigeria,Mobile
TX009653,20240,2026-09-16 15:37:55,Bank Transfer,399.77,United Kingdom,Card
TX009654,20652,2026-09-13 11:49:38,Direct Debit,385.66,United Kingdom,Online
TX009655,20510,2026-10-14 14:53:05,Cash Withdrawal,58.15,United Kingdom,ATM
TX009656,20498,2026-02-12 00:49:56,Direct Debit,476.8,United Kingdom,Card
TX009657,20092,2026-04-03 10:50:47,Card Purchase,128.04,United Kingdom,Mobile
TX009658,20373,2026-11-06 15:39:39,Card Purchase,37.48,United Kingdom,Branch
TX009659,20271,2026-02-05 13:10:04,Direct Debit,35.57,United Kingdom,ATM
TX009660,20025,2026-03-05 11:10:31,Direct Debit,183.23,United Kingdom,Mobile
TX009661,20287,2026-12-25 04:56:18,Card Purchase,17.99,Nigeria,Card
TX009662,20130,2026-12-23 15:53:47,Deposit,160.14,United Kingdom,Branch
TX009663,20509,2026-02-26 07:51:06,Card Purchase,127.73,United Kingdom,Online
TX009664,20238,2026-06-30 19:14:54,Deposit,563.65,United Kingdom,ATM
TX009665,20566,2026-06-13 22:35:17,Card Purchase,20.56,United Kingdom,Online
TX009666,20472,2026-07-16 03:15:19,Card Purchase,7.98,Nigeria,Mobile
TX009667,20473,2026-06-25 19:53:33,Bank Transfer,54.9,United Kingdom,Mobile
TX009668,20321,2026-01-27 21:00:14,Card Purchase,55.86,United Kingdom,Card
TX009669,20334,2026-11-30 08:34:35,Card Purchase,62.12,United Kingdom,Card
TX009670,20380,2026-12-22 14:24:25,Card Purchase,354.62,Nigeria,Online
TX009671,20377,2026-11-09 23:35:21,Deposit,64.52,United Kingdom,Mobile
TX009672,20055,2026-07-20 18:02:07,Card Purchase,47.18,United Kingdom,ATM
TX009673,20567,2026-11-01 23:39:01,Card Purchase,99.47,France,Online
TX009674,20643,2026-05-06 10:53:59,Bank Transfer,92.0,United Kingdom,Online
TX009675,20250,2026-01-28 04:03:37,Card Purchase,288.08,United Kingdom,Online
TX009676,20593,2026-03-21 11:53:08,Card Purchase,331.29,United Kingdom,Online
TX009677,20066,2026-07-29 03:15:13,Bank Transfer,65.66,Germany,Mobile
TX009678,20021,2026-11-11 19:35:52,Deposit,35.63,United Kingdom,Mobile
TX009679,20646,2026-02-18 22:46:37,Cash Withdrawal,335.1,UAE,Mobile
TX009680,20029,2026-03-11 18:33:41,Card Purchase,101.96,Netherlands,ATM
TX009681,20399,2026-02-08 04:42:12,Cash Withdrawal,336.41,Singapore,Online
TX009682,20091,2026-06-19 03:12:35,Bank Transfer,183.96,United Kingdom,Branch
TX009683,20118,2026-08-23 01:13:06,Card Purchase,65.59,Netherlands,Mobile
TX009684,20650,2026-03-06 03:21:36,Cash Withdrawal,13.72,United Kingdom,Card
TX009685,20284,2026-07-01 02:02:33,Card Purchase,275.03,United Kingdom,Online
TX009686,20053,2026-03-18 16:00:12,Card Purchase,152.18,United Kingdom,Mobile
TX009687,20438,2026-10-13 23:16:11,Card Purchase,102.66,United Kingdom,Mobile
TX009688,20479,2026-07-01 03:16:26,Deposit,144.14,Spain,Card
TX009689,20417,2026-06-22 03:45:23,Card Purchase,85.94,Ireland,Branch
TX009690,20127,2026-08-20 22:01:13,Direct Debit,527.05,United Kingdom,Mobile
TX009691,20094,2026-08-07 17:03:02,Direct Debit,36.33,United Kingdom,Card
TX009692,20038,2026-02-25 02:58:11,Card Purchase,145.65,United Kingdom,Mobile
TX009693,20315,2026-12-18 05:45:34,Card Purchase,119.25,Germany,Mobile
TX009694,20554,2026-12-09 03:15:01,Bank Transfer,150.1,United Kingdom,Mobile
TX009695,20455,2026-10-11 11:36:52,Bank Transfer,76.44,United Kingdom,Mobile
TX009696,20395,2026-09-13 02:18:38,Card Purchase,273.36,United Kingdom,Mobile
TX009697,20490,2026-03-11 04:42:38,Direct Debit,82.77,United Kingdom,Online
TX009698,20280,2026-06-19 08:13:00,Bank Transfer,43.4,Netherlands,Card
TX009699,20604,2026-10-01 18:50:48,Card Purchase,18.33,France,Mobile
TX009700,20446,2026-02-26 07:27:08,Direct Debit,619.93,United States,Mobile
TX009701,20402,2026-11-11 02:35:07,Card Purchase,172.46,United Kingdom,Branch
TX009702,20048,2026-11-27 19:33:18,Deposit,23.37,United States,Mobile
TX009703,20216,2026-07-24 18:56:17,Deposit,274.42,Ireland,Mobile
TX009704,20276,2026-03-27 12:36:42,Card Purchase,91.03,United Kingdom,Online
TX009705,20146,2026-10-18 13:30:22,Bank Transfer,148.76,United Kingdom,Mobile
TX009706,20292,2026-05-08 16:53:34,Bank Transfer,423.97,Singapore,Card
TX009707,20466,2026-01-24 12:58:15,Bank Transfer,293.41,United Kingdom,Mobile
TX009708,20454,2026-02-25 04:13:30,Direct Debit,62.27,United States,Card
TX009709,20253,2026-03-01 14:51:22,Card Purchase,115.47,United Kingdom,ATM
TX009710,20619,2026-01-02 05:59:09,Cash Withdrawal,9.84,UAE,Mobile
TX009711,20267,2026-02-15 17:28:13,Direct Debit,21.93,UAE,Card
TX009712,20599,2026-11-30 05:46:10,Bank Transfer,48.44,United Kingdom,Card
TX009713,20313,2026-09-05 18:27:20,Direct Debit,144.13,United Kingdom,Mobile
TX009714,20646,2026-04-11 07:46:59,Card Purchase,33.53,United States,Online
TX009715,20663,2026-09-20 00:55:10,Deposit,76.05,Ireland,Online
TX009716,20464,2026-06-27 05:53:38,Bank Transfer,88.73,United Kingdom,Mobile
TX009717,20348,2026-01-16 10:42:05,Bank Transfer,336.51,United Kingdom,Online
TX009718,20406,2026-04-04 12:17:05,Card Purchase,146.35,United Kingdom,Card
TX009719,20064,2026-09-16 02:38:04,Bank Transfer,302.05,Netherlands,Card
TX009720,20423,2026-08-08 05:00:20,Cash Withdrawal,564.81,United Kingdom,Card
TX009721,20198,2026-09-02 22:08:07,Bank Transfer,32.97,Netherlands,Branch
TX009722,20490,2026-04-19 13:17:31,Card Purchase,126.18,Germany,Card
TX009723,20630,2026-08-07 08:55:14,Card Purchase,97.05,United States,Card
TX009724,20589,2026-01-11 03:22:55,Deposit,4.49,Spain,Card
TX009725,20106,2026-02-01 06:58:59,Card Purchase,51.48,Spain,Card
TX009726,20140,2026-06-15 14:17:14,Card Purchase,243.09,Netherlands,Mobile
TX009727,20174,2026-10-25 03:14:16,Bank Transfer,255.4,United Kingdom,Mobile
TX009728,20584,2026-12-05 23:47:53,Cash Withdrawal,125.61,Nigeria,Mobile
TX009729,20608,2026-07-04 23:01:29,Card Purchase,204.78,United Kingdom,ATM
TX009730,20583,2026-01-18 15:46:38,Deposit,134.03,United States,Mobile
TX009731,20278,2026-04-26 01:13:50,Bank Transfer,553.72,Singapore,ATM
TX009732,20095,2026-11-11 19:28:07,Cash Withdrawal,501.53,Netherlands,Mobile
TX009733,20074,2026-07-19 06:56:29,Card Purchase,32.12,France,Online
TX009734,20647,2026-06-23 01:54:42,Deposit,97.46,UAE,Mobile
TX009735,20644,2026-09-02 06:45:45,Bank Transfer,305.21,United States,Mobile
TX009736,20444,2026-01-22 06:35:20,Deposit,110.98,United Kingdom,Online
TX009737,20074,2026-07-21 06:15:36,Card Purchase,27.79,United States,Card
TX009738,20449,2026-02-17 20:50:49,Cash Withdrawal,647.39,UAE,Online
TX009739,20302,2026-10-24 04:07:56,Card Purchase,193.59,France,Branch
TX009740,20590,2026-06-28 09:08:02,Bank Transfer,60.67,United Kingdom,Card
TX009741,20206,2026-11-09 21:52:46,Card Purchase,81.58,Germany,Card
TX009742,20249,2026-07-09 21:11:54,Cash Withdrawal,216.62,United Kingdom,Mobile
TX009743,20083,2026-12-19 05:59:24,Direct Debit,52.04,United Kingdom,ATM
TX009744,20630,2026-04-18 16:30:26,Card Purchase,190.16,UAE,Mobile
TX009745,20157,2026-08-20 08:30:57,Bank Transfer,69.34,Ireland,Mobile
TX009746,20070,2026-09-06 18:34:57,Card Purchase,77.9,United Kingdom,Online
TX009747,20145,2026-10-04 09:01:45,Deposit,309.08,United Kingdom,Mobile
TX009748,20675,2026-10-10 03:37:12,Card Purchase,702.26,United Kingdom,Mobile
TX009749,20015,2026-07-06 07:37:21,Bank Transfer,25.66,Netherlands,Online
TX009750,20671,2026-02-28 11:06:11,Direct Debit,132.19,United Kingdom,Online
TX009751,20584,2026-06-30 17:53:28,Deposit,74.72,UAE,Card
TX009752,20422,2026-11-29 10:25:51,Direct Debit,397.17,United Kingdom,Card
TX009753,20570,2026-02-06 00:00:15,Card Purchase,119.75,UAE,Card
TX009754,20100,2026-05-04 12:46:22,Direct Debit,6.76,United Kingdom,Mobile
TX009755,20649,2026-09-08 23:54:41,Card Purchase,284.51,France,Mobile
TX009756,20315,2026-04-11 16:05:41,Deposit,36.48,UAE,Card
TX009757,20546,2026-11-11 21:37:18,Cash Withdrawal,10.94,Germany,Branch
TX009758,20344,2026-01-30 08:42:03,Bank Transfer,29.18,United Kingdom,Online
TX009759,20296,2026-12-30 04:48:19,Bank Transfer,26.27,France,Online
TX009760,20546,2026-12-06 11:57:15,Bank Transfer,47.26,United States,Card
TX009761,20574,2026-01-26 16:14:49,Card Purchase,114.36,Spain,Card
TX009762,20356,2026-11-29 07:43:24,Direct Debit,224.86,United Kingdom,ATM
TX009763,20376,2026-02-11 14:45:39,Direct Debit,60.23,Netherlands,Online
TX009764,20389,2026-04-15 02:14:41,Cash Withdrawal,62.8,Nigeria,Card
TX009765,20488,2026-07-11 07:36:21,Deposit,65.64,United Kingdom,Online
TX009766,20282,2026-05-02 02:04:59,Bank Transfer,84.99,United Kingdom,Mobile
TX009767,20385,2026-09-17 13:31:33,Direct Debit,149.64,United Kingdom,Mobile
TX009768,20125,2026-05-20 08:18:42,Bank Transfer,55.2,Singapore,ATM
TX009769,20168,2026-11-02 19:57:10,Card Purchase,24.92,UAE,Online
TX009770,20587,2026-02-12 12:56:03,Deposit,64.21,Spain,Card
TX009771,20269,2026-07-08 18:22:12,Card Purchase,39.2,United Kingdom,Card
TX009772,20388,2026-05-11 14:37:49,Card Purchase,125.86,France,Online
TX009773,20333,2026-12-19 12:00:26,Direct Debit,55.96,United Kingdom,ATM
TX009774,20310,2026-12-15 23:59:43,Card Purchase,24.08,United Kingdom,Online
TX009775,20551,2026-04-14 21:37:36,Card Purchase,30.55,United Kingdom,Online
TX009776,20184,2026-07-13 08:02:20,Bank Transfer,106.86,Germany,Online
TX009777,20675,2026-06-23 23:20:19,Bank Transfer,203.81,United Kingdom,Card
TX009778,20237,2026-03-19 05:34:28,Card Purchase,51.03,United Kingdom,Card
TX009779,20238,2026-12-15 01:36:41,Card Purchase,128.15,France,ATM
TX009780,20638,2026-03-03 19:05:23,Cash Withdrawal,145.09,Spain,Mobile
TX009781,20345,2026-01-25 15:18:11,Card Purchase,215.76,France,ATM
TX009782,20421,2026-06-03 02:27:58,Direct Debit,117.47,Ireland,Mobile
TX009783,20372,2026-09-04 13:30:44,Direct Debit,17.26,Singapore,Card
TX009784,20590,2026-08-14 06:48:18,Cash Withdrawal,107.77,United Kingdom,Online
TX009785,20617,2026-01-04 14:51:47,Direct Debit,285.99,United Kingdom,Online
TX009786,20211,2026-07-27 18:01:00,Direct Debit,122.55,United Kingdom,ATM
TX009787,20069,2026-07-12 14:17:17,Cash Withdrawal,264.65,Ireland,Mobile
TX009788,20356,2026-07-10 23:56:19,Bank Transfer,139.55,United Kingdom,Mobile
TX009789,20462,2026-03-15 21:23:48,Direct Debit,224.31,UAE,Mobile
TX009790,20670,2026-01-11 04:20:54,Card Purchase,30.53,France,Online
TX009791,20202,2026-01-07 10:26:24,Card Purchase,201.46,United Kingdom,Online
TX009792,20404,2026-10-07 22:42:32,Card Purchase,101.18,United Kingdom,Card
TX009793,20033,2026-01-13 17:47:56,Direct Debit,399.14,Germany,Card
TX009794,20036,2026-02-06 23:32:07,Direct Debit,563.11,United Kingdom,Mobile
TX009795,20650,2026-08-24 03:54:33,Bank Transfer,62.51,United Kingdom,Mobile
TX009796,20469,2026-10-08 13:10:08,Card Purchase,54.5,Germany,Online
TX009797,20340,2026-07-13 20:23:10,Deposit,25.14,France,Card
TX009798,20049,2026-06-18 09:23:34,Direct Debit,36.74,United States,Online
TX009799,20564,2026-11-29 08:00:58,Card Purchase,38.42,Netherlands,Card
TX009800,20286,2026-04-02 11:05:01,Direct Debit,211.52,Germany,Branch
TX009801,20438,2026-08-30 17:35:38,Card Purchase,6.07,United States,Online
TX009802,20101,2026-10-12 14:26:49,Direct Debit,26.64,United Kingdom,Online
TX009803,20084,2026-10-01 17:18:08,Direct Debit,105.51,United Kingdom,Online
TX009804,20382,2026-02-16 08:42:59,Card Purchase,918.13,United Kingdom,Card
TX009805,20194,2026-05-09 23:46:36,Bank Transfer,59.16,United Kingdom,Card
TX009806,20212,2026-02-26 06:24:22,Card Purchase,11.09,United Kingdom,Branch
TX009807,20070,2026-09-23 13:26:26,Card Purchase,786.12,Spain,Card
TX009808,20347,2026-06-15 08:57:17,Cash Withdrawal,148.56,Germany,Online
TX009809,20192,2026-05-11 05:08:02,Card Purchase,88.99,Netherlands,Mobile
TX009810,20650,2026-10-24 13:29:51,Card Purchase,208.06,Germany,Mobile
TX009811,20495,2026-05-12 20:56:27,Card Purchase,468.24,United Kingdom,Online
TX009812,20478,2026-07-23 20:23:50,Bank Transfer,164.81,Spain,Card
TX009813,20430,2026-07-28 10:39:17,Bank Transfer,751.89,United States,Mobile
TX009814,20304,2026-12-01 19:29:55,Direct Debit,14.4,United Kingdom,Mobile
TX009815,20257,2026-04-09 11:20:58,Card Purchase,60.98,Nigeria,Online
TX009816,20260,2026-12-19 00:14:08,Card Purchase,307.55,United Kingdom,ATM
TX009817,20479,2026-01-27 14:06:20,Direct Debit,55.4,Nigeria,Card
TX009818,20418,2026-05-24 05:03:53,Card Purchase,33.11,France,Branch
TX009819,20258,2026-11-29 01:41:55,Bank Transfer,11999.22,United Kingdom,Card
TX009820,20568,2026-12-29 13:41:30,Bank Transfer,28.46,Nigeria,ATM
TX009821,20493,2026-04-14 03:51:55,Direct Debit,217.64,Germany,Mobile
TX009822,20409,2026-09-16 02:00:58,Bank Transfer,154.99,United States,Mobile
TX009823,20067,2026-03-06 04:43:16,Direct Debit,497.93,Singapore,Online
TX009824,20031,2026-07-23 08:57:00,Card Purchase,166.04,Netherlands,Card
TX009825,20263,2026-02-22 19:18:18,Card Purchase,197.34,United Kingdom,Card
TX009826,20200,2026-07-27 15:56:26,Card Purchase,161.87,United Kingdom,Online
TX009827,20529,2026-08-31 16:36:00,Direct Debit,29.15,United Kingdom,Online
TX009828,20481,2026-01-08 12:22:38,Card Purchase,65.56,United Kingdom,Card
TX009829,20561,2026-08-03 08:44:39,Card Purchase,48.43,Germany,ATM
TX009830,20596,2026-11-18 05:19:56,Bank Transfer,130.75,United Kingdom,Mobile
TX009831,20289,2026-10-29 17:28:09,Card Purchase,23.97,United Kingdom,Branch
TX009832,20484,2026-05-24 01:46:53,Cash Withdrawal,161.35,UAE,Mobile
TX009833,20303,2026-11-07 01:54:24,Card Purchase,109.86,United Kingdom,Mobile
TX009834,20333,2026-08-24 07:26:00,Bank Transfer,34.3,Netherlands,Card
TX009835,20167,2026-09-29 18:14:41,Direct Debit,47.19,UAE,Card
TX009836,20174,2026-09-16 16:46:00,Card Purchase,107.03,United Kingdom,Mobile
TX009837,20101,2026-07-11 01:00:32,Direct Debit,113.14,United Kingdom,Online
TX009838,20306,2026-10-09 18:01:12,Card Purchase,39.32,France,Mobile
TX009839,20642,2026-08-05 05:10:13,Card Purchase,398.0,United Kingdom,ATM
TX009840,20448,2026-05-08 05:15:10,Card Purchase,196.39,Germany,Mobile
TX009841,20294,2026-01-17 07:24:36,Direct Debit,73.79,United Kingdom,Mobile
TX009842,20553,2026-03-08 02:15:52,Cash Withdrawal,38.54,Singapore,ATM
TX009843,20055,2026-07-28 23:25:24,Card Purchase,155.74,United Kingdom,Mobile
TX009844,20533,2026-01-29 06:07:29,Card Purchase,37.32,United Kingdom,Mobile
TX009845,20241,2026-06-05 18:27:17,Card Purchase,31.6,United Kingdom,Card
TX009846,20405,2026-12-28 11:54:06,Cash Withdrawal,502.38,United Kingdom,Mobile
TX009847,20473,2026-11-03 17:51:10,Card Purchase,41.14,United Kingdom,ATM
TX009848,20541,2026-01-30 02:19:34,Card Purchase,77.66,United Kingdom,Mobile
TX009849,20069,2026-10-30 04:03:04,Bank Transfer,183.78,United Kingdom,Card
TX009850,20004,2026-01-16 18:16:13,Card Purchase,379.14,United States,Card
TX009851,20532,2026-01-03 16:59:43,Deposit,45.6,United Kingdom,Mobile
TX009852,20475,2026-11-01 18:54:44,Bank Transfer,103.82,United States,Mobile
TX009853,20401,2026-05-02 21:01:27,Direct Debit,192.92,United Kingdom,Online
TX009854,20525,2026-04-05 16:20:59,Cash Withdrawal,77.29,United States,Card
TX009855,20244,2026-12-03 10:27:11,Card Purchase,29.63,Spain,Mobile
TX009856,20606,2026-03-12 18:23:20,Card Purchase,142.43,UAE,Online
TX009857,20650,2026-12-31 18:28:02,Cash Withdrawal,91.21,Spain,Online
TX009858,20136,2026-12-15 05:31:21,Card Purchase,24.85,United States,Card
TX009859,20189,2026-11-07 20:34:21,Bank Transfer,34.39,Germany,Card
TX009860,20060,2026-09-30 00:26:48,Card Purchase,131.74,Nigeria,Mobile
TX009861,20035,2026-02-08 12:17:15,Card Purchase,90.71,Nigeria,Mobile
TX009862,20015,2026-08-19 00:50:31,Bank Transfer,1470.75,United States,Online
TX009863,20478,2026-11-14 10:27:30,Cash Withdrawal,375.95,United Kingdom,Mobile
TX009864,20358,2026-12-16 23:15:27,Cash Withdrawal,220.68,UAE,ATM
TX009865,20507,2026-01-27 03:06:51,Bank Transfer,35.27,Nigeria,Mobile
TX009866,20012,2026-01-05 13:28:55,Cash Withdrawal,111.12,United Kingdom,ATM
TX009867,20550,2026-02-09 01:35:07,Direct Debit,116.38,United Kingdom,Online
TX009868,20235,2026-09-27 12:32:27,Card Purchase,140.84,United Kingdom,Mobile
TX009869,20129,2026-12-09 04:55:36,Direct Debit,205.03,United States,Mobile
TX009870,20327,2026-11-04 18:29:57,Card Purchase,134.68,United Kingdom,Mobile
TX009871,20675,2026-12-12 16:32:18,Card Purchase,44.35,Ireland,Mobile
TX009872,20186,2026-01-04 04:03:36,Deposit,151.32,United States,Mobile
TX009873,20420,2026-03-27 06:22:01,Direct Debit,42.27,United Kingdom,ATM
TX009874,20290,2026-02-26 01:30:44,Card Purchase,145.27,France,ATM
TX009875,20182,2026-08-06 05:05:34,Direct Debit,90.2,Germany,Card
TX009876,20372,2026-11-25 14:52:28,Card Purchase,694.2,United Kingdom,ATM
TX009877,20087,2026-07-22 09:12:02,Bank Transfer,248.05,United Kingdom,ATM
TX009878,20536,2026-01-14 03:08:25,Bank Transfer,223.23,Ireland,Online
TX009879,20669,2026-10-09 06:17:32,Cash Withdrawal,113.19,United Kingdom,Branch
TX009880,20350,2026-05-22 00:26:29,Card Purchase,419.16,United Kingdom,Online
TX009881,20402,2026-08-21 12:54:43,Bank Transfer,36.38,UAE,Card
TX009882,20485,2026-10-01 23:11:08,Card Purchase,258.68,United Kingdom,Online
TX009883,20048,2026-09-01 08:57:22,Card Purchase,140.93,United States,ATM
TX009884,20093,2026-02-06 19:35:03,Cash Withdrawal,8.1,United Kingdom,ATM
TX009885,20347,2026-01-08 05:32:07,Deposit,89.49,Ireland,Branch
TX009886,20110,2026-01-28 17:16:56,Card Purchase,42.85,United Kingdom,Mobile
TX009887,20320,2026-12-31 05:19:53,Card Purchase,22.6,United Kingdom,Online
TX009888,20013,2026-12-20 02:26:01,Cash Withdrawal,33.45,United States,Card
TX009889,20611,2026-01-02 06:23:46,Bank Transfer,231.3,United Kingdom,Mobile
TX009890,20092,2026-06-03 02:47:05,Card Purchase,43.26,United Kingdom,Branch
TX009891,20011,2026-09-14 11:48:56,Card Purchase,33.27,United States,Mobile
TX009892,20380,2026-08-12 15:17:50,Card Purchase,30.2,Nigeria,Mobile
TX009893,20428,2026-05-26 01:31:30,Bank Transfer,30.53,United Kingdom,Mobile
TX009894,20618,2026-09-06 05:43:21,Bank Transfer,117.79,United Kingdom,Card
TX009895,20451,2026-08-03 03:36:21,Card Purchase,29.78,United Kingdom,ATM
TX009896,20142,2026-02-17 20:26:07,Direct Debit,135.16,United Kingdom,Branch
TX009897,20560,2026-03-19 05:30:52,Card Purchase,141.7,United Kingdom,Online
TX009898,20326,2026-04-26 22:47:29,Bank Transfer,484.86,Nigeria,ATM
TX009899,20016,2026-11-17 11:15:18,Card Purchase,75.98,Germany,Mobile
TX009900,20357,2026-03-23 20:20:07,Deposit,283.08,United Kingdom,Branch
TX009901,20041,2026-03-28 05:05:32,Card Purchase,670.94,France,Mobile
TX009902,20017,2026-05-12 18:21:25,Card Purchase,34.04,United Kingdom,Mobile
TX009903,20641,2026-12-04 01:06:03,Card Purchase,207.17,United Kingdom,Mobile
TX009904,20178,2026-01-28 15:19:27,Card Purchase,79.23,United Kingdom,Online
TX009905,20029,2026-04-22 10:17:33,Cash Withdrawal,432.99,France,Online
TX009906,20586,2026-02-07 12:43:00,Bank Transfer,198.28,United Kingdom,Mobile
TX009907,20028,2026-12-07 12:21:13,Bank Transfer,81.14,UAE,ATM
TX009908,20615,2026-10-02 07:03:25,Bank Transfer,57.85,United Kingdom,Branch
TX009909,20253,2026-08-31 04:57:22,Card Purchase,68.88,United Kingdom,Card
TX009910,20546,2026-01-28 12:34:04,Direct Debit,24.53,United Kingdom,Mobile
TX009911,20513,2026-11-15 02:32:07,Bank Transfer,63.24,Singapore,Online
TX009912,20291,2026-05-16 17:41:06,Card Purchase,13.33,Singapore,Online
TX009913,20602,2026-11-13 17:22:32,Direct Debit,83.84,UAE,Mobile
TX009914,20026,2026-05-25 01:45:12,Card Purchase,166.79,United Kingdom,Mobile
TX009915,20416,2026-06-22 12:11:22,Card Purchase,147.85,United Kingdom,Online
TX009916,20227,2026-12-19 15:02:36,Card Purchase,309.53,United Kingdom,Card
TX009917,20510,2026-04-09 22:06:45,Card Purchase,37.21,Nigeria,Online
TX009918,20046,2026-01-11 09:57:14,Direct Debit,39.87,United Kingdom,Online
TX009919,20453,2026-11-05 01:20:28,Deposit,259.95,United Kingdom,Branch
TX009920,20080,2026-03-18 20:08:36,Bank Transfer,111.65,United States,Branch
TX009921,20493,2026-02-01 23:54:12,Card Purchase,100.78,United Kingdom,Mobile
TX009922,20419,2026-10-06 19:28:12,Card Purchase,15.95,UAE,Card
TX009923,20168,2026-01-26 20:33:59,Bank Transfer,22.61,United Kingdom,Mobile
TX009924,20581,2026-01-21 23:33:49,Card Purchase,96.26,Ireland,ATM
TX009925,20248,2026-04-28 13:26:25,Cash Withdrawal,108.96,Germany,ATM
TX009926,20008,2026-10-08 05:34:25,Card Purchase,173.96,United Kingdom,Card
TX009927,20637,2026-08-26 23:07:51,Card Purchase,26.37,Ireland,Online
TX009928,20623,2026-10-20 12:13:33,Direct Debit,89.88,United Kingdom,Mobile
TX009929,20429,2026-08-11 22:54:53,Deposit,320.08,United Kingdom,Mobile
TX009930,20179,2026-08-23 15:00:10,Card Purchase,92.33,United Kingdom,ATM
TX009931,20500,2026-09-26 17:46:44,Card Purchase,111.95,United Kingdom,Mobile
TX009932,20441,2026-06-11 21:42:18,Card Purchase,67.58,United Kingdom,Card
TX009933,20041,2026-03-17 16:35:54,Bank Transfer,14.92,United Kingdom,Card
TX009934,20253,2026-08-06 20:09:41,Bank Transfer,64.82,United Kingdom,Card
TX009935,20306,2026-12-23 19:02:36,Direct Debit,333.07,United Kingdom,ATM
TX009936,20290,2026-07-01 13:26:20,Direct Debit,145.27,United Kingdom,ATM
TX009937,20112,2026-08-03 21:32:34,Card Purchase,158.96,Spain,Card
TX009938,20202,2026-04-30 06:15:12,Card Purchase,166.45,United Kingdom,Online
TX009939,20055,2026-05-05 14:22:15,Direct Debit,93.69,United Kingdom,Card
TX009940,20531,2026-12-28 06:56:45,Direct Debit,415.44,UAE,Card
TX009941,20312,2026-02-03 11:19:48,Bank Transfer,29.71,United Kingdom,Mobile
TX009942,20529,2026-09-16 14:37:41,Deposit,89.67,France,Card
TX009943,20263,2026-12-29 09:44:40,Card Purchase,913.85,Germany,Card
TX009944,20510,2026-01-03 02:10:01,Card Purchase,13.4,United Kingdom,Mobile
TX009945,20050,2026-09-14 14:13:28,Cash Withdrawal,128.08,United Kingdom,Mobile
TX009946,20361,2026-01-03 13:00:22,Cash Withdrawal,265.15,United Kingdom,Online
TX009947,20406,2026-03-17 14:35:54,Cash Withdrawal,275.15,Ireland,Online
TX009948,20063,2026-02-04 14:03:51,Bank Transfer,117.11,United Kingdom,Card
TX009949,20022,2026-08-05 16:42:32,Card Purchase,68.58,UAE,ATM
TX009950,20469,2026-03-21 10:17:48,Deposit,98.7,United Kingdom,Card
TX009951,20409,2026-10-21 22:16:20,Card Purchase,16.65,United Kingdom,Mobile
TX009952,20596,2026-07-23 00:04:38,Cash Withdrawal,198.38,Spain,Mobile
TX009953,20205,2026-05-19 17:28:00,Bank Transfer,572.11,United Kingdom,Branch
TX009954,20321,2026-03-04 10:57:13,Bank Transfer,42.05,United States,Mobile
TX009955,20301,2026-02-09 10:54:08,Card Purchase,7.47,United States,Mobile
TX009956,20083,2026-09-16 11:40:32,Bank Transfer,499.32,Netherlands,ATM
TX009957,20021,2026-10-14 16:00:56,Bank Transfer,124.89,Spain,Card
TX009958,20611,2026-05-02 01:33:05,Deposit,22.91,Ireland,Mobile
TX009959,20163,2026-01-19 16:45:01,Card Purchase,6.84,United Kingdom,ATM
TX009960,20452,2026-01-25 10:34:37,Card Purchase,151.75,United Kingdom,Card
TX009961,20394,2026-10-31 01:49:31,Card Purchase,84.64,United Kingdom,Card
TX009962,20427,2026-06-16 21:26:59,Bank Transfer,23.29,United Kingdom,Mobile
TX009963,20559,2026-01-29 04:44:44,Bank Transfer,40.57,United Kingdom,Card
TX009964,20191,2026-12-09 19:20:01,Direct Debit,221.73,United Kingdom,Mobile
TX009965,20457,2026-03-31 06:32:29,Card Purchase,61.09,United Kingdom,Branch
TX009966,20085,2026-11-08 00:05:07,Card Purchase,32.89,United States,Online
TX009967,20434,2026-05-19 23:36:57,Deposit,149.46,Nigeria,Card
TX009968,20126,2026-10-07 07:01:14,Bank Transfer,383.12,United Kingdom,Mobile
TX009969,20059,2026-09-26 01:59:26,Card Purchase,190.96,United Kingdom,ATM
TX009970,20554,2026-06-03 09:03:42,Cash Withdrawal,98.37,Spain,Mobile
TX009971,20515,2026-06-20 14:32:28,Direct Debit,49.59,United Kingdom,Branch
TX009972,20453,2026-01-05 06:18:42,Cash Withdrawal,20.09,United States,Online
TX009973,20401,2026-06-10 14:47:16,Card Purchase,64.56,United Kingdom,ATM
TX009974,20478,2026-08-05 07:52:40,Card Purchase,52.38,United States,Mobile
TX009975,20358,2026-08-17 10:55:53,Deposit,107.05,Germany,Card
TX009976,20075,2026-12-24 04:24:55,Card Purchase,73.28,United Kingdom,Online
TX009977,20060,2026-05-26 10:20:35,Card Purchase,14.08,United Kingdom,Branch
TX009978,20484,2026-07-14 20:13:19,Card Purchase,67.71,Spain,Branch
TX009979,20472,2026-09-07 04:47:29,Card Purchase,172.38,United Kingdom,Card
TX009980,20675,2026-09-10 04:30:26,Cash Withdrawal,2.0,United Kingdom,Mobile
TX009981,20471,2026-06-13 10:28:53,Card Purchase,921.55,United Kingdom,Mobile
TX009982,20357,2026-07-27 01:27:57,Card Purchase,60.91,United States,Online
TX009983,20605,2026-01-20 04:04:26,Card Purchase,123.58,Ireland,Online
TX009984,20076,2026-10-03 02:16:05,Card Purchase,120.17,United Kingdom,Card
TX009985,20462,2026-05-12 19:43:22,Direct Debit,134.63,Singapore,Card
TX009986,20470,2026-09-28 04:11:59,Cash Withdrawal,25.96,United Kingdom,Card
TX009987,20053,2026-11-24 02:15:28,Direct Debit,164.94,United Kingdom,ATM
TX009988,20660,2026-09-18 01:55:38,Deposit,36.47,Germany,ATM
TX009989,20585,2026-01-09 05:42:33,Card Purchase,125.07,Germany,ATM
TX009990,20134,2026-06-26 15:41:32,Direct Debit,221.1,United Kingdom,Online
TX009991,20418,2026-11-29 20:30:14,Bank Transfer,56.9,United Kingdom,Card
TX009992,20303,2026-05-01 14:55:11,Direct Debit,26.86,United Kingdom,Mobile
TX009993,20658,2026-11-26 08:06:43,Card Purchase,112.57,Nigeria,Branch
TX009994,20208,2026-09-27 21:46:18,Card Purchase,44.76,UAE,Card
TX009995,20020,2026-02-03 19:29:37,Cash Withdrawal,329.83,United States,ATM
TX009996,20095,2026-07-07 01:58:31,Bank Transfer,55.55,Ireland,Card
TX009997,20439,2026-01-03 09:56:19,Bank Transfer,314.15,United Kingdom,Card
TX009998,20308,2026-10-08 15:07:02,Card Purchase,16.11,United Kingdom,Mobile
TX009999,20644,2026-10-26 06:01:17,Bank Transfer,222.9,UAE,Card
TX010000,20014,2026-05-07 08:55:54,Bank Transfer,224.72,Singapore,Branch
TX010001,20614,2026-07-12 10:49:25,Bank Transfer,352.12,Germany,Card
TX010002,20653,2026-06-19 21:57:28,Card Purchase,57.87,United Kingdom,Card
TX010003,20106,2026-01-26 20:28:50,Card Purchase,265.07,United States,Mobile
TX010004,20157,2026-02-08 14:19:51,Bank Transfer,30.25,Netherlands,Mobile
TX010005,20384,2026-06-25 10:50:03,Card Purchase,417.48,United Kingdom,Branch
TX010006,20487,2026-03-28 17:14:19,Card Purchase,52.5,United Kingdom,ATM
TX010007,20582,2026-08-11 00:02:19,Direct Debit,89.83,Nigeria,Card
TX010008,20207,2026-09-22 06:15:50,Bank Transfer,766.92,Singapore,Online
TX010009,20339,2026-01-12 18:04:43,Card Purchase,3.56,United Kingdom,Mobile
TX010010,20600,2026-11-28 15:38:42,Bank Transfer,132.55,United Kingdom,Online
TX010011,20478,2026-10-06 13:11:34,Card Purchase,12217.92,United Kingdom,Online
TX010012,20475,2026-06-22 18:09:38,Card Purchase,9395.01,Germany,Mobile
TX010013,20061,2026-03-03 13:09:45,Direct Debit,241.19,United Kingdom,Branch
TX010014,20378,2026-09-28 17:56:39,Cash Withdrawal,154.67,United Kingdom,Online
TX010015,20041,2026-05-24 21:58:27,Direct Debit,113.82,United Kingdom,Card
TX010016,20015,2026-03-08 00:23:15,Card Purchase,47.21,United Kingdom,Card
TX010017,20652,2026-06-09 12:15:29,Bank Transfer,134.29,United Kingdom,Card
TX010018,20273,2026-10-09 17:20:01,Card Purchase,82.82,UAE,Mobile
TX010019,20252,2026-02-17 14:33:31,Card Purchase,546.31,United Kingdom,ATM
TX010020,20057,2026-08-22 09:02:21,Card Purchase,346.18,UAE,Mobile
TX010021,20127,2026-04-18 19:04:12,Card Purchase,135.25,United Kingdom,Card
TX010022,20153,2026-11-30 14:58:00,Card Purchase,70.15,United Kingdom,Mobile
TX010023,20014,2026-08-24 12:57:48,Card Purchase,175.21,United Kingdom,Mobile
TX010024,20133,2026-07-22 11:22:59,Deposit,211.22,United Kingdom,Mobile
TX010025,20498,2026-09-29 10:50:41,Card Purchase,41.77,United Kingdom,Card
TX010026,20297,2026-08-18 20:56:55,Cash Withdrawal,41.39,United Kingdom,Online
TX010027,20421,2026-03-12 20:22:31,Cash Withdrawal,226.87,United Kingdom,Mobile
TX010028,20160,2026-07-07 21:31:40,Card Purchase,89.57,Germany,Branch
TX010029,20304,2026-08-24 16:03:18,Direct Debit,104.2,United Kingdom,ATM
TX010030,20202,2026-11-23 12:12:16,Deposit,538.58,United Kingdom,Branch
TX010031,20277,2026-04-01 07:01:48,Bank Transfer,115.27,France,Mobile
TX010032,20467,2026-07-23 20:47:53,Card Purchase,21.09,UAE,Mobile
TX010033,20598,2026-04-27 11:58:22,Card Purchase,94.94,United Kingdom,ATM
TX010034,20290,2026-09-13 02:49:35,Cash Withdrawal,112.93,United Kingdom,ATM
TX010035,20006,2026-10-28 00:53:19,Card Purchase,24.64,France,Mobile
TX010036,20211,2026-01-24 16:17:44,Card Purchase,1257.94,Singapore,Branch
TX010037,20337,2026-11-10 02:02:17,Direct Debit,35.62,United Kingdom,Mobile
TX010038,20585,2026-12-07 20:09:19,Deposit,16223.26,United Kingdom,Mobile
TX010039,20116,2026-03-01 00:56:45,Card Purchase,17.26,United Kingdom,Mobile
TX010040,20215,2026-09-30 18:35:05,Card Purchase,48.58,France,Card
TX010041,20553,2026-01-30 16:24:56,Cash Withdrawal,22.38,Germany,ATM
TX010042,20307,2026-06-05 11:44:13,Card Purchase,34.11,France,Online
TX010043,20364,2026-12-28 18:58:13,Bank Transfer,32.82,United Kingdom,ATM
TX010044,20185,2026-11-25 23:25:34,Bank Transfer,153.77,Netherlands,Online
TX010045,20068,2026-11-12 07:44:03,Direct Debit,490.93,Germany,Online
TX010046,20427,2026-09-29 03:27:38,Bank Transfer,222.43,Singapore,Mobile
TX010047,20595,2026-03-21 04:28:43,Card Purchase,329.25,France,Mobile
TX010048,20672,2026-04-18 09:43:32,Card Purchase,182.56,Ireland,Card
TX010049,20650,2026-04-12 22:26:03,Bank Transfer,83.02,United Kingdom,Mobile
TX010050,20448,2026-01-31 14:44:51,Card Purchase,56.64,United Kingdom,Mobile
TX010051,20298,2026-08-05 10:28:26,Card Purchase,96.13,Singapore,Branch
TX010052,20170,2026-10-09 19:32:12,Card Purchase,45.35,United Kingdom,Online
TX010053,20211,2026-12-22 20:06:07,Card Purchase,33.91,United Kingdom,Online
TX010054,20420,2026-01-16 17:33:10,Card Purchase,374.26,Ireland,Card
TX010055,20210,2026-03-14 12:54:27,Deposit,90.02,United Kingdom,Card
TX010056,20110,2026-06-09 17:01:42,Card Purchase,151.7,United Kingdom,Mobile
TX010057,20663,2026-07-13 04:18:45,Card Purchase,133.54,United States,Online
TX010058,20181,2026-04-26 10:18:25,Direct Debit,689.19,Nigeria,Mobile
TX010059,20059,2026-02-05 20:19:09,Direct Debit,64.34,United Kingdom,Online
TX010060,20404,2026-01-26 01:48:26,Card Purchase,499.7,United Kingdom,Mobile
TX010061,20173,2026-09-06 19:35:19,Card Purchase,82.48,United Kingdom,ATM
TX010062,20309,2026-10-30 00:11:50,Deposit,11.98,United Kingdom,Branch
TX010063,20353,2026-02-10 13:50:42,Card Purchase,29.24,United Kingdom,ATM
TX010064,20129,2026-06-16 17:49:37,Card Purchase,180.79,UAE,Online
TX010065,20323,2026-03-03 17:45:01,Deposit,158.66,United Kingdom,Card
TX010066,20186,2026-03-27 03:02:03,Bank Transfer,355.39,Ireland,Card
TX010067,20349,2026-12-07 22:30:54,Card Purchase,21.67,Netherlands,Card
TX010068,20481,2026-01-13 06:44:34,Deposit,65.38,United Kingdom,Mobile
TX010069,20447,2026-02-12 05:03:09,Card Purchase,136.21,United Kingdom,Mobile
TX010070,20554,2026-10-12 00:52:03,Card Purchase,177.91,United Kingdom,Online
TX010071,20303,2026-10-07 05:48:52,Cash Withdrawal,54.89,United Kingdom,Online
TX010072,20560,2026-09-04 08:04:16,Card Purchase,9.01,United Kingdom,Card
TX010073,20547,2026-05-22 07:38:28,Card Purchase,11434.27,United Kingdom,ATM
TX010074,20019,2026-10-28 09:22:10,Direct Debit,133.12,Netherlands,Mobile
TX010075,20146,2026-07-07 12:42:57,Card Purchase,149.06,United Kingdom,Online
TX010076,20287,2026-03-31 15:40:53,Card Purchase,35.9,United Kingdom,Online
TX010077,20418,2026-10-24 21:19:56,Card Purchase,209.63,Nigeria,ATM
TX010078,20049,2026-03-02 04:13:32,Card Purchase,65.1,United Kingdom,Mobile
TX010079,20138,2026-12-03 19:50:10,Card Purchase,101.5,Singapore,Branch
TX010080,20652,2026-02-02 11:00:53,Bank Transfer,64.27,France,Online
TX010081,20201,2026-09-03 14:17:20,Card Purchase,65.3,Netherlands,Mobile
TX010082,20069,2026-02-07 15:41:45,Cash Withdrawal,10.23,United Kingdom,Mobile
TX010083,20513,2026-07-25 01:26:23,Card Purchase,28.19,France,Mobile
TX010084,20349,2026-06-27 01:15:38,Card Purchase,9.57,United Kingdom,Online
TX010085,20504,2026-05-16 22:07:57,Card Purchase,32.48,United Kingdom,Card
TX010086,20337,2026-11-07 14:55:22,Direct Debit,411.12,United Kingdom,Card
TX010087,20369,2026-02-14 03:32:47,Bank Transfer,102.88,United Kingdom,Online
TX010088,20525,2026-09-03 17:02:42,Direct Debit,1619.89,United Kingdom,ATM
TX010089,20056,2026-01-29 03:14:59,Card Purchase,5.97,Germany,Mobile
TX010090,20585,2026-03-24 05:40:45,Direct Debit,83.93,France,Mobile
TX010091,20190,2026-07-25 12:11:22,Direct Debit,121.9,Nigeria,Online
TX010092,20306,2026-12-21 04:54:13,Card Purchase,290.7,United Kingdom,ATM
TX010093,20210,2026-01-31 00:54:07,Bank Transfer,17.16,United Kingdom,Mobile
TX010094,20068,2026-01-11 02:10:40,Card Purchase,53.06,United Kingdom,Mobile
TX010095,20085,2026-03-10 14:16:33,Card Purchase,127.2,Nigeria,ATM
TX010096,20397,2026-01-26 20:39:28,Bank Transfer,229.26,United Kingdom,ATM
TX010097,20416,2026-05-03 21:00:15,Deposit,24.6,Netherlands,Card
TX010098,20601,2026-06-06 06:48:24,Bank Transfer,65.98,United Kingdom,Online
TX010099,20493,2026-08-10 10:22:50,Bank Transfer,55.62,United Kingdom,Online
TX010100,20312,2026-04-24 10:45:59,Card Purchase,133.81,United Kingdom,Mobile
TX010101,20539,2026-01-28 03:46:02,Bank Transfer,12.69,Ireland,Mobile
TX010102,20409,2026-04-07 10:47:23,Card Purchase,178.06,United Kingdom,Mobile
TX010103,20157,2026-06-08 03:26:38,Cash Withdrawal,1001.03,Ireland,Card
TX010104,20458,2026-12-18 02:46:52,Card Purchase,173.37,Nigeria,Mobile
TX010105,20434,2026-01-31 07:47:07,Card Purchase,65.48,UAE,Card
TX010106,20452,2026-06-27 05:13:50,Card Purchase,96.46,United Kingdom,Mobile
TX010107,20431,2026-01-28 10:34:45,Bank Transfer,646.94,United Kingdom,Mobile
TX010108,20127,2026-02-01 09:31:51,Cash Withdrawal,61.79,United Kingdom,Mobile
TX010109,20004,2026-06-08 00:04:28,Card Purchase,260.55,United Kingdom,Card
TX010110,20585,2026-06-28 06:19:59,Deposit,188.79,United Kingdom,Card
TX010111,20662,2026-08-13 17:09:00,Deposit,124.14,Ireland,Online
TX010112,20090,2026-09-22 22:15:00,Bank Transfer,166.39,Spain,Branch
TX010113,20121,2026-09-22 22:58:30,Card Purchase,40.37,Germany,ATM
TX010114,20444,2026-06-27 22:47:36,Card Purchase,192.18,United Kingdom,Card
TX010115,20116,2026-10-06 16:08:24,Cash Withdrawal,75.39,Germany,Online
TX010116,20646,2026-03-03 21:42:41,Bank Transfer,32.34,United Kingdom,Online
TX010117,20344,2026-08-03 22:53:35,Card Purchase,62.49,United Kingdom,Online
TX010118,20282,2026-06-05 15:39:04,Card Purchase,36.74,United Kingdom,Online
TX010119,20092,2026-11-05 12:58:21,Bank Transfer,206.44,United Kingdom,Online
TX010120,20310,2026-10-26 17:29:11,Bank Transfer,51.61,UAE,Mobile
TX010121,20084,2026-10-09 23:30:06,Bank Transfer,66.57,France,Mobile
TX010122,20589,2026-03-22 09:31:06,Card Purchase,28.49,United Kingdom,ATM
TX010123,20136,2026-05-21 23:30:58,Card Purchase,172.36,Spain,Card
TX010124,20368,2026-04-25 03:25:29,Direct Debit,211.45,Singapore,Card
TX010125,20028,2026-07-25 18:10:09,Card Purchase,519.82,France,ATM
TX010126,20030,2026-07-13 18:33:29,Card Purchase,573.07,UAE,Online
TX010127,20564,2026-09-09 05:18:25,Bank Transfer,100.82,Spain,Online
TX010128,20147,2026-07-28 13:14:58,Bank Transfer,79.31,France,Card
TX010129,20612,2026-10-22 15:27:13,Direct Debit,291.73,United States,Card
TX010130,20095,2026-05-10 20:00:57,Card Purchase,8.24,United Kingdom,Branch
TX010131,20417,2026-03-02 19:52:10,Direct Debit,113.5,United Kingdom,Card
TX010132,20462,2026-06-20 08:58:18,Card Purchase,123.87,Germany,Branch
TX010133,20104,2026-10-10 00:43:37,Card Purchase,527.03,United Kingdom,Card
TX010134,20513,2026-01-23 04:01:56,Card Purchase,344.56,United Kingdom,Card
TX010135,20563,2026-10-18 06:08:55,Bank Transfer,399.3,United Kingdom,Card
TX010136,20067,2026-04-10 12:43:30,Direct Debit,240.67,United Kingdom,Branch
TX010137,20023,2026-06-24 11:16:17,Card Purchase,111.24,Spain,Online
TX010138,20336,2026-03-30 03:50:46,Deposit,149.01,United Kingdom,Branch
TX010139,20582,2026-12-27 02:24:57,Card Purchase,137.6,Nigeria,Mobile
TX010140,20240,2026-04-06 05:18:49,Card Purchase,47.98,France,Mobile
TX010141,20218,2026-03-05 10:50:36,Card Purchase,21.77,United Kingdom,ATM
TX010142,20055,2026-11-03 02:46:12,Card Purchase,82.2,United States,Online
TX010143,20581,2026-11-14 21:58:30,Card Purchase,16.9,Netherlands,Mobile
TX010144,20451,2026-08-22 06:51:39,Bank Transfer,48.67,United Kingdom,Card
TX010145,20153,2026-01-28 20:01:52,Card Purchase,257.32,United States,Mobile
TX010146,20665,2026-10-04 14:17:58,Deposit,78.08,United Kingdom,Online
TX010147,20238,2026-10-03 18:31:28,Card Purchase,66.48,Nigeria,Mobile
TX010148,20432,2026-01-28 04:05:10,Cash Withdrawal,912.51,United Kingdom,Card
TX010149,20084,2026-12-22 16:41:13,Deposit,52.05,United Kingdom,Online
TX010150,20180,2026-10-15 14:34:25,Direct Debit,32.55,Germany,Mobile
TX010151,20622,2026-07-27 23:03:46,Bank Transfer,248.77,United Kingdom,Card
TX010152,20021,2026-06-23 13:40:48,Card Purchase,168.62,Germany,Online
TX010153,20319,2026-10-22 00:45:20,Bank Transfer,242.53,United Kingdom,Online
TX010154,20593,2026-07-01 09:13:11,Bank Transfer,72.11,United Kingdom,Card
TX010155,20627,2026-02-15 02:09:13,Bank Transfer,108.37,United Kingdom,Mobile
TX010156,20452,2026-11-29 03:45:46,Bank Transfer,78.76,Nigeria,Card
TX010157,20095,2026-08-29 07:48:56,Card Purchase,131.06,United Kingdom,Card
TX010158,20235,2026-12-04 22:57:44,Bank Transfer,1146.22,United Kingdom,Mobile
TX010159,20580,2026-04-03 19:12:22,Bank Transfer,83.25,United Kingdom,Mobile
TX010160,20010,2026-11-25 12:01:36,Bank Transfer,45.2,Ireland,Card
TX010161,20550,2026-06-11 21:09:05,Bank Transfer,48.74,United Kingdom,ATM
TX010162,20057,2026-10-26 07:18:49,Bank Transfer,81.12,Spain,Mobile
TX010163,20653,2026-08-26 07:29:06,Deposit,35.18,United Kingdom,Mobile
TX010164,20073,2026-07-20 23:39:17,Card Purchase,119.23,United Kingdom,Mobile
TX010165,20541,2026-12-23 05:14:11,Card Purchase,47.43,Germany,Mobile
TX010166,20511,2026-02-13 20:27:04,Card Purchase,5.42,United Kingdom,Mobile
TX010167,20093,2026-08-18 10:55:22,Card Purchase,28.47,United Kingdom,ATM
TX010168,20209,2026-01-05 06:42:46,Deposit,23.33,United Kingdom,Online
TX010169,20205,2026-03-09 09:13:58,Bank Transfer,109.25,United Kingdom,Mobile
TX010170,20542,2026-05-10 09:11:25,Bank Transfer,84.98,Germany,Mobile
TX010171,20239,2026-11-19 19:57:03,Bank Transfer,146.27,France,Card
TX010172,20247,2026-02-05 20:31:21,Direct Debit,13.76,United Kingdom,ATM
TX010173,20580,2026-07-15 02:24:34,Bank Transfer,41.68,UAE,Online
TX010174,20022,2026-02-21 14:26:17,Direct Debit,162.1,France,Online
TX010175,20629,2026-05-05 03:53:04,Cash Withdrawal,15.58,France,Online
TX010176,20329,2026-06-16 16:27:15,Card Purchase,7.66,United Kingdom,ATM
TX010177,20144,2026-07-26 16:41:26,Card Purchase,99.14,Nigeria,Mobile
TX010178,20019,2026-04-28 10:12:56,Card Purchase,243.99,United Kingdom,Branch
TX010179,20268,2026-01-17 01:33:22,Bank Transfer,38.4,UAE,Card
TX010180,20482,2026-09-24 07:45:39,Bank Transfer,23615.35,Netherlands,Mobile
TX010181,20393,2026-11-14 05:50:42,Deposit,389.14,United Kingdom,Online
TX010182,20499,2026-08-22 14:05:54,Card Purchase,101.63,Ireland,Card
TX010183,20091,2026-10-27 06:33:21,Card Purchase,30.0,Spain,Mobile
TX010184,20017,2026-05-15 09:58:03,Bank Transfer,211.42,United Kingdom,ATM
TX010185,20405,2026-08-03 12:22:57,Deposit,138.53,United Kingdom,Card
TX010186,20648,2026-10-13 09:49:42,Card Purchase,108.62,Ireland,Branch
TX010187,20123,2026-05-26 23:07:02,Card Purchase,96.3,UAE,Card
TX010188,20599,2026-02-14 06:07:46,Card Purchase,731.09,United Kingdom,Mobile
TX010189,20429,2026-06-17 17:12:18,Bank Transfer,100.85,United Kingdom,ATM
TX010190,20178,2026-08-21 13:29:24,Bank Transfer,63.81,Germany,Mobile
TX010191,20319,2026-10-31 09:41:54,Card Purchase,101.03,Singapore,ATM
TX010192,20378,2026-08-20 20:00:01,Deposit,39.71,United Kingdom,Card
TX010193,20047,2026-01-24 12:39:46,Card Purchase,41.19,United Kingdom,Online
TX010194,20294,2026-06-27 20:31:20,Bank Transfer,644.98,United Kingdom,Mobile
TX010195,20607,2026-11-04 14:22:39,Card Purchase,85.12,United Kingdom,Mobile
TX010196,20669,2026-03-24 14:36:24,Card Purchase,65.65,Ireland,ATM
TX010197,20484,2026-05-04 05:32:28,Bank Transfer,48.47,United Kingdom,Card
TX010198,20168,2026-03-03 01:52:00,Card Purchase,15.44,United Kingdom,ATM
TX010199,20042,2026-09-25 21:06:55,Card Purchase,187.74,United Kingdom,Branch
TX010200,20604,2026-12-02 10:48:31,Card Purchase,90.72,United Kingdom,Online
TX010201,20003,2026-07-27 00:45:25,Direct Debit,41.89,United Kingdom,Mobile
TX010202,20444,2026-06-29 20:54:26,Card Purchase,67.51,United Kingdom,Mobile
TX010203,20225,2026-02-11 12:01:58,Bank Transfer,81.46,United Kingdom,ATM
TX010204,20661,2026-03-17 06:27:30,Card Purchase,64.7,United States,Mobile
TX010205,20472,2026-03-03 02:05:13,Cash Withdrawal,192.27,United Kingdom,Card
TX010206,20160,2026-01-10 08:28:00,Direct Debit,57.34,UAE,Online
TX010207,20007,2026-08-15 19:24:54,Card Purchase,61.23,Spain,Mobile
TX010208,20333,2026-05-22 13:21:01,Card Purchase,113.15,United Kingdom,Online
TX010209,20627,2026-05-09 18:38:26,Card Purchase,197.88,United Kingdom,ATM
TX010210,20127,2026-08-25 07:25:55,Direct Debit,101.44,Nigeria,Branch
TX010211,20086,2026-05-29 21:17:13,Card Purchase,228.16,Singapore,Card
TX010212,20092,2026-02-01 19:02:45,Deposit,24.05,Nigeria,Card
TX010213,20046,2026-05-10 00:37:46,Cash Withdrawal,264.72,United Kingdom,Online
TX010214,20646,2026-12-21 22:54:19,Card Purchase,60.88,United Kingdom,Online
TX010215,20655,2026-04-22 05:18:50,Bank Transfer,113.96,United Kingdom,Mobile
TX010216,20174,2026-12-26 10:39:20,Card Purchase,344.6,Netherlands,Card
TX010217,20530,2026-10-19 01:21:50,Card Purchase,333.31,Ireland,ATM
TX010218,20407,2026-12-09 13:48:41,Card Purchase,2120.15,United Kingdom,ATM
TX010219,20554,2026-12-17 16:35:12,Card Purchase,421.05,Singapore,ATM
TX010220,20507,2026-07-05 12:42:55,Direct Debit,30.35,United Kingdom,Branch
TX010221,20434,2026-04-16 17:26:35,Bank Transfer,77.7,UAE,Mobile
TX010222,20227,2026-08-07 15:42:31,Direct Debit,62.11,United Kingdom,Card
TX010223,20248,2026-12-11 14:13:10,Card Purchase,31.36,United Kingdom,Mobile
TX010224,20177,2026-09-11 01:20:03,Direct Debit,89.24,United Kingdom,Mobile
TX010225,20269,2026-02-27 21:28:59,Direct Debit,45.34,United Kingdom,Card
TX010226,20204,2026-01-24 22:53:36,Bank Transfer,66.47,United Kingdom,Online
TX010227,20606,2026-12-22 19:38:32,Card Purchase,224.16,United Kingdom,ATM
TX010228,20656,2026-06-26 10:50:13,Bank Transfer,3.19,United Kingdom,Mobile
TX010229,20300,2026-09-27 13:14:57,Bank Transfer,82.83,United Kingdom,Card
TX010230,20420,2026-06-18 04:37:00,Cash Withdrawal,127.34,United Kingdom,Mobile
TX010231,20505,2026-10-22 17:21:40,Card Purchase,88.11,Germany,Card
TX010232,20650,2026-07-25 14:10:37,Card Purchase,41.71,Spain,Mobile
TX010233,20391,2026-12-30 14:24:45,Card Purchase,198.78,Ireland,Online
TX010234,20661,2026-10-24 09:38:10,Card Purchase,66.4,France,Card
TX010235,20601,2026-04-18 09:23:36,Deposit,231.09,United Kingdom,Mobile
TX010236,20006,2026-06-08 05:12:45,Card Purchase,87.3,United States,Online
TX010237,20382,2026-06-19 00:35:54,Direct Debit,11.71,United Kingdom,Online
TX010238,20116,2026-05-17 16:08:44,Bank Transfer,39.41,France,Mobile
TX010239,20219,2026-04-18 19:37:53,Cash Withdrawal,68.94,United Kingdom,Online
TX010240,20170,2026-02-12 08:18:24,Bank Transfer,81.21,United Kingdom,Card
TX010241,20392,2026-12-27 03:52:02,Deposit,44.18,France,Branch
TX010242,20468,2026-05-03 05:48:58,Card Purchase,43.49,UAE,Card
TX010243,20178,2026-08-25 03:46:20,Deposit,50.17,Germany,ATM
TX010244,20673,2026-08-09 22:49:24,Deposit,250.12,Spain,Mobile
TX010245,20031,2026-02-20 18:13:50,Cash Withdrawal,295.93,United Kingdom,Card
TX010246,20090,2026-01-21 15:31:09,Card Purchase,16.04,United Kingdom,Mobile
TX010247,20511,2026-08-19 10:05:44,Bank Transfer,36.29,Netherlands,Mobile
TX010248,20040,2026-09-08 16:27:45,Direct Debit,243.29,Ireland,ATM
TX010249,20147,2026-01-05 04:22:16,Card Purchase,342.49,United Kingdom,Card
TX010250,20097,2026-08-19 06:43:45,Bank Transfer,64.16,United Kingdom,Mobile
TX010251,20045,2026-03-12 10:56:55,Bank Transfer,216.88,United Kingdom,ATM
TX010252,20650,2026-07-28 10:28:53,Card Purchase,278.87,United Kingdom,ATM
TX010253,20538,2026-02-14 18:18:00,Bank Transfer,20.69,UAE,Mobile
TX010254,20348,2026-05-02 15:18:34,Direct Debit,18230.17,United Kingdom,ATM
TX010255,20130,2026-03-13 14:30:48,Bank Transfer,296.7,United Kingdom,Mobile
TX010256,20153,2026-06-22 18:21:10,Card Purchase,69.88,United States,Mobile
TX010257,20337,2026-12-13 16:30:03,Bank Transfer,20.65,United Kingdom,Mobile
TX010258,20164,2026-10-18 02:16:44,Card Purchase,91.9,United Kingdom,Mobile
TX010259,20245,2026-09-27 07:14:06,Bank Transfer,190.51,United Kingdom,Online
TX010260,20171,2026-12-19 21:23:06,Bank Transfer,87.9,UAE,Mobile
TX010261,20235,2026-07-04 12:53:00,Deposit,698.6,United Kingdom,ATM
TX010262,20097,2026-05-30 05:06:11,Deposit,5.51,United Kingdom,Online
TX010263,20215,2026-08-17 15:49:57,Card Purchase,22753.85,United States,Mobile
TX010264,20362,2026-01-21 18:37:53,Cash Withdrawal,287.61,United Kingdom,ATM
TX010265,20255,2026-10-11 06:59:23,Card Purchase,182.69,Germany,Branch
TX010266,20387,2026-08-02 05:47:14,Direct Debit,217.56,United Kingdom,Online
TX010267,20587,2026-03-24 15:18:07,Direct Debit,494.05,United Kingdom,Branch
TX010268,20315,2026-08-28 21:25:21,Bank Transfer,198.16,Singapore,Mobile
TX010269,20478,2026-01-02 23:05:39,Bank Transfer,36.59,United States,Mobile
TX010270,20102,2026-09-24 20:35:43,Card Purchase,117.49,Netherlands,ATM
TX010271,20371,2026-09-30 13:36:51,Direct Debit,31.29,United Kingdom,Mobile
TX010272,20468,2026-12-18 02:24:31,Bank Transfer,74.21,United Kingdom,Mobile
TX010273,20442,2026-05-29 12:08:25,Card Purchase,176.39,United Kingdom,Mobile
TX010274,20607,2026-03-27 04:06:11,Direct Debit,24.21,United States,Mobile
TX010275,20197,2026-11-18 00:26:56,Card Purchase,19.7,United Kingdom,Online
TX010276,20481,2026-10-01 01:06:16,Card Purchase,145.19,United States,Online
TX010277,20225,2026-12-15 15:44:03,Bank Transfer,301.76,United Kingdom,Online
TX010278,20230,2026-08-27 22:55:25,Cash Withdrawal,358.97,United Kingdom,Card
TX010279,20122,2026-10-24 06:16:52,Card Purchase,188.38,United Kingdom,Mobile
TX010280,20491,2026-01-26 22:43:45,Direct Debit,76.93,United Kingdom,ATM
TX010281,20005,2026-10-21 00:38:43,Card Purchase,11.98,United Kingdom,Mobile
TX010282,20548,2026-10-13 12:29:27,Card Purchase,124.8,United States,Mobile
TX010283,20030,2026-01-07 02:42:52,Bank Transfer,115.46,Germany,Card
TX010284,20159,2026-04-18 18:27:43,Direct Debit,107.39,Nigeria,Mobile
TX010285,20357,2026-08-31 22:22:54,Card Purchase,63.54,United Kingdom,Card
TX010286,20546,2026-09-21 21:45:24,Card Purchase,95.77,Spain,Card
TX010287,20020,2026-06-28 11:01:35,Card Purchase,102.27,Ireland,Mobile
TX010288,20536,2026-12-28 17:19:21,Direct Debit,1188.94,Germany,Online
TX010289,20002,2026-10-10 04:58:21,Bank Transfer,285.35,United Kingdom,ATM
TX010290,20110,2026-02-09 04:31:23,Bank Transfer,274.0,United Kingdom,Card
TX010291,20526,2026-09-27 19:39:17,Bank Transfer,99.33,United Kingdom,Mobile
TX010292,20498,2026-08-03 23:33:27,Card Purchase,87.06,United Kingdom,Online
TX010293,20189,2026-03-23 15:41:54,Bank Transfer,63.99,United Kingdom,ATM
TX010294,20300,2026-03-03 19:55:09,Direct Debit,89.78,United Kingdom,Mobile
TX010295,20270,2026-11-09 22:23:45,Card Purchase,104.02,United Kingdom,Mobile
TX010296,20347,2026-08-02 08:52:28,Card Purchase,7.82,United Kingdom,ATM
TX010297,20578,2026-10-23 23:05:26,Card Purchase,42.77,United States,Mobile
TX010298,20061,2026-05-29 18:38:19,Bank Transfer,27.66,United Kingdom,Online
TX010299,20083,2026-12-18 15:14:38,Cash Withdrawal,63.64,Spain,Mobile
TX010300,20017,2026-03-10 09:41:10,Direct Debit,171.6,United Kingdom,Mobile
TX010301,20300,2026-08-20 07:26:45,Card Purchase,130.5,United Kingdom,ATM
TX010302,20038,2026-06-29 00:42:20,Direct Debit,275.45,United Kingdom,Card
TX010303,20152,2026-04-23 05:46:51,Card Purchase,12.13,Netherlands,Card
TX010304,20327,2026-03-20 22:53:05,Direct Debit,342.6,United Kingdom,Card
TX010305,20445,2026-10-19 06:45:11,Direct Debit,104.21,United Kingdom,Card
TX010306,20324,2026-06-28 19:36:54,Card Purchase,168.05,United Kingdom,ATM
TX010307,20309,2026-05-14 15:38:02,Card Purchase,30.48,United Kingdom,Online
TX010308,20488,2026-09-29 00:33:30,Bank Transfer,93.83,United Kingdom,ATM
TX010309,20413,2026-07-20 14:25:43,Card Purchase,17.83,UAE,Online
TX010310,20148,2026-06-08 08:41:39,Card Purchase,56.12,Germany,Mobile
TX010311,20508,2026-11-13 22:42:21,Direct Debit,16.74,United Kingdom,Card
TX010312,20182,2026-12-04 06:36:00,Bank Transfer,15063.04,United Kingdom,ATM
TX010313,20109,2026-04-22 00:26:18,Bank Transfer,112.33,United Kingdom,ATM
TX010314,20173,2026-01-02 04:25:00,Bank Transfer,515.96,United Kingdom,Mobile
TX010315,20546,2026-02-26 11:12:43,Card Purchase,296.14,Netherlands,Online
TX010316,20255,2026-11-14 00:39:07,Card Purchase,410.65,United Kingdom,Card
TX010317,20435,2026-11-04 07:05:53,Direct Debit,30.86,United Kingdom,Mobile
TX010318,20650,2026-01-02 07:57:35,Direct Debit,80.23,United States,Online
TX010319,20432,2026-06-26 21:34:02,Direct Debit,86.76,UAE,Mobile
TX010320,20045,2026-12-31 23:17:10,Bank Transfer,657.11,Ireland,Card
TX010321,20492,2026-06-11 21:13:52,Direct Debit,74.11,United Kingdom,Card
TX010322,20509,2026-05-24 13:18:58,Bank Transfer,194.23,UAE,Online
TX010323,20561,2026-09-21 17:03:59,Deposit,32.85,Ireland,Card
TX010324,20322,2026-08-21 20:28:02,Direct Debit,125.76,United Kingdom,Mobile
TX010325,20641,2026-02-17 22:54:28,Card Purchase,46.16,Nigeria,Branch
TX010326,20032,2026-01-10 18:48:02,Cash Withdrawal,95.94,United Kingdom,Mobile
TX010327,20370,2026-04-10 20:01:14,Card Purchase,330.92,United Kingdom,Online
TX010328,20477,2026-09-11 06:19:37,Card Purchase,19.56,Singapore,Card
TX010329,20074,2026-09-26 01:41:58,Bank Transfer,145.92,Ireland,Branch
TX010330,20280,2026-04-12 14:27:00,Deposit,75.85,United Kingdom,Mobile
TX010331,20149,2026-05-06 19:51:37,Bank Transfer,40.81,Germany,Mobile
TX010332,20144,2026-07-09 11:45:22,Bank Transfer,82.45,UAE,Branch
TX010333,20291,2026-04-16 13:39:56,Card Purchase,121.05,UAE,Card
TX010334,20623,2026-07-23 08:27:04,Card Purchase,130.3,United Kingdom,ATM
TX010335,20492,2026-04-22 20:53:24,Card Purchase,653.38,United Kingdom,Card
TX010336,20055,2026-04-11 14:16:09,Card Purchase,131.59,United Kingdom,Mobile
TX010337,20425,2026-11-07 16:04:49,Direct Debit,249.34,United Kingdom,ATM
TX010338,20337,2026-03-11 23:15:24,Direct Debit,155.67,United Kingdom,Online
TX010339,20423,2026-12-24 04:33:36,Card Purchase,59.35,United Kingdom,ATM
TX010340,20055,2026-05-07 19:23:27,Card Purchase,144.6,Singapore,Online
TX010341,20221,2026-05-23 19:52:46,Card Purchase,176.77,Ireland,ATM
TX010342,20235,2026-02-19 20:17:21,Card Purchase,201.92,United Kingdom,Mobile
TX010343,20603,2026-11-04 01:06:27,Direct Debit,38.44,Germany,Card
TX010344,20220,2026-06-03 00:19:00,Bank Transfer,128.73,United States,Online
TX010345,20179,2026-06-01 22:26:44,Card Purchase,21.05,Ireland,ATM
TX010346,20204,2026-06-27 10:48:28,Direct Debit,68.51,United Kingdom,Online
TX010347,20278,2026-10-18 14:42:08,Deposit,191.32,United Kingdom,Online
TX010348,20323,2026-11-25 03:59:49,Card Purchase,165.91,United Kingdom,Online
TX010349,20657,2026-09-19 01:23:05,Direct Debit,75.67,United Kingdom,Card
TX010350,20434,2026-06-23 22:57:40,Bank Transfer,516.53,United Kingdom,Mobile
TX010351,20155,2026-11-30 17:27:51,Deposit,101.49,Germany,Card
TX010352,20642,2026-07-24 06:44:35,Card Purchase,424.6,United Kingdom,Online
TX010353,20316,2026-04-16 01:09:17,Bank Transfer,117.04,Germany,Online
TX010354,20599,2026-06-14 08:30:29,Card Purchase,156.44,Nigeria,Branch
TX010355,20071,2026-09-04 12:48:53,Direct Debit,633.06,United Kingdom,Card
TX010356,20113,2026-05-30 12:22:46,Bank Transfer,83.33,United Kingdom,Card
TX010357,20358,2026-11-14 10:46:49,Cash Withdrawal,142.41,Nigeria,Online
TX010358,20506,2026-03-04 06:12:28,Card Purchase,42.84,Nigeria,Card
TX010359,20573,2026-05-11 18:22:35,Card Purchase,29.5,United Kingdom,Online
TX010360,20638,2026-10-25 23:48:20,Deposit,113.56,United Kingdom,Card
TX010361,20649,2026-11-29 19:24:38,Card Purchase,73.37,Singapore,Card
TX010362,20368,2026-06-27 07:42:23,Bank Transfer,296.72,United Kingdom,Mobile
TX010363,20252,2026-08-10 17:05:42,Cash Withdrawal,364.5,United Kingdom,Online
TX010364,20441,2026-03-04 20:43:39,Card Purchase,22.93,Netherlands,Online
TX010365,20611,2026-05-28 00:19:02,Cash Withdrawal,100.78,Netherlands,Card
TX010366,20032,2026-01-30 00:31:10,Bank Transfer,24.93,United Kingdom,Online
TX010367,20132,2026-06-06 03:58:55,Deposit,135.69,United Kingdom,Card
TX010368,20382,2026-05-03 07:05:14,Card Purchase,113.12,United Kingdom,Mobile
TX010369,20026,2026-07-20 17:12:29,Bank Transfer,32.33,United Kingdom,Card
TX010370,20029,2026-02-23 06:59:50,Bank Transfer,36.34,United Kingdom,Card
TX010371,20082,2026-09-01 00:45:36,Card Purchase,347.26,United Kingdom,Mobile
TX010372,20367,2026-09-27 01:03:27,Direct Debit,202.48,United Kingdom,Online
TX010373,20401,2026-03-06 06:05:34,Card Purchase,529.92,Netherlands,Mobile
TX010374,20419,2026-05-22 05:22:41,Direct Debit,28.82,Netherlands,Branch
TX010375,20271,2026-08-31 10:31:28,Card Purchase,18.75,France,Mobile
TX010376,20643,2026-09-22 23:57:27,Card Purchase,60.29,United Kingdom,Mobile
TX010377,20017,2026-05-12 22:27:57,Bank Transfer,308.66,Germany,Card
TX010378,20177,2026-03-11 09:39:28,Bank Transfer,178.21,United Kingdom,ATM
TX010379,20446,2026-12-02 12:19:42,Bank Transfer,58.98,France,Branch
TX010380,20546,2026-10-04 19:12:53,Card Purchase,14.68,France,Online
TX010381,20018,2026-12-24 14:45:29,Direct Debit,71.03,UAE,Mobile
TX010382,20368,2026-09-10 00:46:14,Card Purchase,46.41,United Kingdom,Mobile
TX010383,20200,2026-07-19 09:01:06,Deposit,40.92,United Kingdom,ATM
TX010384,20541,2026-08-02 02:16:54,Card Purchase,72.32,United Kingdom,Mobile
TX010385,20631,2026-09-08 17:37:01,Direct Debit,120.14,United Kingdom,Mobile
TX010386,20554,2026-10-31 22:42:12,Card Purchase,201.26,Germany,Online
TX010387,20269,2026-01-14 19:11:13,Direct Debit,107.41,United Kingdom,Branch
TX010388,20453,2026-11-18 00:50:45,Card Purchase,152.77,United Kingdom,Card
TX010389,20473,2026-11-10 07:54:00,Deposit,145.52,United Kingdom,Online
TX010390,20671,2026-02-15 09:29:21,Bank Transfer,123.92,United Kingdom,Mobile
TX010391,20634,2026-09-10 00:59:46,Direct Debit,76.7,Ireland,ATM
TX010392,20592,2026-11-05 17:48:56,Card Purchase,95.69,United Kingdom,Online
TX010393,20161,2026-03-08 16:47:50,Direct Debit,79.71,United Kingdom,Online
TX010394,20571,2026-09-29 15:22:39,Card Purchase,146.0,United Kingdom,Mobile
TX010395,20085,2026-11-24 09:51:11,Cash Withdrawal,276.33,United Kingdom,Branch
TX010396,20585,2026-08-12 22:43:39,Cash Withdrawal,69.57,United States,Online
TX010397,20154,2026-11-03 21:09:09,Bank Transfer,81.84,Nigeria,Mobile
TX010398,20133,2026-10-09 21:28:24,Deposit,18.86,Nigeria,Card
TX010399,20239,2026-05-08 23:22:08,Card Purchase,82.3,Netherlands,ATM
TX010400,20485,2026-02-04 08:56:56,Card Purchase,20.21,Germany,Branch
TX010401,20371,2026-05-28 02:35:34,Card Purchase,38.78,United Kingdom,Card
TX010402,20081,2026-03-07 20:29:39,Cash Withdrawal,128.07,UAE,Mobile
TX010403,20529,2026-02-27 23:20:45,Card Purchase,79.65,United Kingdom,ATM
TX010404,20220,2026-08-07 12:46:45,Card Purchase,105.06,United Kingdom,Mobile
TX010405,20515,2026-07-09 18:50:38,Card Purchase,24.86,United Kingdom,Online
TX010406,20385,2026-05-10 03:42:53,Card Purchase,17.82,Nigeria,Card
TX010407,20383,2026-02-21 09:43:59,Bank Transfer,315.91,Singapore,Mobile
TX010408,20362,2026-09-11 22:00:55,Direct Debit,40.69,UAE,Mobile
TX010409,20131,2026-10-29 20:57:31,Cash Withdrawal,8.33,United Kingdom,Branch
TX010410,20598,2026-02-24 09:11:43,Bank Transfer,21.46,United Kingdom,Mobile
TX010411,20307,2026-08-22 16:58:48,Card Purchase,200.53,United Kingdom,Card
TX010412,20662,2026-11-25 10:00:31,Bank Transfer,44.58,United Kingdom,Mobile
TX010413,20203,2026-06-01 16:00:57,Card Purchase,152.23,Germany,ATM
TX010414,20098,2026-01-13 18:35:12,Card Purchase,25.38,United Kingdom,Online
TX010415,20101,2026-08-26 15:33:50,Card Purchase,219.35,United States,Mobile
TX010416,20599,2026-10-27 03:45:29,Cash Withdrawal,109.04,Ireland,Mobile
TX010417,20297,2026-08-17 23:03:04,Bank Transfer,125.44,Germany,Online
TX010418,20071,2026-06-01 09:03:42,Card Purchase,284.52,United Kingdom,Card
TX010419,20299,2026-05-05 03:27:37,Card Purchase,97.23,United Kingdom,Mobile
TX010420,20198,2026-09-24 04:00:04,Deposit,141.21,France,Online
TX010421,20344,2026-07-24 14:23:07,Bank Transfer,111.67,United Kingdom,Card
TX010422,20399,2026-07-13 16:38:19,Card Purchase,412.28,United Kingdom,Mobile
TX010423,20455,2026-04-25 10:16:23,Direct Debit,1015.64,United States,Online
TX010424,20085,2026-05-11 19:17:29,Card Purchase,33.37,United States,Mobile
TX010425,20637,2026-06-19 15:10:48,Card Purchase,19.69,United Kingdom,Online
TX010426,20245,2026-06-12 09:42:16,Bank Transfer,400.43,United Kingdom,Card
TX010427,20602,2026-02-21 20:49:10,Cash Withdrawal,71.26,Nigeria,Online
TX010428,20246,2026-08-27 22:25:24,Card Purchase,1087.77,United Kingdom,Online
TX010429,20096,2026-01-14 21:30:26,Card Purchase,107.64,United Kingdom,Card
TX010430,20597,2026-02-19 05:08:33,Direct Debit,118.29,United Kingdom,Mobile
TX010431,20552,2026-04-26 23:29:58,Card Purchase,83.3,Nigeria,Branch
TX010432,20014,2026-10-01 11:32:09,Card Purchase,12.14,United Kingdom,Mobile
TX010433,20347,2026-11-19 09:51:58,Bank Transfer,49.11,United Kingdom,Mobile
TX010434,20512,2026-02-08 17:09:36,Direct Debit,47.92,Germany,Mobile
TX010435,20218,2026-02-17 07:28:06,Card Purchase,58.09,United Kingdom,Mobile
TX010436,20648,2026-04-16 01:03:38,Deposit,177.64,Nigeria,Online
TX010437,20155,2026-11-09 22:39:59,Bank Transfer,847.87,United Kingdom,ATM
TX010438,20364,2026-12-24 18:57:10,Cash Withdrawal,256.28,United Kingdom,Mobile
TX010439,20548,2026-05-19 17:52:44,Bank Transfer,1049.81,United Kingdom,Mobile
TX010440,20416,2026-11-11 12:57:52,Card Purchase,355.73,United Kingdom,Online
TX010441,20265,2026-07-15 06:35:08,Bank Transfer,361.83,Nigeria,ATM
TX010442,20015,2026-05-15 12:06:53,Card Purchase,130.39,Netherlands,Branch
TX010443,20188,2026-03-31 17:09:22,Card Purchase,56.84,United Kingdom,ATM
TX010444,20565,2026-02-27 19:09:00,Card Purchase,227.27,United States,Mobile
TX010445,20617,2026-04-20 14:13:33,Card Purchase,931.9,Ireland,Card
TX010446,20349,2026-08-25 12:44:06,Card Purchase,224.98,United Kingdom,Online
TX010447,20348,2026-04-03 04:57:11,Card Purchase,45.6,Germany,ATM
TX010448,20187,2026-09-21 14:49:02,Bank Transfer,257.49,Singapore,Mobile
TX010449,20342,2026-12-06 11:57:04,Direct Debit,67.95,Germany,Online
TX010450,20468,2026-05-10 22:32:13,Card Purchase,56.63,Spain,Card
TX010451,20196,2026-12-27 10:44:40,Card Purchase,100.36,United Kingdom,Branch
TX010452,20554,2026-07-03 12:19:48,Bank Transfer,57.04,United Kingdom,Mobile
TX010453,20329,2026-01-31 14:28:56,Bank Transfer,24.46,Spain,Branch
TX010454,20260,2026-12-14 05:46:08,Card Purchase,429.97,United Kingdom,Card
TX010455,20309,2026-07-21 12:20:56,Bank Transfer,272.33,United States,Branch
TX010456,20446,2026-12-08 11:19:47,Card Purchase,71.43,Spain,Online
TX010457,20272,2026-10-01 23:25:20,Card Purchase,68.5,United Kingdom,Card
TX010458,20338,2026-05-06 18:30:13,Direct Debit,34.84,United States,Online
TX010459,20290,2026-08-25 03:08:21,Deposit,846.56,United States,Online
TX010460,20279,2026-05-29 23:37:16,Card Purchase,227.41,United Kingdom,Mobile
TX010461,20089,2026-12-17 23:32:24,Direct Debit,52.54,Germany,Online
TX010462,20627,2026-09-11 16:03:13,Card Purchase,128.18,Ireland,Online
TX010463,20256,2026-12-01 05:21:34,Card Purchase,349.3,United Kingdom,Mobile
TX010464,20507,2026-10-21 18:52:26,Cash Withdrawal,16.28,Ireland,Card
TX010465,20105,2026-05-20 17:18:30,Deposit,67.82,United Kingdom,Mobile
TX010466,20203,2026-03-25 00:05:56,Bank Transfer,11.22,United Kingdom,Card
TX010467,20647,2026-12-29 22:40:16,Cash Withdrawal,26.77,Ireland,Branch
TX010468,20237,2026-08-03 09:13:27,Card Purchase,58.36,United Kingdom,Branch
TX010469,20161,2026-10-16 23:05:45,Card Purchase,37.8,Germany,Mobile
TX010470,20184,2026-09-29 20:36:40,Card Purchase,184.09,United Kingdom,Branch
TX010471,20361,2026-04-02 04:54:49,Bank Transfer,188.28,France,Mobile
TX010472,20211,2026-01-01 16:58:07,Card Purchase,18.58,Spain,Online
TX010473,20130,2026-11-14 04:09:11,Cash Withdrawal,58.29,Ireland,Branch
TX010474,20073,2026-05-04 18:11:13,Deposit,180.52,United Kingdom,ATM
TX010475,20313,2026-10-17 17:19:03,Direct Debit,267.58,UAE,Online
TX010476,20249,2026-01-03 04:33:41,Bank Transfer,312.97,France,Online
TX010477,20338,2026-08-22 09:20:53,Card Purchase,134.54,United Kingdom,ATM
TX010478,20599,2026-07-21 07:37:56,Direct Debit,9.34,United States,Mobile
TX010479,20236,2026-06-22 19:48:40,Direct Debit,30.31,United States,Card
TX010480,20483,2026-07-21 12:04:20,Card Purchase,42.57,United Kingdom,Online
TX010481,20451,2026-09-04 04:32:45,Bank Transfer,363.22,Netherlands,Mobile
TX010482,20308,2026-01-14 19:08:56,Card Purchase,483.2,Nigeria,Mobile
TX010483,20199,2026-07-17 09:03:32,Deposit,15.02,United Kingdom,Mobile
TX010484,20620,2026-05-13 12:51:45,Cash Withdrawal,145.54,United Kingdom,Online
TX010485,20659,2026-03-08 19:57:26,Cash Withdrawal,112.01,Singapore,Online
TX010486,20136,2026-07-08 18:11:41,Cash Withdrawal,45.12,United Kingdom,Mobile
TX010487,20525,2026-01-01 22:58:50,Bank Transfer,33.1,United Kingdom,Mobile
TX010488,20517,2026-09-26 16:13:08,Bank Transfer,62.65,Singapore,Online
TX010489,20537,2026-08-05 15:58:34,Bank Transfer,266.26,Nigeria,Online
TX010490,20653,2026-08-18 09:05:00,Bank Transfer,101.68,United Kingdom,Mobile
TX010491,20311,2026-11-11 00:57:09,Deposit,75.39,Nigeria,ATM
TX010492,20540,2026-09-11 06:28:22,Card Purchase,10.3,United Kingdom,Card
TX010493,20557,2026-09-03 15:51:46,Card Purchase,88.47,United Kingdom,Online
TX010494,20364,2026-06-02 21:19:15,Cash Withdrawal,9.01,France,Mobile
TX010495,20566,2026-11-07 11:16:25,Cash Withdrawal,132.49,France,Mobile
TX010496,20218,2026-03-01 22:40:23,Card Purchase,25.04,United Kingdom,Card
TX010497,20207,2026-11-12 21:34:55,Deposit,42.13,United Kingdom,Online
TX010498,20268,2026-07-04 23:40:15,Card Purchase,120.77,France,Online
TX010499,20445,2026-04-28 05:05:38,Cash Withdrawal,344.43,United Kingdom,Mobile
TX010500,20090,2026-01-14 16:39:52,Cash Withdrawal,255.48,United Kingdom,Card
TX010501,20603,2026-09-09 13:22:58,Card Purchase,245.07,United Kingdom,Online
TX010502,20559,2026-09-04 13:24:51,Bank Transfer,104.4,Nigeria,Online
TX010503,20391,2026-12-30 17:46:55,Card Purchase,26.41,United Kingdom,Card
TX010504,20484,2026-12-27 10:42:57,Card Purchase,229.82,United Kingdom,Card
TX010505,20508,2026-10-06 04:25:28,Direct Debit,45.99,United Kingdom,Online
TX010506,20034,2026-06-14 00:06:31,Direct Debit,92.15,United States,Card
TX010507,20172,2026-05-25 00:09:13,Card Purchase,364.21,United Kingdom,Mobile
TX010508,20148,2026-03-06 02:03:28,Bank Transfer,906.16,United Kingdom,ATM
TX010509,20467,2026-05-08 13:50:20,Deposit,44.81,United Kingdom,ATM
TX010510,20201,2026-02-20 11:32:24,Cash Withdrawal,2.0,United Kingdom,Mobile
TX010511,20193,2026-07-20 01:22:58,Card Purchase,39.12,United Kingdom,Online
TX010512,20014,2026-12-14 17:21:13,Card Purchase,154.09,UAE,Card
TX010513,20644,2026-09-04 15:52:56,Card Purchase,18.33,Spain,Online
TX010514,20348,2026-12-01 07:38:17,Bank Transfer,73.01,United Kingdom,Card
TX010515,20515,2026-10-08 13:02:19,Card Purchase,370.47,United Kingdom,Mobile
TX010516,20113,2026-11-18 18:54:09,Card Purchase,181.61,Germany,Mobile
TX010517,20471,2026-04-14 15:52:17,Bank Transfer,47.87,UAE,Mobile
TX010518,20506,2026-09-29 08:10:37,Card Purchase,35.25,United Kingdom,Mobile
TX010519,20642,2026-10-18 12:13:10,Bank Transfer,99.06,Nigeria,ATM
TX010520,20021,2026-09-30 21:18:04,Card Purchase,60.94,United Kingdom,Mobile
TX010521,20016,2026-12-01 14:16:16,Cash Withdrawal,71.2,United Kingdom,Online
TX010522,20057,2026-10-05 01:29:30,Cash Withdrawal,148.94,Singapore,Online
TX010523,20579,2026-04-01 15:52:48,Bank Transfer,39.93,Singapore,Card
TX010524,20034,2026-10-18 21:30:52,Deposit,51.69,United Kingdom,Mobile
TX010525,20612,2026-02-06 18:15:14,Card Purchase,22.81,France,ATM
TX010526,20424,2026-12-23 05:06:53,Card Purchase,68.42,United Kingdom,Branch
TX010527,20107,2026-03-27 14:57:05,Card Purchase,207.6,United States,ATM
TX010528,20348,2026-08-27 11:47:28,Card Purchase,2.74,Spain,Online
TX010529,20170,2026-02-10 21:01:59,Cash Withdrawal,339.07,France,Mobile
TX010530,20054,2026-03-14 14:35:57,Cash Withdrawal,17.34,United Kingdom,Card
TX010531,20104,2026-11-20 01:58:40,Card Purchase,25.5,UAE,Mobile
TX010532,20622,2026-04-04 21:03:31,Card Purchase,22.36,UAE,Online
TX010533,20342,2026-08-31 08:30:46,Card Purchase,352.41,United Kingdom,Card
TX010534,20579,2026-07-18 17:22:30,Bank Transfer,39.19,United Kingdom,Online
TX010535,20562,2026-08-12 00:14:56,Card Purchase,25.92,United Kingdom,Online
TX010536,20429,2026-09-14 14:09:43,Cash Withdrawal,86.16,Nigeria,ATM
TX010537,20393,2026-12-16 11:36:37,Cash Withdrawal,135.42,Singapore,Card
TX010538,20505,2026-09-04 23:21:25,Bank Transfer,187.11,United Kingdom,Online
TX010539,20318,2026-02-18 16:00:13,Card Purchase,107.56,United Kingdom,Card
TX010540,20209,2026-04-23 16:25:26,Bank Transfer,112.06,Netherlands,Card
TX010541,20444,2026-09-06 08:15:09,Card Purchase,78.63,United Kingdom,Card
TX010542,20108,2026-10-12 14:49:46,Bank Transfer,323.28,Germany,Online
TX010543,20039,2026-09-23 11:26:28,Card Purchase,24.7,France,Online
TX010544,20350,2026-11-24 13:49:36,Card Purchase,30.42,Nigeria,Mobile
TX010545,20179,2026-07-28 11:40:08,Direct Debit,192.55,Netherlands,Online
TX010546,20509,2026-04-26 21:15:53,Card Purchase,45.26,UAE,Online
TX010547,20014,2026-09-07 21:52:47,Bank Transfer,481.09,United Kingdom,Branch
TX010548,20388,2026-04-20 02:14:19,Bank Transfer,122.57,Singapore,Online
TX010549,20354,2026-09-14 22:35:01,Bank Transfer,285.83,United Kingdom,Online
TX010550,20396,2026-11-16 19:06:39,Direct Debit,186.54,Ireland,Mobile
TX010551,20592,2026-09-28 03:05:39,Direct Debit,81.77,Spain,Mobile
TX010552,20654,2026-04-27 02:27:08,Card Purchase,1086.99,United Kingdom,Mobile
TX010553,20487,2026-11-12 11:21:48,Bank Transfer,112.16,United Kingdom,Online
TX010554,20118,2026-04-29 04:20:49,Cash Withdrawal,244.36,UAE,Card
TX010555,20153,2026-08-21 01:06:09,Card Purchase,25.12,United Kingdom,Card
TX010556,20086,2026-09-02 12:01:38,Deposit,226.69,United Kingdom,Online
TX010557,20231,2026-03-29 17:09:32,Direct Debit,114.47,United Kingdom,Online
TX010558,20304,2026-02-27 06:39:22,Direct Debit,298.5,United Kingdom,Mobile
TX010559,20237,2026-04-24 05:17:01,Card Purchase,24.59,France,Mobile
TX010560,20557,2026-11-06 00:52:26,Direct Debit,243.93,United States,Mobile
TX010561,20480,2026-11-03 10:32:58,Card Purchase,91.24,United Kingdom,ATM
TX010562,20246,2026-09-11 08:47:55,Card Purchase,58.46,United Kingdom,Online
TX010563,20477,2026-11-20 23:48:21,Cash Withdrawal,59.93,United Kingdom,Mobile
TX010564,20547,2026-05-23 13:15:26,Deposit,46.96,United Kingdom,Mobile
TX010565,20421,2026-02-08 18:19:04,Card Purchase,102.46,United Kingdom,Branch
TX010566,20469,2026-10-28 20:46:57,Card Purchase,15.96,United Kingdom,ATM
TX010567,20398,2026-04-07 06:31:31,Direct Debit,25.65,Netherlands,Online
TX010568,20386,2026-11-24 01:18:41,Cash Withdrawal,103.57,United Kingdom,ATM
TX010569,20458,2026-04-26 01:15:18,Direct Debit,33.29,United Kingdom,Online
TX010570,20202,2026-12-13 07:29:56,Card Purchase,56.17,United Kingdom,Card
TX010571,20188,2026-01-25 19:05:43,Direct Debit,89.4,Netherlands,Card
TX010572,20415,2026-07-17 14:28:54,Direct Debit,15.26,United Kingdom,Card
TX010573,20576,2026-09-18 07:25:41,Card Purchase,28.84,Nigeria,Online
TX010574,20085,2026-12-24 20:05:43,Card Purchase,27.28,Germany,Card
TX010575,20475,2026-02-24 12:28:30,Card Purchase,40.52,United Kingdom,Mobile
TX010576,20545,2026-10-10 15:25:38,Deposit,77.69,United Kingdom,Branch
TX010577,20603,2026-06-21 14:28:03,Direct Debit,25.91,France,Online
TX010578,20037,2026-04-04 09:50:24,Card Purchase,31.08,United Kingdom,Mobile
TX010579,20126,2026-12-04 00:14:21,Direct Debit,55.5,United Kingdom,Branch
TX010580,20589,2026-06-06 08:35:47,Bank Transfer,71.8,Nigeria,Branch
TX010581,20563,2026-08-18 20:21:53,Card Purchase,119.76,Germany,Card
TX010582,20425,2026-02-19 02:36:37,Bank Transfer,6.74,United Kingdom,ATM
TX010583,20013,2026-09-14 09:44:06,Card Purchase,268.71,United Kingdom,Card
TX010584,20149,2026-10-08 07:26:05,Deposit,437.08,Singapore,Online
TX010585,20282,2026-05-25 03:39:41,Bank Transfer,49.15,Spain,Card
TX010586,20076,2026-03-15 06:39:30,Bank Transfer,87.78,UAE,Card
TX010587,20163,2026-10-22 02:58:05,Card Purchase,127.35,Singapore,Online
TX010588,20635,2026-09-06 22:28:05,Card Purchase,121.91,United Kingdom,Mobile
TX010589,20221,2026-08-19 08:08:46,Bank Transfer,370.89,United Kingdom,Online
TX010590,20432,2026-09-27 11:21:09,Bank Transfer,312.58,United Kingdom,Mobile
TX010591,20670,2026-03-30 09:42:26,Direct Debit,151.38,Spain,Card
TX010592,20153,2026-03-20 00:20:48,Direct Debit,23.87,United Kingdom,Card
TX010593,20464,2026-05-02 17:47:59,Card Purchase,77.07,United Kingdom,Card
TX010594,20189,2026-04-22 13:08:47,Card Purchase,99.47,Netherlands,Card
TX010595,20375,2026-12-04 17:37:00,Card Purchase,210.15,United Kingdom,Mobile
TX010596,20591,2026-08-17 05:35:33,Card Purchase,242.13,Singapore,Card
TX010597,20323,2026-12-04 10:42:09,Direct Debit,72.88,United Kingdom,Online
TX010598,20531,2026-07-04 20:30:44,Card Purchase,173.36,Germany,Online
TX010599,20531,2026-10-16 00:26:42,Bank Transfer,129.5,United Kingdom,Card
TX010600,20407,2026-10-02 19:20:25,Deposit,14.1,United Kingdom,Card
TX010601,20641,2026-02-16 16:27:01,Direct Debit,70.83,United Kingdom,ATM
TX010602,20489,2026-05-09 21:15:55,Card Purchase,158.7,United States,Branch
TX010603,20544,2026-02-18 16:04:13,Direct Debit,184.92,United Kingdom,Card
TX010604,20066,2026-04-18 15:31:48,Bank Transfer,9.76,United Kingdom,Card
TX010605,20675,2026-05-08 15:00:43,Card Purchase,92.99,United Kingdom,Card
TX010606,20420,2026-07-08 17:25:48,Card Purchase,266.84,United Kingdom,Mobile
TX010607,20570,2026-02-21 00:10:35,Bank Transfer,46.09,France,Card
TX010608,20355,2026-12-21 15:54:07,Card Purchase,19.32,United Kingdom,Online
TX010609,20044,2026-11-05 11:35:33,Card Purchase,71.01,United Kingdom,Card
TX010610,20549,2026-08-30 05:52:22,Bank Transfer,85.52,United Kingdom,Card
TX010611,20030,2026-12-22 23:42:10,Card Purchase,270.69,United Kingdom,Mobile
TX010612,20480,2026-09-24 19:41:24,Cash Withdrawal,44.95,United Kingdom,Mobile
TX010613,20070,2026-01-24 17:30:19,Card Purchase,238.4,Spain,Mobile
TX010614,20526,2026-04-21 02:22:52,Card Purchase,150.38,United Kingdom,Online
TX010615,20259,2026-10-23 06:44:46,Card Purchase,32.64,United Kingdom,Mobile
TX010616,20065,2026-08-06 09:51:36,Direct Debit,102.62,France,Mobile
TX010617,20028,2026-05-01 00:53:14,Card Purchase,27.83,United Kingdom,Card
TX010618,20006,2026-09-14 15:08:56,Card Purchase,278.14,United Kingdom,Online
TX010619,20029,2026-11-11 16:24:00,Card Purchase,301.44,United Kingdom,Mobile
TX010620,20141,2026-10-18 05:20:15,Bank Transfer,19.14,United Kingdom,Card
TX010621,20123,2026-03-09 14:37:21,Deposit,42.94,United Kingdom,Online
TX010622,20058,2026-12-26 03:14:38,Card Purchase,178.46,United Kingdom,Branch
TX010623,20228,2026-07-03 20:31:59,Bank Transfer,37.66,United Kingdom,ATM
TX010624,20394,2026-10-29 04:07:29,Card Purchase,153.12,Netherlands,Mobile
TX010625,20510,2026-06-17 09:31:58,Card Purchase,42.43,United Kingdom,Branch
TX010626,20163,2026-12-23 17:37:09,Cash Withdrawal,1031.57,United Kingdom,ATM
TX010627,20239,2026-05-07 23:18:18,Deposit,257.88,France,Online
TX010628,20450,2026-06-23 18:18:08,Direct Debit,48.02,United Kingdom,Branch
TX010629,20336,2026-05-03 20:02:59,Direct Debit,76.51,United Kingdom,Mobile
TX010630,20672,2026-01-07 02:26:01,Cash Withdrawal,45.69,United Kingdom,Mobile
TX010631,20534,2026-05-26 07:35:54,Card Purchase,91.17,France,Online
TX010632,20379,2026-03-08 18:32:21,Direct Debit,467.59,United Kingdom,Online
TX010633,20380,2026-05-26 15:41:14,Direct Debit,83.11,United Kingdom,Card
TX010634,20501,2026-05-02 08:13:35,Card Purchase,159.62,United Kingdom,Online
TX010635,20477,2026-02-07 01:12:55,Card Purchase,17.36,United Kingdom,Card
TX010636,20225,2026-09-14 09:46:24,Cash Withdrawal,130.71,France,Mobile
TX010637,20596,2026-11-10 21:38:04,Bank Transfer,497.35,United Kingdom,Card
TX010638,20379,2026-11-27 14:22:02,Bank Transfer,413.5,United Kingdom,ATM
TX010639,20425,2026-05-07 09:14:58,Bank Transfer,160.24,United Kingdom,Mobile
TX010640,20405,2026-02-22 22:57:12,Bank Transfer,140.41,France,Card
TX010641,20391,2026-04-02 14:15:30,Card Purchase,16.79,United Kingdom,Mobile
TX010642,20572,2026-03-20 14:35:12,Bank Transfer,96.51,Singapore,Card
TX010643,20146,2026-09-24 01:20:22,Direct Debit,34.35,Germany,Card
TX010644,20419,2026-08-10 18:14:56,Deposit,165.35,United Kingdom,Mobile
TX010645,20019,2026-02-18 23:53:59,Card Purchase,10.72,United Kingdom,Online
TX010646,20610,2026-11-06 13:53:03,Cash Withdrawal,183.0,United Kingdom,Mobile
TX010647,20454,2026-10-29 23:55:57,Direct Debit,96.99,Nigeria,Branch
TX010648,20032,2026-05-16 00:51:13,Card Purchase,34.7,Nigeria,Online
TX010649,20347,2026-05-11 23:54:10,Bank Transfer,47.9,UAE,Mobile
TX010650,20042,2026-05-01 05:40:25,Card Purchase,36.21,Spain,Online
TX010651,20623,2026-11-22 11:00:23,Direct Debit,141.49,United Kingdom,Branch
TX010652,20388,2026-04-25 13:25:41,Deposit,138.75,Germany,Mobile
TX010653,20042,2026-01-01 13:35:58,Card Purchase,62.85,Spain,ATM
TX010654,20540,2026-09-24 21:18:16,Card Purchase,53.78,United Kingdom,Branch
TX010655,20470,2026-02-03 14:11:14,Card Purchase,166.85,United Kingdom,Online
TX010656,20220,2026-01-10 05:20:42,Card Purchase,77.28,United States,Online
TX010657,20230,2026-10-12 11:31:42,Card Purchase,58.54,United Kingdom,Mobile
TX010658,20242,2026-06-16 05:01:30,Direct Debit,146.38,United Kingdom,Card
TX010659,20454,2026-12-29 11:07:01,Cash Withdrawal,124.87,United States,Mobile
TX010660,20674,2026-11-21 03:04:50,Card Purchase,394.56,France,Online
TX010661,20456,2026-05-03 21:41:02,Deposit,136.53,United Kingdom,Online
TX010662,20088,2026-01-15 09:34:17,Bank Transfer,217.23,United Kingdom,Mobile
TX010663,20625,2026-08-29 04:01:01,Card Purchase,31.6,United Kingdom,Mobile
TX010664,20566,2026-11-14 21:45:39,Direct Debit,62.2,United States,Card
TX010665,20649,2026-03-25 09:02:13,Deposit,536.72,United Kingdom,Online
TX010666,20318,2026-10-14 17:15:42,Direct Debit,56.4,United Kingdom,Mobile
TX010667,20230,2026-12-22 19:18:34,Cash Withdrawal,84.14,United Kingdom,Online
TX010668,20257,2026-07-22 16:43:49,Deposit,50.0,United Kingdom,Branch
TX010669,20604,2026-05-16 22:47:26,Bank Transfer,139.55,United Kingdom,Online
TX010670,20138,2026-10-03 10:28:30,Deposit,265.72,Netherlands,Card
TX010671,20166,2026-01-27 03:49:15,Card Purchase,10.96,United Kingdom,Card
TX010672,20504,2026-12-08 19:06:08,Direct Debit,136.58,United Kingdom,Card
TX010673,20414,2026-01-12 12:00:25,Direct Debit,34.01,United Kingdom,Mobile
TX010674,20172,2026-05-24 14:18:15,Card Purchase,358.52,United Kingdom,Card
TX010675,20553,2026-01-18 04:30:38,Card Purchase,45.78,United States,Mobile
TX010676,20644,2026-06-20 17:45:29,Card Purchase,251.45,United Kingdom,Mobile
TX010677,20002,2026-07-16 12:15:15,Card Purchase,131.77,United Kingdom,Branch
TX010678,20292,2026-03-15 04:51:13,Bank Transfer,55.66,United Kingdom,Online
TX010679,20206,2026-02-25 08:47:03,Card Purchase,25.43,United Kingdom,Online
TX010680,20334,2026-12-15 17:30:58,Card Purchase,129.12,United States,Card
TX010681,20054,2026-11-21 01:05:19,Bank Transfer,14229.88,United Kingdom,Mobile
TX010682,20630,2026-06-05 17:04:33,Direct Debit,5.52,Ireland,ATM
TX010683,20192,2026-12-14 20:41:25,Card Purchase,16.51,United Kingdom,Online
TX010684,20102,2026-12-02 12:49:02,Card Purchase,51.47,United Kingdom,Card
TX010685,20591,2026-03-07 16:04:13,Deposit,39.45,United Kingdom,Online
TX010686,20204,2026-05-27 08:00:27,Cash Withdrawal,32.73,United States,Mobile
TX010687,20157,2026-03-03 23:41:41,Card Purchase,66.1,Ireland,ATM
TX010688,20008,2026-05-20 10:04:34,Deposit,116.26,Netherlands,Online
TX010689,20400,2026-09-14 05:36:28,Card Purchase,115.21,United Kingdom,Online
TX010690,20156,2026-09-19 17:40:38,Cash Withdrawal,27.29,United Kingdom,Branch
TX010691,20570,2026-11-26 03:54:54,Bank Transfer,99.45,Netherlands,Online
TX010692,20509,2026-01-12 03:55:56,Bank Transfer,148.21,United States,Card
TX010693,20600,2026-06-17 09:18:58,Cash Withdrawal,21.45,Spain,Mobile
TX010694,20240,2026-04-16 14:02:43,Bank Transfer,123.69,United Kingdom,Card
TX010695,20628,2026-11-21 20:03:30,Deposit,66.0,United Kingdom,Online
TX010696,20315,2026-12-22 16:04:06,Bank Transfer,23.0,Singapore,Mobile
TX010697,20123,2026-03-25 13:14:36,Direct Debit,46.41,UAE,Card
TX010698,20294,2026-08-18 08:18:51,Cash Withdrawal,91.38,Germany,ATM
TX010699,20016,2026-08-06 03:15:46,Card Purchase,32.44,United Kingdom,Online
TX010700,20551,2026-02-13 05:20:18,Bank Transfer,37.34,United Kingdom,Card
TX010701,20442,2026-07-13 06:46:39,Card Purchase,141.3,United Kingdom,Card
TX010702,20230,2026-11-21 07:06:32,Card Purchase,30.05,United Kingdom,Mobile
TX010703,20455,2026-03-15 01:38:01,Card Purchase,41.72,Netherlands,Branch
TX010704,20616,2026-03-09 14:02:53,Cash Withdrawal,127.29,Spain,Branch
TX010705,20461,2026-05-04 00:10:48,Card Purchase,744.4,France,Online
TX010706,20110,2026-11-21 23:29:48,Bank Transfer,187.8,UAE,Online
TX010707,20548,2026-02-28 05:15:28,Deposit,110.55,United Kingdom,ATM
TX010708,20132,2026-04-17 12:06:25,Card Purchase,330.22,United Kingdom,Mobile
TX010709,20344,2026-06-11 12:09:10,Bank Transfer,166.68,Ireland,Branch
TX010710,20418,2026-10-29 11:50:04,Card Purchase,352.16,United Kingdom,ATM
TX010711,20054,2026-11-26 15:49:27,Card Purchase,493.66,United Kingdom,Online
TX010712,20045,2026-11-01 05:29:44,Card Purchase,7.22,United Kingdom,Online
TX010713,20556,2026-06-18 18:38:43,Direct Debit,13287.95,France,Card
TX010714,20558,2026-04-04 14:34:39,Bank Transfer,30.39,United Kingdom,Card
TX010715,20338,2026-08-20 15:08:42,Card Purchase,976.88,Germany,Mobile
TX010716,20275,2026-05-05 17:34:51,Card Purchase,11.4,United States,Mobile
TX010717,20524,2026-08-15 00:48:04,Deposit,52.27,Ireland,Mobile
TX010718,20532,2026-12-07 23:22:53,Bank Transfer,72.56,United Kingdom,Mobile
TX010719,20079,2026-06-15 01:54:04,Card Purchase,146.93,United Kingdom,Mobile
TX010720,20586,2026-07-10 17:11:39,Card Purchase,763.07,United Kingdom,Online
TX010721,20234,2026-10-08 18:04:08,Bank Transfer,50.4,Spain,Online
TX010722,20352,2026-01-25 04:36:14,Card Purchase,193.37,United Kingdom,Mobile
TX010723,20133,2026-07-23 06:11:10,Deposit,37.64,United Kingdom,Card
TX010724,20390,2026-09-15 07:14:54,Card Purchase,30.48,Nigeria,Card
TX010725,20546,2026-09-13 20:04:04,Card Purchase,374.64,United Kingdom,Mobile
TX010726,20280,2026-07-08 18:21:38,Direct Debit,50.99,France,Online
TX010727,20038,2026-04-28 11:33:37,Card Purchase,160.62,Singapore,Online
TX010728,20191,2026-08-26 00:26:12,Direct Debit,154.86,United Kingdom,Card
TX010729,20292,2026-10-16 16:54:41,Card Purchase,16.85,United Kingdom,Online
TX010730,20066,2026-06-09 21:48:35,Card Purchase,938.14,United Kingdom,Mobile
TX010731,20534,2026-06-02 19:31:44,Bank Transfer,131.83,United Kingdom,Card
TX010732,20031,2026-02-24 20:52:15,Bank Transfer,108.96,United Kingdom,Branch
TX010733,20502,2026-11-05 22:50:50,Card Purchase,121.99,United Kingdom,Branch
TX010734,20207,2026-03-17 20:38:38,Card Purchase,1432.67,United Kingdom,Card
TX010735,20075,2026-01-22 20:35:25,Direct Debit,120.13,United Kingdom,Mobile
TX010736,20262,2026-05-18 04:36:15,Bank Transfer,135.0,Spain,Mobile
TX010737,20144,2026-08-20 16:29:11,Card Purchase,50.29,France,Online
TX010738,20559,2026-06-11 11:33:05,Bank Transfer,30.97,Ireland,Mobile
TX010739,20423,2026-09-03 19:23:37,Card Purchase,35.26,Singapore,Branch
TX010740,20127,2026-01-10 19:50:34,Deposit,14.53,Germany,Mobile
TX010741,20467,2026-04-06 09:31:37,Card Purchase,142.89,Ireland,Card
TX010742,20001,2026-08-10 20:08:42,Bank Transfer,138.43,Spain,Card
TX010743,20158,2026-05-15 22:25:12,Cash Withdrawal,23.18,Germany,Branch
TX010744,20352,2026-06-25 10:11:08,Bank Transfer,29.82,Netherlands,Online
TX010745,20259,2026-03-21 20:09:43,Deposit,80.6,United Kingdom,Online
TX010746,20611,2026-06-30 18:36:30,Bank Transfer,109.64,United Kingdom,Mobile
TX010747,20427,2026-09-03 08:20:25,Direct Debit,253.5,Singapore,Branch
TX010748,20090,2026-02-03 13:38:25,Direct Debit,98.56,United Kingdom,Branch
TX010749,20009,2026-08-15 10:13:04,Bank Transfer,69.86,Spain,Card
TX010750,20368,2026-06-21 15:59:08,Card Purchase,96.66,United Kingdom,Card
TX010751,20457,2026-05-09 16:03:24,Bank Transfer,33.77,United Kingdom,Card
TX010752,20056,2026-02-18 05:17:03,Direct Debit,56.08,United Kingdom,Card
TX010753,20280,2026-03-04 10:34:05,Card Purchase,256.31,Netherlands,Card
TX010754,20334,2026-02-01 05:21:28,Direct Debit,31.4,United Kingdom,Online
TX010755,20031,2026-03-12 16:09:51,Bank Transfer,198.38,United Kingdom,Card
TX010756,20533,2026-07-15 04:07:46,Card Purchase,112.2,United Kingdom,Card
TX010757,20299,2026-05-12 18:40:57,Bank Transfer,28.8,Germany,Mobile
TX010758,20409,2026-07-19 04:57:39,Card Purchase,231.27,United Kingdom,Mobile
TX010759,20446,2026-09-01 04:20:42,Card Purchase,306.07,UAE,ATM
TX010760,20427,2026-02-24 03:16:06,Bank Transfer,80.19,Singapore,Card
TX010761,20120,2026-11-30 23:33:51,Bank Transfer,101.81,Ireland,Card
TX010762,20168,2026-09-21 09:57:58,Direct Debit,799.76,United Kingdom,Branch
TX010763,20076,2026-08-03 11:32:00,Card Purchase,117.58,United Kingdom,ATM
TX010764,20077,2026-06-08 04:01:23,Deposit,15.7,United Kingdom,ATM
TX010765,20601,2026-02-19 07:40:03,Card Purchase,37.2,France,ATM
TX010766,20422,2026-12-13 07:09:41,Bank Transfer,18.0,United Kingdom,Mobile
TX010767,20597,2026-12-05 16:27:07,Card Purchase,55.28,Singapore,Mobile
TX010768,20343,2026-04-13 03:48:09,Card Purchase,53.16,United Kingdom,Card
TX010769,20040,2026-04-24 12:50:34,Direct Debit,181.25,United Kingdom,Mobile
TX010770,20383,2026-05-20 15:34:00,Cash Withdrawal,137.65,United States,Mobile
TX010771,20021,2026-08-03 19:29:37,Bank Transfer,64.53,United Kingdom,Branch
TX010772,20344,2026-11-29 15:47:49,Bank Transfer,23.7,United Kingdom,Mobile
TX010773,20089,2026-11-08 14:30:16,Card Purchase,187.04,United Kingdom,Card
TX010774,20023,2026-12-05 15:00:14,Card Purchase,11.98,Germany,Card
TX010775,20175,2026-08-09 14:41:56,Cash Withdrawal,172.5,United Kingdom,Mobile
TX010776,20144,2026-04-01 19:37:23,Card Purchase,162.31,United Kingdom,ATM
TX010777,20624,2026-10-30 08:26:05,Card Purchase,97.61,United Kingdom,Online
TX010778,20564,2026-04-09 05:03:48,Card Purchase,201.72,United Kingdom,Mobile
TX010779,20504,2026-10-27 04:30:04,Cash Withdrawal,94.88,Spain,Mobile
TX010780,20163,2026-04-26 16:02:42,Deposit,24.48,United Kingdom,Mobile
TX010781,20184,2026-12-29 11:24:14,Card Purchase,12.81,United States,Branch
TX010782,20183,2026-06-25 00:14:28,Direct Debit,66.2,Nigeria,Online
TX010783,20182,2026-03-10 15:44:37,Cash Withdrawal,131.82,United Kingdom,Card
TX010784,20116,2026-04-24 10:58:41,Card Purchase,83.94,France,Online
TX010785,20575,2026-02-22 03:38:43,Bank Transfer,67.85,Ireland,ATM
TX010786,20097,2026-08-09 10:25:56,Card Purchase,75.24,United Kingdom,Online
TX010787,20057,2026-09-21 17:38:26,Direct Debit,7497.4,United Kingdom,Online
TX010788,20349,2026-09-15 01:38:00,Direct Debit,141.36,Germany,Online
TX010789,20474,2026-09-29 10:22:17,Bank Transfer,207.73,Spain,Mobile
TX010790,20640,2026-04-02 00:17:52,Card Purchase,27.59,Nigeria,Mobile
TX010791,20538,2026-11-20 06:57:09,Card Purchase,4.93,United States,Mobile
TX010792,20224,2026-10-03 23:20:49,Card Purchase,257.17,United Kingdom,Mobile
TX010793,20127,2026-02-11 16:45:46,Card Purchase,190.33,UAE,Card
TX010794,20501,2026-11-06 02:07:58,Bank Transfer,227.29,Nigeria,Mobile
TX010795,20104,2026-10-23 08:50:33,Card Purchase,440.76,United States,Branch
TX010796,20392,2026-10-26 09:21:01,Direct Debit,38.41,United Kingdom,Mobile
TX010797,20449,2026-10-20 23:08:15,Card Purchase,491.41,United Kingdom,Mobile
TX010798,20163,2026-12-12 10:31:23,Card Purchase,48.24,United Kingdom,Mobile
TX010799,20071,2026-11-25 05:55:10,Card Purchase,593.78,United Kingdom,Mobile
TX010800,20585,2026-04-07 18:12:43,Direct Debit,284.74,United States,Online
TX010801,20359,2026-03-12 13:21:03,Card Purchase,16.92,Netherlands,Online
TX010802,20649,2026-06-11 13:06:47,Card Purchase,118.61,United Kingdom,Mobile
TX010803,20506,2026-09-23 21:30:33,Card Purchase,89.94,Netherlands,Card
TX010804,20527,2026-01-27 17:00:10,Card Purchase,572.03,United Kingdom,Online
TX010805,20494,2026-01-06 08:47:56,Bank Transfer,77.3,United Kingdom,Card
TX010806,20659,2026-06-29 20:52:09,Card Purchase,118.82,France,Card
TX010807,20284,2026-03-16 12:48:47,Card Purchase,50.0,Ireland,Mobile
TX010808,20289,2026-03-26 06:46:28,Bank Transfer,34.34,United Kingdom,Card
TX010809,20666,2026-06-03 15:01:27,Bank Transfer,149.1,United Kingdom,Mobile
TX010810,20113,2026-07-12 16:53:32,Bank Transfer,472.86,United Kingdom,Card
TX010811,20322,2026-02-28 22:19:00,Cash Withdrawal,223.93,United Kingdom,Mobile
TX010812,20265,2026-03-18 04:19:20,Card Purchase,114.43,Netherlands,Online
TX010813,20554,2026-03-16 13:37:17,Card Purchase,295.55,United Kingdom,Online
TX010814,20178,2026-01-02 08:53:56,Card Purchase,144.65,United Kingdom,Mobile
TX010815,20618,2026-12-20 14:23:22,Cash Withdrawal,122.06,United Kingdom,Mobile
TX010816,20316,2026-07-30 02:19:06,Card Purchase,132.59,United Kingdom,Card
TX010817,20349,2026-05-30 02:24:18,Card Purchase,106.54,United Kingdom,Mobile
TX010818,20432,2026-11-05 08:07:17,Direct Debit,172.88,United Kingdom,Mobile
TX010819,20208,2026-04-06 01:08:31,Card Purchase,286.33,United Kingdom,Branch
TX010820,20500,2026-02-23 14:35:19,Card Purchase,49.28,United Kingdom,Mobile
TX010821,20217,2026-03-30 20:37:03,Direct Debit,174.63,UAE,Mobile
TX010822,20240,2026-12-05 16:14:59,Direct Debit,40.12,United Kingdom,Online
TX010823,20643,2026-12-16 18:52:55,Card Purchase,32.32,United Kingdom,Mobile
TX010824,20114,2026-04-14 15:11:59,Cash Withdrawal,123.61,Ireland,Mobile
TX010825,20435,2026-07-01 23:27:31,Direct Debit,35.42,United Kingdom,Mobile
TX010826,20016,2026-08-28 15:48:48,Deposit,28.72,UAE,Online
TX010827,20152,2026-12-26 17:47:50,Bank Transfer,69.73,United Kingdom,Online
TX010828,20384,2026-02-08 20:05:57,Deposit,101.2,United Kingdom,Mobile
TX010829,20055,2026-01-22 11:56:17,Direct Debit,177.11,Netherlands,Card
TX010830,20144,2026-09-02 09:36:49,Card Purchase,129.79,United Kingdom,Mobile
TX010831,20016,2026-12-20 02:36:41,Card Purchase,125.5,United States,ATM
TX010832,20043,2026-01-23 08:44:28,Card Purchase,106.49,United Kingdom,Mobile
TX010833,20387,2026-04-14 02:17:17,Bank Transfer,54.92,United Kingdom,Mobile
TX010834,20380,2026-11-18 10:29:09,Cash Withdrawal,41.3,United Kingdom,Card
TX010835,20453,2026-08-21 00:05:36,Bank Transfer,28.63,United Kingdom,Card
TX010836,20097,2026-05-29 21:53:43,Card Purchase,87.95,France,Online
TX010837,20071,2026-11-02 16:56:18,Direct Debit,458.22,Ireland,Online
TX010838,20162,2026-03-18 07:07:09,Bank Transfer,54.23,United Kingdom,Online
TX010839,20006,2026-08-29 20:16:06,Card Purchase,66.07,United Kingdom,Mobile
TX010840,20024,2026-12-29 09:51:38,Card Purchase,9.15,United Kingdom,Mobile
TX010841,20611,2026-02-21 00:43:38,Deposit,120.47,Germany,Online
TX010842,20421,2026-07-29 14:21:53,Direct Debit,40.98,United Kingdom,Mobile
TX010843,20026,2026-03-26 17:08:11,Direct Debit,40.06,United Kingdom,Mobile
TX010844,20628,2026-04-08 00:03:05,Card Purchase,12.64,Singapore,Online
TX010845,20639,2026-03-21 06:59:36,Card Purchase,144.53,United Kingdom,ATM
TX010846,20028,2026-05-17 19:19:49,Deposit,172.62,Germany,Mobile
TX010847,20195,2026-01-31 04:47:01,Card Purchase,52.37,Nigeria,Card
TX010848,20283,2026-07-09 06:36:46,Card Purchase,144.57,United Kingdom,Card
TX010849,20222,2026-12-03 01:17:42,Deposit,36.89,France,Card
TX010850,20130,2026-09-01 09:06:03,Bank Transfer,28.23,Ireland,Online
TX010851,20669,2026-02-07 01:12:22,Direct Debit,16.46,United Kingdom,Card
TX010852,20616,2026-12-14 11:01:16,Bank Transfer,164.29,United States,ATM
TX010853,20327,2026-01-22 06:48:05,Bank Transfer,55.98,United Kingdom,Mobile
TX010854,20302,2026-11-25 07:44:12,Direct Debit,297.49,United Kingdom,ATM
TX010855,20457,2026-03-29 21:04:20,Card Purchase,140.9,Singapore,Card
TX010856,20171,2026-03-30 16:16:43,Bank Transfer,82.93,UAE,Card
TX010857,20617,2026-09-15 16:14:13,Card Purchase,234.12,United Kingdom,Online
TX010858,20106,2026-03-31 08:53:14,Bank Transfer,157.91,United Kingdom,Branch
TX010859,20061,2026-01-09 07:46:07,Direct Debit,384.19,United Kingdom,Online
TX010860,20057,2026-07-30 17:29:40,Card Purchase,91.92,United Kingdom,Mobile
TX010861,20388,2026-07-04 23:58:43,Card Purchase,45.95,United Kingdom,Mobile
TX010862,20013,2026-02-11 12:20:44,Cash Withdrawal,16472.11,Germany,Card
TX010863,20367,2026-11-03 22:52:17,Card Purchase,54.84,Netherlands,Mobile
TX010864,20174,2026-11-17 14:29:17,Direct Debit,286.94,United Kingdom,Online
TX010865,20071,2026-12-13 01:44:52,Card Purchase,75.4,United Kingdom,Mobile
TX010866,20501,2026-11-24 11:07:00,Deposit,278.91,United Kingdom,Card
TX010867,20352,2026-03-26 06:14:01,Card Purchase,123.18,United Kingdom,Card
TX010868,20172,2026-04-03 06:43:59,Card Purchase,7.43,United Kingdom,Branch
TX010869,20031,2026-05-04 03:07:05,Card Purchase,61.66,United Kingdom,Online
TX010870,20217,2026-01-16 22:12:13,Bank Transfer,84.61,United Kingdom,Online
TX010871,20156,2026-08-02 19:35:15,Card Purchase,10.16,United Kingdom,Mobile
TX010872,20012,2026-01-11 13:18:36,Cash Withdrawal,120.72,Ireland,Card
TX010873,20443,2026-04-09 07:33:12,Cash Withdrawal,324.08,United Kingdom,Mobile
TX010874,20634,2026-02-26 00:27:56,Deposit,19.43,United Kingdom,Card
TX010875,20076,2026-03-16 03:14:55,Card Purchase,131.89,United Kingdom,Online
TX010876,20141,2026-01-06 18:09:14,Cash Withdrawal,98.53,Singapore,ATM
TX010877,20239,2026-09-02 09:00:20,Card Purchase,49.61,Ireland,Mobile
TX010878,20590,2026-04-27 00:44:58,Bank Transfer,5.18,United Kingdom,Branch
TX010879,20470,2026-11-24 20:14:16,Bank Transfer,48.32,United Kingdom,Card
TX010880,20643,2026-06-01 23:42:48,Card Purchase,93.75,United Kingdom,Online
TX010881,20389,2026-11-12 00:45:52,Bank Transfer,530.75,United Kingdom,Online
TX010882,20192,2026-02-15 03:39:50,Card Purchase,19.54,United Kingdom,Card
TX010883,20220,2026-04-15 13:00:11,Deposit,485.22,France,Card
TX010884,20325,2026-08-07 00:58:53,Card Purchase,12.55,Germany,ATM
TX010885,20141,2026-11-13 14:41:37,Bank Transfer,111.72,United Kingdom,Mobile
TX010886,20218,2026-02-22 10:49:53,Card Purchase,37.46,United Kingdom,Online
TX010887,20135,2026-06-08 19:05:09,Direct Debit,15.58,United Kingdom,Mobile
TX010888,20554,2026-07-11 09:58:45,Card Purchase,125.1,United Kingdom,Card
TX010889,20414,2026-06-04 07:06:37,Card Purchase,178.06,United Kingdom,Card
TX010890,20156,2026-10-17 04:57:52,Deposit,407.28,United Kingdom,Online
TX010891,20106,2026-07-23 12:50:18,Direct Debit,53.01,United Kingdom,Online
TX010892,20096,2026-09-07 20:54:08,Direct Debit,83.21,United Kingdom,Card
TX010893,20530,2026-04-23 00:02:13,Bank Transfer,109.25,United Kingdom,Mobile
TX010894,20390,2026-10-05 01:10:38,Direct Debit,131.89,Netherlands,Branch
TX010895,20600,2026-08-06 18:52:34,Card Purchase,43.24,United States,Card
TX010896,20392,2026-07-27 04:45:56,Card Purchase,52.1,UAE,Card
TX010897,20130,2026-09-02 03:01:55,Direct Debit,55.17,United Kingdom,ATM
TX010898,20233,2026-08-10 15:57:19,Bank Transfer,102.57,United States,Online
TX010899,20278,2026-07-25 21:10:33,Direct Debit,38.02,Singapore,Card
TX010900,20421,2026-12-07 15:39:53,Bank Transfer,225.55,United Kingdom,Card
TX010901,20247,2026-05-26 13:48:11,Card Purchase,182.07,UAE,Card
TX010902,20033,2026-10-08 18:45:10,Bank Transfer,40.56,United Kingdom,Card
TX010903,20115,2026-11-27 21:37:16,Card Purchase,45.62,United Kingdom,ATM
TX010904,20569,2026-10-04 19:53:51,Bank Transfer,135.08,United Kingdom,ATM
TX010905,20486,2026-03-24 20:14:37,Card Purchase,105.29,United States,Mobile
TX010906,20127,2026-08-06 10:21:50,Direct Debit,119.28,Nigeria,Mobile
TX010907,20385,2026-12-28 21:26:05,Deposit,85.43,United Kingdom,Mobile
TX010908,20215,2026-06-21 02:29:55,Bank Transfer,157.78,United Kingdom,Online
TX010909,20438,2026-12-18 10:35:07,Card Purchase,51.84,United Kingdom,Mobile
TX010910,20273,2026-08-26 11:27:16,Card Purchase,401.61,United Kingdom,Mobile
TX010911,20144,2026-03-16 14:57:49,Bank Transfer,72.94,United Kingdom,Mobile
TX010912,20286,2026-06-08 01:16:29,Bank Transfer,69.68,United Kingdom,Mobile
TX010913,20129,2026-04-19 06:00:28,Card Purchase,49.04,United Kingdom,Mobile
TX010914,20580,2026-07-07 23:20:18,Card Purchase,27.13,United Kingdom,Mobile
TX010915,20428,2026-04-28 12:40:05,Card Purchase,72.91,United Kingdom,Online
TX010916,20046,2026-07-17 02:47:52,Card Purchase,48.52,United Kingdom,Card
TX010917,20132,2026-10-24 13:56:04,Card Purchase,74.65,Singapore,Card
TX010918,20192,2026-07-24 22:55:30,Bank Transfer,106.17,United Kingdom,Card
TX010919,20168,2026-05-28 16:12:40,Card Purchase,61.52,Ireland,Mobile
TX010920,20448,2026-11-29 12:44:34,Deposit,242.08,United Kingdom,Online
TX010921,20219,2026-03-23 17:41:49,Deposit,24.97,Nigeria,Card
TX010922,20424,2026-05-21 16:05:41,Card Purchase,29.09,United Kingdom,Mobile
TX010923,20195,2026-08-10 01:56:29,Bank Transfer,193.74,United Kingdom,Online
TX010924,20134,2026-05-23 07:30:03,Card Purchase,147.25,France,Card
TX010925,20036,2026-01-21 12:28:49,Direct Debit,27.62,United Kingdom,ATM
TX010926,20107,2026-10-08 12:13:04,Card Purchase,30.07,United Kingdom,Online
TX010927,20513,2026-07-16 06:19:32,Card Purchase,140.36,United Kingdom,ATM
TX010928,20596,2026-12-10 15:47:59,Direct Debit,152.44,Netherlands,Mobile
TX010929,20472,2026-04-05 06:45:27,Bank Transfer,165.37,Nigeria,Mobile
TX010930,20523,2026-03-24 20:34:43,Deposit,44.45,Germany,Mobile
TX010931,20007,2026-05-11 19:13:31,Bank Transfer,211.14,Netherlands,Online
TX010932,20293,2026-10-10 23:54:43,Direct Debit,43.67,Ireland,Card
TX010933,20023,2026-05-03 20:20:29,Direct Debit,55.17,United Kingdom,Mobile
TX010934,20289,2026-09-29 16:08:17,Card Purchase,38.8,United Kingdom,Online
TX010935,20001,2026-11-06 23:52:07,Bank Transfer,103.35,United Kingdom,Branch
TX010936,20602,2026-01-18 02:37:41,Bank Transfer,33.45,United Kingdom,Online
TX010937,20131,2026-12-30 09:25:03,Card Purchase,153.16,Singapore,Online
TX010938,20242,2026-05-27 01:40:50,Card Purchase,21.69,United Kingdom,Card
TX010939,20266,2026-05-17 18:33:04,Cash Withdrawal,64.22,United Kingdom,Mobile
TX010940,20573,2026-06-19 10:16:21,Cash Withdrawal,21.61,United Kingdom,Mobile
TX010941,20472,2026-03-28 19:24:55,Deposit,4.06,United Kingdom,Online
TX010942,20137,2026-07-29 02:09:59,Card Purchase,136.81,United Kingdom,Branch
TX010943,20230,2026-01-16 04:53:37,Bank Transfer,38.65,Singapore,Online
TX010944,20230,2026-06-29 21:12:44,Card Purchase,118.87,United States,Online
TX010945,20351,2026-08-02 06:53:00,Cash Withdrawal,77.01,United Kingdom,Card
TX010946,20433,2026-09-16 21:05:24,Card Purchase,77.56,France,Mobile
TX010947,20497,2026-06-28 17:06:16,Deposit,262.34,United Kingdom,Branch
TX010948,20179,2026-10-19 16:19:27,Direct Debit,137.14,United States,Mobile
TX010949,20614,2026-03-30 13:01:48,Card Purchase,207.35,United Kingdom,ATM
TX010950,20404,2026-10-18 09:34:05,Deposit,72.18,Germany,ATM
TX010951,20155,2026-10-10 05:21:15,Bank Transfer,105.8,Nigeria,Card
TX010952,20038,2026-01-04 07:26:43,Deposit,125.7,United Kingdom,Online
TX010953,20519,2026-08-23 11:45:54,Direct Debit,139.27,United Kingdom,Online
TX010954,20409,2026-06-17 10:43:23,Bank Transfer,65.04,United Kingdom,Mobile
TX010955,20086,2026-03-05 03:38:08,Direct Debit,118.49,United Kingdom,Mobile
TX010956,20220,2026-12-08 00:01:32,Card Purchase,176.1,France,Mobile
TX010957,20009,2026-06-25 22:08:25,Card Purchase,297.13,United Kingdom,Online
TX010958,20385,2026-06-25 20:41:31,Bank Transfer,24.99,Singapore,Mobile
TX010959,20397,2026-03-17 14:46:37,Direct Debit,44.46,Nigeria,Card
TX010960,20224,2026-02-27 22:58:44,Card Purchase,33.22,United Kingdom,ATM
TX010961,20403,2026-08-26 03:14:20,Direct Debit,80.82,United Kingdom,Branch
TX010962,20647,2026-09-27 15:07:33,Card Purchase,110.77,United Kingdom,Mobile
TX010963,20539,2026-11-23 05:22:00,Card Purchase,156.29,Singapore,Mobile
TX010964,20205,2026-02-13 06:35:23,Card Purchase,29.59,Singapore,Online
TX010965,20249,2026-10-06 02:07:51,Bank Transfer,119.97,France,Online
TX010966,20621,2026-01-01 08:22:56,Direct Debit,79.39,United Kingdom,Mobile
TX010967,20288,2026-06-17 16:56:22,Cash Withdrawal,74.62,United Kingdom,Card
TX010968,20362,2026-08-07 12:23:16,Deposit,16.39,United Kingdom,Card
TX010969,20424,2026-04-08 16:31:21,Card Purchase,17125.77,Ireland,ATM
TX010970,20448,2026-06-14 06:05:02,Direct Debit,29.95,Singapore,Branch
TX010971,20514,2026-07-28 10:50:08,Card Purchase,130.2,United Kingdom,Online
TX010972,20258,2026-09-09 11:56:48,Direct Debit,57.4,United Kingdom,Mobile
TX010973,20199,2026-08-16 08:31:19,Deposit,30.82,United Kingdom,Mobile
TX010974,20312,2026-02-02 02:46:19,Cash Withdrawal,80.54,United Kingdom,Online
TX010975,20405,2026-01-07 00:05:56,Direct Debit,455.2,United Kingdom,Mobile
TX010976,20669,2026-02-23 15:11:44,Card Purchase,266.95,United Kingdom,ATM
TX010977,20388,2026-04-30 22:55:01,Cash Withdrawal,42.41,United Kingdom,Online
TX010978,20114,2026-05-30 03:07:41,Card Purchase,243.04,Singapore,Online
TX010979,20583,2026-07-22 08:54:50,Cash Withdrawal,223.17,Netherlands,ATM
TX010980,20268,2026-11-26 22:00:18,Deposit,17.71,United Kingdom,Mobile
TX010981,20190,2026-12-05 07:34:57,Bank Transfer,18.77,United States,Online
TX010982,20337,2026-03-07 05:45:14,Bank Transfer,24.87,Ireland,Online
TX010983,20115,2026-04-05 07:48:49,Bank Transfer,224.61,Germany,Online
TX010984,20128,2026-09-16 15:02:39,Card Purchase,922.5,United Kingdom,Card
TX010985,20175,2026-06-23 13:17:12,Card Purchase,85.63,United Kingdom,Online
TX010986,20234,2026-11-14 10:21:52,Card Purchase,22.2,United Kingdom,Mobile
TX010987,20287,2026-09-17 23:25:23,Card Purchase,159.4,Spain,Online
TX010988,20416,2026-04-22 12:34:18,Direct Debit,124.32,Spain,Online
TX010989,20546,2026-09-09 19:07:37,Bank Transfer,17077.29,United Kingdom,Card
TX010990,20657,2026-08-31 19:09:39,Card Purchase,382.61,United Kingdom,Mobile
TX010991,20138,2026-08-03 18:53:50,Cash Withdrawal,432.29,Spain,Mobile
TX010992,20295,2026-04-04 08:44:23,Card Purchase,237.45,United Kingdom,Mobile
TX010993,20572,2026-01-09 20:49:08,Direct Debit,52.21,United Kingdom,Card
TX010994,20053,2026-03-18 11:50:21,Deposit,45.58,United Kingdom,Card
TX010995,20311,2026-04-21 08:37:45,Card Purchase,405.61,United Kingdom,Mobile
TX010996,20466,2026-03-23 15:25:15,Bank Transfer,105.48,France,Card
TX010997,20584,2026-03-08 03:56:49,Direct Debit,105.18,United Kingdom,Mobile
TX010998,20256,2026-08-12 15:23:29,Card Purchase,150.22,United Kingdom,Online
TX010999,20276,2026-08-06 03:08:39,Direct Debit,148.99,France,Mobile
TX011000,20252,2026-10-09 01:34:12,Cash Withdrawal,76.29,United Kingdom,Mobile
TX011001,20248,2026-10-15 06:22:56,Bank Transfer,50.64,United States,Branch
TX011002,20358,2026-01-25 08:37:16,Direct Debit,136.65,Singapore,Card
TX011003,20153,2026-08-19 09:47:35,Direct Debit,43.36,United Kingdom,Online
TX011004,20179,2026-01-17 09:31:46,Direct Debit,195.39,United Kingdom,Card
TX011005,20115,2026-08-07 08:22:54,Bank Transfer,35.02,United Kingdom,Card
TX011006,20463,2026-12-17 01:33:17,Deposit,73.81,United Kingdom,Mobile
TX011007,20665,2026-09-17 01:47:17,Bank Transfer,109.23,Nigeria,Online
TX011008,20359,2026-01-05 00:42:16,Cash Withdrawal,68.3,United Kingdom,Mobile
TX011009,20294,2026-08-27 20:37:25,Bank Transfer,39.39,UAE,Mobile
TX011010,20526,2026-01-13 18:53:10,Card Purchase,57.51,United Kingdom,Branch
TX011011,20511,2026-02-12 12:48:15,Card Purchase,48.34,United Kingdom,Card
TX011012,20480,2026-09-28 20:57:57,Deposit,241.63,United Kingdom,Online
TX011013,20386,2026-11-19 06:23:08,Card Purchase,53.19,United Kingdom,Online
TX011014,20367,2026-03-29 13:27:40,Cash Withdrawal,56.77,United Kingdom,Mobile
TX011015,20666,2026-09-28 00:24:03,Card Purchase,45.52,United States,Online
TX011016,20489,2026-07-31 06:29:46,Direct Debit,84.99,United Kingdom,ATM
TX011017,20407,2026-07-08 05:02:20,Card Purchase,211.01,France,ATM
TX011018,20033,2026-01-02 15:52:30,Card Purchase,84.76,United Kingdom,Mobile
TX011019,20409,2026-06-06 17:08:10,Cash Withdrawal,68.28,United Kingdom,Online
TX011020,20010,2026-09-28 02:36:02,Card Purchase,18.46,United Kingdom,Online
TX011021,20427,2026-08-19 21:21:45,Card Purchase,112.96,United Kingdom,Mobile
TX011022,20230,2026-01-29 05:00:37,Card Purchase,91.45,United Kingdom,Mobile
TX011023,20576,2026-09-25 15:58:58,Bank Transfer,24.21,United Kingdom,Mobile
TX011024,20342,2026-04-21 19:06:35,Bank Transfer,84.1,United Kingdom,Branch
TX011025,20204,2026-12-30 06:14:50,Bank Transfer,62.63,Spain,Mobile
TX011026,20525,2026-01-30 10:23:44,Deposit,92.7,UAE,Branch
TX011027,20043,2026-05-20 16:43:54,Card Purchase,235.65,United Kingdom,Online
TX011028,20398,2026-08-04 03:21:03,Direct Debit,64.68,Ireland,Online
TX011029,20372,2026-01-03 20:55:20,Cash Withdrawal,28.95,United Kingdom,Card
TX011030,20431,2026-10-04 12:27:27,Direct Debit,34.83,United Kingdom,Card
TX011031,20122,2026-03-22 10:51:42,Bank Transfer,559.01,France,Online
TX011032,20647,2026-06-14 16:58:36,Direct Debit,248.89,United Kingdom,ATM
TX011033,20071,2026-05-23 10:10:03,Direct Debit,33.65,United Kingdom,Card
TX011034,20202,2026-03-26 16:06:17,Card Purchase,218.37,Nigeria,Online
TX011035,20616,2026-01-31 12:13:47,Bank Transfer,9.85,United Kingdom,Branch
TX011036,20249,2026-05-30 12:34:18,Bank Transfer,94.68,United States,Online
TX011037,20286,2026-06-19 01:33:09,Card Purchase,58.09,United Kingdom,ATM
TX011038,20481,2026-08-30 19:20:50,Deposit,67.38,United Kingdom,Mobile
TX011039,20661,2026-12-01 23:37:54,Cash Withdrawal,32.3,France,Online
TX011040,20622,2026-01-25 01:59:47,Cash Withdrawal,94.79,United Kingdom,Online
TX011041,20331,2026-08-27 04:21:10,Card Purchase,149.33,Ireland,Card
TX011042,20217,2026-07-28 02:59:36,Card Purchase,80.26,United Kingdom,Card
TX011043,20317,2026-09-09 16:02:26,Card Purchase,161.17,Spain,Card
TX011044,20483,2026-12-03 11:46:22,Card Purchase,264.28,United Kingdom,Mobile
TX011045,20472,2026-08-22 05:45:59,Card Purchase,50.05,UAE,Online
TX011046,20323,2026-01-13 15:07:14,Cash Withdrawal,30.39,France,Online
TX011047,20333,2026-06-30 07:29:38,Deposit,248.11,United Kingdom,ATM
TX011048,20273,2026-09-11 14:22:17,Card Purchase,121.59,United States,Card
TX011049,20540,2026-01-15 10:28:21,Card Purchase,52.77,United States,Mobile
TX011050,20268,2026-05-28 05:15:21,Cash Withdrawal,47.2,United Kingdom,Branch
TX011051,20370,2026-11-27 21:21:22,Card Purchase,278.58,Netherlands,Online
TX011052,20548,2026-05-17 15:10:27,Cash Withdrawal,45.71,United Kingdom,Mobile
TX011053,20270,2026-12-31 01:44:37,Cash Withdrawal,137.83,United Kingdom,Card
TX011054,20442,2026-10-27 19:27:28,Deposit,227.15,Nigeria,Mobile
TX011055,20368,2026-08-30 10:56:05,Card Purchase,63.74,United Kingdom,Online
TX011056,20166,2026-09-24 17:13:28,Bank Transfer,78.37,United Kingdom,ATM
TX011057,20180,2026-11-05 08:20:54,Direct Debit,94.27,Nigeria,Mobile
TX011058,20512,2026-09-30 22:43:08,Card Purchase,197.64,United Kingdom,Mobile
TX011059,20515,2026-10-22 04:51:13,Direct Debit,30.48,Nigeria,Online
TX011060,20347,2026-11-22 20:25:48,Direct Debit,8.21,Spain,ATM
TX011061,20673,2026-02-07 00:34:19,Card Purchase,89.64,United Kingdom,Card
TX011062,20467,2026-11-15 02:12:14,Bank Transfer,28.52,United Kingdom,Online
TX011063,20303,2026-01-14 14:09:28,Direct Debit,39.62,United Kingdom,Card
TX011064,20601,2026-03-20 06:46:48,Bank Transfer,55.89,Ireland,Card
TX011065,20171,2026-05-11 22:07:45,Bank Transfer,415.46,United Kingdom,Branch
TX011066,20412,2026-09-02 12:56:56,Direct Debit,52.03,United Kingdom,Card
TX011067,20328,2026-07-20 19:24:14,Card Purchase,128.54,United Kingdom,Mobile
TX011068,20266,2026-07-31 13:49:40,Bank Transfer,16.59,United States,Online
TX011069,20419,2026-11-01 16:33:43,Card Purchase,1501.77,Spain,Mobile
TX011070,20555,2026-06-27 10:38:26,Cash Withdrawal,24.64,Ireland,ATM
TX011071,20107,2026-07-18 08:21:21,Direct Debit,181.47,Germany,ATM
TX011072,20263,2026-07-04 21:25:57,Bank Transfer,125.96,United Kingdom,Mobile
TX011073,20026,2026-06-16 16:47:10,Cash Withdrawal,24097.89,United States,Branch
TX011074,20178,2026-10-22 21:40:45,Card Purchase,12.52,United States,Mobile
TX011075,20249,2026-06-06 08:31:38,Bank Transfer,119.58,United Kingdom,Card
TX011076,20045,2026-05-04 03:47:29,Cash Withdrawal,118.97,Spain,Branch
TX011077,20153,2026-05-12 22:18:31,Card Purchase,154.15,United Kingdom,Online
TX011078,20610,2026-10-26 15:02:25,Direct Debit,36.03,United States,Online
TX011079,20323,2026-01-28 23:05:30,Bank Transfer,480.84,United Kingdom,Mobile
TX011080,20413,2026-08-11 08:44:02,Bank Transfer,2567.31,United Kingdom,Mobile
TX011081,20150,2026-03-02 01:16:58,Direct Debit,454.65,Ireland,Mobile
TX011082,20098,2026-02-12 16:50:50,Bank Transfer,183.78,United Kingdom,Card
TX011083,20220,2026-11-25 01:39:03,Direct Debit,14.79,Netherlands,Mobile
TX011084,20624,2026-07-06 03:58:06,Bank Transfer,67.86,United Kingdom,Mobile
TX011085,20154,2026-01-11 01:53:58,Direct Debit,96.62,United Kingdom,Mobile
TX011086,20038,2026-10-05 02:02:59,Card Purchase,133.9,United Kingdom,Card
TX011087,20089,2026-02-04 23:49:50,Deposit,257.63,Spain,Card
TX011088,20278,2026-04-11 20:07:27,Card Purchase,339.27,United Kingdom,Mobile
TX011089,20074,2026-07-20 19:40:41,Bank Transfer,216.29,UAE,ATM
TX011090,20084,2026-02-16 22:12:12,Card Purchase,252.65,Germany,ATM
TX011091,20169,2026-03-19 00:51:56,Card Purchase,51.74,United Kingdom,Card
TX011092,20138,2026-03-21 22:10:40,Bank Transfer,130.4,Netherlands,Mobile
TX011093,20317,2026-04-06 09:19:16,Card Purchase,151.81,Germany,Mobile
TX011094,20510,2026-10-09 23:19:38,Card Purchase,106.84,United Kingdom,Online
TX011095,20122,2026-10-05 04:17:36,Cash Withdrawal,135.59,United Kingdom,Mobile
TX011096,20456,2026-05-29 21:03:37,Card Purchase,39.62,United Kingdom,Mobile
TX011097,20352,2026-03-31 23:33:15,Card Purchase,77.55,United States,Card
TX011098,20407,2026-05-13 15:36:05,Card Purchase,71.88,Ireland,Mobile
TX011099,20478,2026-08-22 01:58:31,Card Purchase,104.15,Singapore,Mobile
TX011100,20651,2026-05-06 13:17:15,Card Purchase,119.94,United Kingdom,Mobile
TX011101,20561,2026-01-19 21:41:46,Direct Debit,129.75,United States,Online
TX011102,20612,2026-07-31 03:00:12,Card Purchase,1965.73,Nigeria,Card
TX011103,20087,2026-07-26 19:00:30,Card Purchase,85.97,United Kingdom,Card
TX011104,20607,2026-08-26 02:06:50,Bank Transfer,32.78,United Kingdom,Mobile
TX011105,20324,2026-12-19 12:47:06,Card Purchase,5.8,Netherlands,Mobile
TX011106,20004,2026-05-22 00:57:24,Bank Transfer,71.57,United Kingdom,Online
TX011107,20303,2026-05-04 23:47:37,Deposit,206.89,United Kingdom,Online
TX011108,20041,2026-04-25 02:26:32,Card Purchase,100.2,France,Mobile
TX011109,20126,2026-05-18 00:42:29,Cash Withdrawal,28.29,United Kingdom,Mobile
TX011110,20416,2026-05-30 06:30:21,Card Purchase,59.13,United Kingdom,Mobile
TX011111,20460,2026-07-21 07:17:46,Deposit,14.34,United Kingdom,Online
TX011112,20098,2026-01-30 23:18:21,Bank Transfer,142.32,United Kingdom,Online
TX011113,20631,2026-07-15 04:52:48,Bank Transfer,1431.17,United Kingdom,Online
TX011114,20160,2026-10-26 04:20:36,Deposit,47.83,United Kingdom,Card
TX011115,20645,2026-10-08 03:00:32,Direct Debit,216.44,United Kingdom,Mobile
TX011116,20142,2026-07-20 09:04:18,Cash Withdrawal,68.09,United Kingdom,Mobile
TX011117,20475,2026-02-04 13:12:04,Deposit,49.32,United Kingdom,Card
TX011118,20503,2026-08-26 03:53:08,Bank Transfer,202.67,Ireland,Mobile
TX011119,20519,2026-01-08 22:51:49,Card Purchase,96.13,United Kingdom,ATM
TX011120,20522,2026-03-10 14:07:14,Bank Transfer,32.77,United Kingdom,Online
TX011121,20210,2026-03-22 22:40:13,Bank Transfer,44.12,United Kingdom,Mobile
TX011122,20458,2026-08-20 23:06:42,Card Purchase,60.71,United Kingdom,ATM
TX011123,20528,2026-01-29 00:10:08,Card Purchase,7.16,United States,Mobile
TX011124,20596,2026-01-13 06:03:11,Card Purchase,4.63,United Kingdom,Mobile
TX011125,20113,2026-01-30 16:03:16,Bank Transfer,442.97,Netherlands,Mobile
TX011126,20611,2026-11-08 17:38:32,Deposit,115.24,United Kingdom,Card
TX011127,20537,2026-02-04 10:24:49,Card Purchase,43.45,United Kingdom,Branch
TX011128,20436,2026-04-25 06:41:40,Card Purchase,33.01,United States,Online
TX011129,20373,2026-03-03 21:42:29,Bank Transfer,241.15,United Kingdom,Mobile
TX011130,20370,2026-06-19 08:19:51,Bank Transfer,20.46,United Kingdom,Mobile
TX011131,20589,2026-08-01 20:23:20,Deposit,32.89,United Kingdom,Online
TX011132,20441,2026-03-02 07:39:57,Card Purchase,32.19,Germany,ATM
TX011133,20230,2026-07-14 07:23:52,Card Purchase,391.7,United Kingdom,Online
TX011134,20460,2026-04-02 01:50:45,Card Purchase,47.18,United Kingdom,Card
TX011135,20341,2026-11-29 10:24:41,Direct Debit,58.5,United Kingdom,Mobile
TX011136,20392,2026-09-02 22:58:19,Card Purchase,33.11,UAE,ATM
TX011137,20174,2026-05-14 10:48:26,Card Purchase,514.21,Spain,Mobile
TX011138,20033,2026-01-02 18:25:56,Deposit,116.98,United Kingdom,Mobile
TX011139,20456,2026-08-29 15:39:53,Deposit,162.76,United Kingdom,Online
TX011140,20660,2026-12-07 13:13:01,Card Purchase,203.96,United Kingdom,Online
TX011141,20341,2026-02-05 05:15:37,Card Purchase,178.74,Singapore,Card
TX011142,20314,2026-06-20 15:04:21,Deposit,91.5,United Kingdom,Online
TX011143,20539,2026-11-25 18:30:37,Card Purchase,14.21,Netherlands,Card
TX011144,20369,2026-12-15 10:53:51,Deposit,211.32,United Kingdom,Card
TX011145,20049,2026-01-02 12:12:59,Deposit,106.28,United Kingdom,Card
TX011146,20376,2026-12-22 06:07:23,Card Purchase,44.64,United Kingdom,Mobile
TX011147,20668,2026-09-11 01:58:08,Direct Debit,71.34,United Kingdom,Mobile
TX011148,20291,2026-05-05 06:03:30,Card Purchase,165.36,United Kingdom,Mobile
TX011149,20090,2026-06-20 00:16:06,Card Purchase,232.13,United Kingdom,Mobile
TX011150,20647,2026-04-18 00:38:50,Card Purchase,12.96,UAE,ATM
TX011151,20010,2026-10-23 17:15:06,Cash Withdrawal,76.31,United Kingdom,Card
TX011152,20027,2026-03-01 19:39:33,Card Purchase,52.57,United Kingdom,Online
TX011153,20442,2026-02-14 02:29:46,Deposit,9.86,Netherlands,Card
TX011154,20373,2026-08-24 05:44:45,Bank Transfer,71.42,United Kingdom,Online
TX011155,20656,2026-07-28 20:14:47,Card Purchase,158.39,Singapore,Mobile
TX011156,20041,2026-04-22 08:12:23,Bank Transfer,96.42,Spain,Mobile
TX011157,20001,2026-08-26 05:03:01,Direct Debit,236.93,Nigeria,Mobile
TX011158,20298,2026-07-28 01:29:04,Bank Transfer,78.74,United Kingdom,Branch
TX011159,20057,2026-01-18 16:01:35,Bank Transfer,129.1,Ireland,Mobile
TX011160,20494,2026-07-30 11:08:22,Card Purchase,27.41,UAE,Mobile
TX011161,20231,2026-03-28 02:55:54,Direct Debit,51.05,United Kingdom,Mobile
TX011162,20225,2026-06-30 07:35:17,Card Purchase,174.95,United Kingdom,Online
TX011163,20425,2026-05-18 19:10:35,Direct Debit,23.88,United Kingdom,Card
TX011164,20384,2026-10-06 15:12:42,Card Purchase,377.59,United Kingdom,Mobile
TX011165,20083,2026-01-12 21:15:40,Card Purchase,31.42,United Kingdom,ATM
TX011166,20288,2026-06-27 23:50:10,Card Purchase,99.61,United Kingdom,Online
TX011167,20045,2026-12-11 18:33:32,Deposit,47.48,United States,Card
TX011168,20556,2026-08-21 04:16:31,Direct Debit,29.71,United Kingdom,Card
TX011169,20339,2026-10-22 02:46:05,Card Purchase,77.58,UAE,Mobile
TX011170,20636,2026-07-26 03:19:33,Deposit,106.82,United Kingdom,Mobile
TX011171,20388,2026-03-31 23:37:30,Deposit,152.01,United Kingdom,Mobile
TX011172,20089,2026-05-12 21:24:26,Card Purchase,306.19,UAE,Online
TX011173,20028,2026-08-26 04:44:02,Cash Withdrawal,20.59,UAE,Mobile
TX011174,20667,2026-03-21 13:05:13,Card Purchase,181.7,United Kingdom,Card
TX011175,20456,2026-06-27 14:14:59,Card Purchase,267.4,Germany,Mobile
TX011176,20021,2026-03-19 22:50:24,Card Purchase,148.76,United Kingdom,Online
TX011177,20523,2026-06-22 08:34:03,Bank Transfer,84.64,France,ATM
TX011178,20540,2026-05-09 15:54:27,Card Purchase,230.0,United States,Card
TX011179,20231,2026-05-13 16:51:08,Card Purchase,131.69,United Kingdom,Card
TX011180,20441,2026-10-11 15:02:21,Direct Debit,34.31,United Kingdom,Online
TX011181,20385,2026-05-31 17:42:09,Bank Transfer,51.58,United Kingdom,Branch
TX011182,20587,2026-09-18 15:33:54,Direct Debit,245.85,United Kingdom,Card
TX011183,20617,2026-06-16 05:59:00,Bank Transfer,103.52,United Kingdom,Card
TX011184,20139,2026-08-18 18:00:49,Card Purchase,21.39,Germany,Mobile
TX011185,20442,2026-12-12 12:16:01,Bank Transfer,1691.85,United Kingdom,ATM
TX011186,20673,2026-03-08 17:58:01,Bank Transfer,42.33,Ireland,ATM
TX011187,20552,2026-08-03 04:31:11,Bank Transfer,777.16,United Kingdom,Online
TX011188,20662,2026-04-29 17:04:54,Card Purchase,622.01,Singapore,Mobile
TX011189,20652,2026-03-28 15:57:28,Bank Transfer,137.18,UAE,Mobile
TX011190,20181,2026-09-17 16:04:25,Deposit,10.23,Spain,Branch
TX011191,20523,2026-07-03 01:18:13,Card Purchase,22.78,Spain,Online
TX011192,20054,2026-09-28 15:22:52,Card Purchase,85.6,United Kingdom,Online
TX011193,20652,2026-01-10 13:24:21,Card Purchase,42.37,United Kingdom,Card
TX011194,20055,2026-04-07 04:51:24,Bank Transfer,16.71,Singapore,Mobile
TX011195,20195,2026-09-25 21:03:15,Direct Debit,89.83,Germany,Mobile
TX011196,20214,2026-11-02 13:24:44,Card Purchase,29.12,United Kingdom,ATM
TX011197,20281,2026-06-11 17:43:00,Card Purchase,140.25,United Kingdom,Card
TX011198,20291,2026-01-02 14:29:04,Card Purchase,181.73,UAE,Branch
TX011199,20370,2026-12-21 22:58:53,Card Purchase,683.04,France,Card
TX011200,20193,2026-08-20 16:21:07,Direct Debit,14.24,France,Card
TX011201,20003,2026-09-24 01:36:51,Deposit,78.35,United States,ATM
TX011202,20399,2026-07-25 22:30:12,Bank Transfer,47.16,United Kingdom,Online
TX011203,20507,2026-04-15 18:42:19,Bank Transfer,330.14,Nigeria,Online
TX011204,20193,2026-03-16 10:22:06,Card Purchase,20.23,United Kingdom,Mobile
TX011205,20565,2026-11-21 16:54:18,Card Purchase,81.21,United Kingdom,Online
TX011206,20643,2026-05-17 18:17:10,Card Purchase,148.2,Singapore,Online
TX011207,20048,2026-04-01 05:58:24,Card Purchase,267.24,United Kingdom,Card
TX011208,20635,2026-06-09 05:33:55,Card Purchase,21.68,UAE,Online
TX011209,20354,2026-01-13 14:57:49,Card Purchase,13.43,Germany,Card
TX011210,20313,2026-10-13 06:37:33,Card Purchase,113.83,United Kingdom,Card
TX011211,20590,2026-02-21 02:08:55,Card Purchase,92.68,Netherlands,Mobile
TX011212,20438,2026-04-29 20:48:52,Bank Transfer,30.56,United Kingdom,Online
TX011213,20540,2026-08-12 04:00:51,Bank Transfer,77.1,UAE,ATM
TX011214,20361,2026-10-25 02:53:39,Card Purchase,39.22,United Kingdom,ATM
TX011215,20332,2026-04-04 01:49:54,Bank Transfer,72.44,United Kingdom,Mobile
TX011216,20222,2026-11-19 23:08:36,Bank Transfer,195.56,United States,Mobile
TX011217,20481,2026-07-27 04:38:32,Direct Debit,148.92,United Kingdom,Branch
TX011218,20553,2026-09-16 12:46:30,Card Purchase,96.72,United Kingdom,Card
TX011219,20496,2026-03-20 18:00:11,Bank Transfer,62.65,Netherlands,Online
TX011220,20355,2026-08-14 07:45:41,Card Purchase,48.83,Singapore,Mobile
TX011221,20466,2026-07-25 01:33:15,Bank Transfer,89.53,UAE,Online
TX011222,20355,2026-11-29 22:12:11,Card Purchase,56.04,United Kingdom,Card
TX011223,20312,2026-07-25 09:01:45,Card Purchase,377.61,United Kingdom,Card
TX011224,20267,2026-06-04 23:01:12,Card Purchase,183.18,United Kingdom,Mobile
TX011225,20122,2026-06-27 23:55:54,Card Purchase,291.5,United Kingdom,Branch
TX011226,20402,2026-09-06 04:25:50,Card Purchase,17.23,United Kingdom,Card
TX011227,20380,2026-01-09 13:40:23,Bank Transfer,56.33,France,Mobile
TX011228,20248,2026-08-09 23:53:19,Card Purchase,842.34,United Kingdom,Mobile
TX011229,20017,2026-01-05 11:06:54,Card Purchase,40.43,United Kingdom,Card
TX011230,20609,2026-12-16 13:29:21,Direct Debit,45.81,United Kingdom,Mobile
TX011231,20315,2026-06-15 23:43:11,Direct Debit,322.35,France,Online
TX011232,20300,2026-05-01 03:13:16,Cash Withdrawal,603.55,Singapore,Branch
TX011233,20495,2026-04-12 05:06:11,Deposit,12.8,United Kingdom,Mobile
TX011234,20216,2026-07-08 23:09:12,Bank Transfer,54.24,Spain,ATM
TX011235,20505,2026-06-21 23:31:01,Bank Transfer,73.73,France,Card
TX011236,20345,2026-09-07 11:17:13,Card Purchase,17089.45,United Kingdom,Branch
TX011237,20426,2026-03-05 19:59:30,Card Purchase,136.47,Nigeria,Mobile
TX011238,20106,2026-02-25 22:27:08,Bank Transfer,82.35,Ireland,Mobile
TX011239,20465,2026-10-09 14:13:56,Card Purchase,224.96,United Kingdom,Online
TX011240,20525,2026-05-24 14:39:56,Deposit,59.58,United Kingdom,Online
TX011241,20351,2026-11-26 23:04:09,Card Purchase,237.06,United Kingdom,Online
TX011242,20366,2026-11-13 05:50:26,Card Purchase,82.22,United Kingdom,Mobile
TX011243,20095,2026-01-25 02:28:28,Deposit,156.6,United Kingdom,Mobile
TX011244,20669,2026-08-02 21:09:48,Card Purchase,103.59,United Kingdom,Branch
TX011245,20295,2026-06-09 13:37:41,Direct Debit,75.38,United States,Online
TX011246,20108,2026-07-04 18:05:10,Direct Debit,11.27,United States,ATM
TX011247,20119,2026-04-22 10:50:25,Card Purchase,200.55,United States,Mobile
TX011248,20425,2026-04-08 02:11:43,Card Purchase,114.22,United States,Mobile
TX011249,20593,2026-12-06 00:56:56,Bank Transfer,63.09,France,Online
TX011250,20208,2026-12-05 20:02:15,Card Purchase,30.95,United States,Branch
TX011251,20065,2026-09-05 17:02:40,Cash Withdrawal,250.02,United Kingdom,Mobile
TX011252,20276,2026-09-08 21:47:52,Card Purchase,138.2,United Kingdom,Card
TX011253,20221,2026-01-30 21:50:31,Deposit,58.91,Singapore,Mobile
TX011254,20540,2026-10-22 10:31:23,Card Purchase,36.91,Nigeria,Online
TX011255,20226,2026-09-02 02:35:19,Bank Transfer,29.24,Singapore,Online
TX011256,20076,2026-01-26 15:56:25,Card Purchase,104.06,United Kingdom,Card
TX011257,20023,2026-06-11 03:32:11,Card Purchase,146.96,United States,Online
TX011258,20358,2026-04-24 19:29:30,Direct Debit,105.99,United Kingdom,ATM
TX011259,20556,2026-02-09 10:24:27,Bank Transfer,323.77,Ireland,Mobile
TX011260,20602,2026-03-20 10:16:28,Direct Debit,206.08,United Kingdom,Online
TX011261,20555,2026-10-31 17:48:05,Deposit,93.4,Singapore,Online
TX011262,20403,2026-06-28 03:03:18,Card Purchase,294.73,United Kingdom,Card
TX011263,20446,2026-03-22 05:08:47,Bank Transfer,356.54,Netherlands,Card
TX011264,20159,2026-03-10 18:21:17,Deposit,75.56,UAE,Mobile
TX011265,20409,2026-08-24 04:32:59,Card Purchase,197.12,Singapore,Online
TX011266,20050,2026-08-31 14:09:34,Card Purchase,115.74,United Kingdom,Online
TX011267,20141,2026-06-18 20:30:10,Bank Transfer,186.83,Ireland,Online
TX011268,20041,2026-04-15 18:12:05,Bank Transfer,141.12,United Kingdom,Card
TX011269,20040,2026-08-10 12:00:06,Direct Debit,133.2,United Kingdom,ATM
TX011270,20478,2026-06-13 20:28:37,Card Purchase,110.11,United Kingdom,ATM
TX011271,20610,2026-03-17 14:01:12,Card Purchase,90.24,United Kingdom,Card
TX011272,20270,2026-10-21 06:00:17,Deposit,96.26,United Kingdom,Online
TX011273,20661,2026-08-22 14:17:07,Cash Withdrawal,98.21,United Kingdom,Mobile
TX011274,20126,2026-08-25 11:00:39,Cash Withdrawal,82.01,Ireland,Card
TX011275,20486,2026-07-29 14:58:15,Bank Transfer,76.24,UAE,Online
TX011276,20427,2026-12-24 08:59:40,Bank Transfer,679.71,United States,Online
TX011277,20330,2026-12-06 12:46:42,Bank Transfer,31.56,Nigeria,Online
TX011278,20204,2026-07-18 13:32:30,Card Purchase,187.68,United States,Mobile
TX011279,20503,2026-06-18 01:53:49,Bank Transfer,131.02,United Kingdom,Branch
TX011280,20054,2026-04-14 10:32:13,Bank Transfer,48.48,UAE,Card
TX011281,20325,2026-12-18 11:37:09,Cash Withdrawal,58.54,United Kingdom,Online
TX011282,20546,2026-11-01 01:26:11,Direct Debit,207.61,United Kingdom,ATM
TX011283,20109,2026-06-12 15:12:43,Card Purchase,70.38,United Kingdom,Card
TX011284,20613,2026-09-09 14:02:33,Card Purchase,59.5,United Kingdom,Card
TX011285,20664,2026-07-21 18:42:20,Card Purchase,66.21,United Kingdom,ATM
TX011286,20003,2026-01-16 11:34:44,Bank Transfer,102.6,United Kingdom,Online
TX011287,20671,2026-04-04 15:06:33,Deposit,202.34,United Kingdom,Mobile
TX011288,20634,2026-05-10 15:32:34,Cash Withdrawal,147.65,United Kingdom,Mobile
TX011289,20605,2026-10-31 19:17:25,Card Purchase,53.65,United States,Card
TX011290,20626,2026-07-15 05:55:31,Card Purchase,96.5,United Kingdom,Mobile
TX011291,20540,2026-04-20 18:05:52,Deposit,180.5,United Kingdom,ATM
TX011292,20334,2026-11-15 11:41:08,Deposit,57.73,Ireland,Branch
TX011293,20595,2026-07-07 00:45:38,Card Purchase,219.12,United Kingdom,Mobile
TX011294,20100,2026-07-06 03:37:59,Direct Debit,549.16,France,Mobile
TX011295,20137,2026-06-12 09:48:24,Card Purchase,23.39,United Kingdom,Branch
TX011296,20170,2026-01-20 08:41:08,Card Purchase,376.15,United Kingdom,Mobile
TX011297,20306,2026-08-11 21:59:55,Card Purchase,126.16,Singapore,Card
TX011298,20401,2026-08-06 03:24:05,Direct Debit,46.42,France,ATM
TX011299,20470,2026-08-28 04:33:14,Cash Withdrawal,305.15,United Kingdom,Mobile
TX011300,20176,2026-10-06 05:23:25,Bank Transfer,49.46,United Kingdom,Online
TX011301,20010,2026-03-13 04:15:31,Direct Debit,167.05,UAE,ATM
TX011302,20278,2026-08-10 08:04:18,Card Purchase,98.61,United Kingdom,Mobile
TX011303,20260,2026-06-13 05:12:43,Card Purchase,11.92,United States,Online
TX011304,20330,2026-11-25 23:55:33,Bank Transfer,101.9,United Kingdom,Online
TX011305,20403,2026-09-20 06:10:16,Deposit,252.92,United Kingdom,Online
TX011306,20107,2026-08-10 07:22:38,Bank Transfer,22.83,Spain,Card
TX011307,20518,2026-08-21 23:04:32,Deposit,55.88,United Kingdom,Card
TX011308,20319,2026-04-15 18:42:26,Bank Transfer,36.91,United Kingdom,Card
TX011309,20217,2026-10-25 23:30:26,Card Purchase,6.94,Singapore,Branch
TX011310,20620,2026-06-21 20:04:22,Bank Transfer,27.12,UAE,Online
TX011311,20592,2026-03-14 00:57:11,Bank Transfer,88.76,Netherlands,Mobile
TX011312,20673,2026-07-02 19:06:03,Card Purchase,21.37,United Kingdom,Card
TX011313,20069,2026-06-05 14:11:25,Direct Debit,37.75,United Kingdom,Mobile
TX011314,20581,2026-11-23 01:06:00,Direct Debit,57.51,France,Mobile
TX011315,20441,2026-04-12 07:08:19,Card Purchase,301.84,Netherlands,Card
TX011316,20103,2026-11-28 03:46:09,Bank Transfer,94.48,United Kingdom,Branch
TX011317,20131,2026-04-11 09:40:41,Bank Transfer,122.33,Nigeria,Online
TX011318,20670,2026-12-29 04:48:01,Card Purchase,56.2,United Kingdom,Mobile
TX011319,20386,2026-12-24 15:39:10,Bank Transfer,24.65,United Kingdom,Card
TX011320,20403,2026-10-29 22:57:51,Card Purchase,170.44,Nigeria,Branch
TX011321,20541,2026-07-08 11:02:23,Card Purchase,146.78,Singapore,Card
TX011322,20200,2026-11-20 13:18:25,Card Purchase,146.07,United Kingdom,Online
TX011323,20661,2026-07-17 11:13:13,Bank Transfer,139.93,United Kingdom,Card
TX011324,20596,2026-03-09 14:42:49,Bank Transfer,107.27,United Kingdom,Card
TX011325,20598,2026-10-25 21:57:39,Card Purchase,66.01,UAE,Card
TX011326,20372,2026-04-05 17:12:03,Direct Debit,307.59,United Kingdom,Mobile
TX011327,20401,2026-03-20 23:53:42,Card Purchase,318.85,United Kingdom,Mobile
TX011328,20054,2026-11-16 19:31:18,Cash Withdrawal,58.93,United Kingdom,Mobile
TX011329,20628,2026-06-26 14:06:00,Card Purchase,46.27,United Kingdom,Card
TX011330,20244,2026-05-11 07:09:36,Deposit,11.06,United States,Card
TX011331,20121,2026-10-19 09:57:50,Card Purchase,149.49,United Kingdom,Card
TX011332,20407,2026-01-26 00:10:18,Card Purchase,92.03,United Kingdom,ATM
TX011333,20119,2026-10-19 08:02:32,Bank Transfer,22.31,UAE,Mobile
TX011334,20065,2026-08-25 09:18:47,Card Purchase,127.98,United Kingdom,Online
TX011335,20151,2026-03-05 09:57:01,Card Purchase,182.97,United Kingdom,Online
TX011336,20119,2026-09-19 21:39:25,Cash Withdrawal,40.71,United Kingdom,Online
TX011337,20362,2026-03-18 10:56:08,Bank Transfer,127.82,United Kingdom,Mobile
TX011338,20512,2026-08-05 20:57:39,Direct Debit,1213.09,United States,Mobile
TX011339,20274,2026-04-19 20:29:52,Card Purchase,66.41,Singapore,Online
TX011340,20561,2026-08-14 19:39:55,Bank Transfer,36.33,United Kingdom,Card
TX011341,20302,2026-05-30 11:34:44,Direct Debit,28.37,United Kingdom,Mobile
TX011342,20076,2026-02-03 09:09:54,Card Purchase,34.75,Ireland,Online
TX011343,20034,2026-07-14 16:10:22,Card Purchase,100.18,France,Online
TX011344,20247,2026-06-05 16:56:21,Card Purchase,4.81,UAE,Card
TX011345,20146,2026-02-07 00:38:32,Card Purchase,19.27,Singapore,Mobile
TX011346,20289,2026-10-16 14:12:56,Bank Transfer,47.62,United Kingdom,Branch
TX011347,20386,2026-04-17 17:59:42,Card Purchase,83.99,United Kingdom,Card
TX011348,20165,2026-06-08 16:06:32,Card Purchase,93.61,United Kingdom,Online
TX011349,20329,2026-08-29 11:05:24,Card Purchase,235.54,United Kingdom,Card
TX011350,20050,2026-12-31 05:52:47,Card Purchase,494.51,United Kingdom,Card
TX011351,20229,2026-09-18 09:47:05,Card Purchase,354.46,United Kingdom,ATM
TX011352,20494,2026-05-29 05:22:32,Card Purchase,126.39,France,Mobile
TX011353,20218,2026-12-20 11:38:33,Bank Transfer,43.22,United Kingdom,Online
TX011354,20245,2026-04-03 02:29:39,Card Purchase,90.03,United Kingdom,Online
TX011355,20596,2026-06-21 19:15:08,Card Purchase,308.73,United Kingdom,Card
TX011356,20634,2026-09-28 18:58:19,Card Purchase,196.42,United Kingdom,Mobile
TX011357,20255,2026-01-03 06:03:41,Card Purchase,692.0,United Kingdom,Card
TX011358,20447,2026-02-17 16:07:26,Card Purchase,96.72,Nigeria,Online
TX011359,20283,2026-10-21 23:38:30,Card Purchase,16.35,United Kingdom,Card
TX011360,20261,2026-12-09 07:35:05,Card Purchase,229.11,France,Online
TX011361,20391,2026-08-02 15:39:35,Direct Debit,179.26,Spain,Online
TX011362,20268,2026-05-09 09:12:26,Deposit,81.43,UAE,Mobile
TX011363,20064,2026-10-12 19:39:33,Direct Debit,58.8,United Kingdom,Branch
TX011364,20189,2026-12-19 17:06:00,Bank Transfer,10138.05,United Kingdom,Online
TX011365,20548,2026-09-17 20:06:18,Direct Debit,40.88,United Kingdom,Mobile
TX011366,20599,2026-10-10 21:58:18,Card Purchase,1360.4,United States,Branch
TX011367,20202,2026-05-09 21:52:11,Direct Debit,83.16,Nigeria,Card
TX011368,20153,2026-11-07 11:20:27,Card Purchase,179.48,United Kingdom,ATM
TX011369,20247,2026-08-26 03:34:11,Card Purchase,195.54,Singapore,Online
TX011370,20077,2026-10-30 01:35:48,Cash Withdrawal,314.13,United Kingdom,ATM
TX011371,20041,2026-08-10 13:01:08,Deposit,101.71,United Kingdom,Online
TX011372,20246,2026-09-17 20:23:03,Direct Debit,17.97,United Kingdom,Card
TX011373,20237,2026-06-14 16:26:09,Card Purchase,66.23,United Kingdom,ATM
TX011374,20167,2026-05-08 14:44:42,Card Purchase,44.29,United Kingdom,Mobile
TX011375,20305,2026-11-18 20:53:10,Card Purchase,160.41,United States,ATM
TX011376,20066,2026-01-05 12:28:12,Deposit,39.91,United Kingdom,Mobile
TX011377,20404,2026-03-05 13:05:12,Card Purchase,230.51,United States,Online
TX011378,20114,2026-04-16 06:10:06,Cash Withdrawal,55.08,United States,Mobile
TX011379,20217,2026-08-09 11:15:54,Bank Transfer,419.46,United Kingdom,Mobile
TX011380,20400,2026-12-15 14:20:11,Bank Transfer,130.61,United Kingdom,Online
TX011381,20079,2026-12-24 06:49:19,Direct Debit,93.54,United Kingdom,Card
TX011382,20395,2026-07-13 16:44:40,Bank Transfer,281.71,Germany,Mobile
TX011383,20415,2026-09-04 20:50:06,Direct Debit,117.6,United Kingdom,Card
TX011384,20331,2026-09-09 18:36:03,Deposit,80.37,United Kingdom,Mobile
TX011385,20129,2026-08-20 20:38:03,Deposit,95.19,United Kingdom,Online
TX011386,20274,2026-09-19 18:34:45,Card Purchase,180.06,United Kingdom,Mobile
TX011387,20142,2026-01-25 23:01:04,Card Purchase,15.71,United Kingdom,Online
TX011388,20221,2026-11-20 20:10:31,Bank Transfer,64.65,United States,Card
TX011389,20017,2026-05-28 17:18:22,Card Purchase,47.76,Nigeria,Online
TX011390,20514,2026-12-05 19:46:54,Card Purchase,26.59,Singapore,Mobile
TX011391,20541,2026-01-18 14:33:21,Bank Transfer,43.4,United Kingdom,Online
TX011392,20233,2026-12-09 20:57:54,Card Purchase,202.74,Ireland,Online
TX011393,20669,2026-10-25 20:46:11,Bank Transfer,41.15,United Kingdom,Mobile
TX011394,20194,2026-06-15 18:12:01,Card Purchase,33.26,United Kingdom,Online
TX011395,20316,2026-03-01 18:17:27,Bank Transfer,44.21,Singapore,Online
TX011396,20602,2026-02-02 11:05:12,Direct Debit,134.93,United Kingdom,Card
TX011397,20536,2026-12-16 14:41:50,Bank Transfer,7.45,United Kingdom,Online
TX011398,20667,2026-06-17 08:53:00,Direct Debit,10.73,Ireland,Mobile
TX011399,20180,2026-09-29 14:17:59,Card Purchase,296.77,United Kingdom,Online
TX011400,20598,2026-01-16 00:02:26,Bank Transfer,350.09,United States,ATM
TX011401,20484,2026-02-28 07:50:29,Bank Transfer,62.9,Spain,ATM
TX011402,20600,2026-07-19 23:50:15,Card Purchase,26.11,United Kingdom,Branch
TX011403,20579,2026-02-27 23:11:17,Card Purchase,49.26,United Kingdom,Branch
TX011404,20577,2026-08-25 04:44:24,Card Purchase,48.5,United Kingdom,Card
TX011405,20583,2026-05-13 21:59:09,Card Purchase,111.55,France,Branch
TX011406,20341,2026-08-03 16:39:03,Bank Transfer,158.82,United Kingdom,Branch
TX011407,20207,2026-08-20 08:26:34,Card Purchase,44.99,United Kingdom,Mobile
TX011408,20047,2026-07-22 01:01:52,Card Purchase,344.33,United Kingdom,Online
TX011409,20644,2026-01-02 01:24:01,Card Purchase,98.78,France,Online
TX011410,20160,2026-08-14 20:19:58,Deposit,558.31,United Kingdom,Branch
TX011411,20037,2026-05-09 18:56:16,Card Purchase,76.9,United Kingdom,Online
TX011412,20606,2026-03-03 04:36:14,Card Purchase,148.28,United Kingdom,Online
TX011413,20013,2026-06-30 18:03:05,Direct Debit,70.36,United Kingdom,Branch
TX011414,20104,2026-11-14 17:56:24,Card Purchase,32.7,United Kingdom,Card
TX011415,20474,2026-09-04 18:31:36,Card Purchase,29.5,United States,Mobile
TX011416,20245,2026-12-16 09:07:27,Card Purchase,93.22,Spain,Mobile
TX011417,20288,2026-05-10 14:59:59,Direct Debit,41.13,United Kingdom,Mobile
TX011418,20647,2026-04-10 17:31:24,Card Purchase,130.76,United Kingdom,Online
TX011419,20226,2026-06-07 10:36:44,Card Purchase,37.92,Ireland,Card
TX011420,20321,2026-01-08 19:18:25,Direct Debit,115.12,UAE,Mobile
TX011421,20332,2026-09-24 06:30:22,Card Purchase,113.76,United Kingdom,ATM
TX011422,20224,2026-06-29 00:53:23,Cash Withdrawal,150.09,United Kingdom,ATM
TX011423,20493,2026-02-17 12:44:18,Bank Transfer,42.18,United States,Mobile
TX011424,20549,2026-11-09 06:53:54,Direct Debit,30.59,United Kingdom,Mobile
TX011425,20580,2026-08-16 07:54:18,Direct Debit,398.51,Germany,Card
TX011426,20206,2026-05-22 22:12:57,Bank Transfer,83.97,United Kingdom,Online
TX011427,20010,2026-03-05 10:45:40,Deposit,165.08,Spain,Online
TX011428,20141,2026-07-18 15:01:42,Card Purchase,206.05,France,Mobile
TX011429,20211,2026-02-24 20:40:32,Bank Transfer,350.53,United Kingdom,Branch
TX011430,20106,2026-09-05 03:55:17,Bank Transfer,51.91,United Kingdom,Mobile
TX011431,20123,2026-05-27 08:02:30,Deposit,63.79,United Kingdom,Mobile
TX011432,20287,2026-01-09 10:21:38,Deposit,64.98,United Kingdom,Online
TX011433,20050,2026-04-13 16:51:31,Card Purchase,245.87,Germany,Online
TX011434,20672,2026-01-14 20:33:07,Card Purchase,557.6,United Kingdom,Online
TX011435,20029,2026-08-07 11:25:23,Card Purchase,206.51,Singapore,Online
TX011436,20375,2026-12-20 11:11:50,Bank Transfer,34.96,Nigeria,Online
TX011437,20492,2026-01-21 09:52:40,Bank Transfer,85.08,UAE,Online
TX011438,20644,2026-10-07 13:13:55,Cash Withdrawal,115.99,United Kingdom,Card
TX011439,20172,2026-11-12 16:54:34,Card Purchase,19.12,United States,Online
TX011440,20371,2026-02-18 06:09:22,Bank Transfer,145.23,United Kingdom,Mobile
TX011441,20403,2026-05-12 12:18:49,Bank Transfer,133.16,UAE,Online
TX011442,20643,2026-07-05 11:13:54,Card Purchase,246.92,United Kingdom,Card
TX011443,20007,2026-11-02 10:22:04,Card Purchase,305.85,United States,Mobile
TX011444,20288,2026-03-01 23:40:12,Bank Transfer,18.55,United Kingdom,Mobile
TX011445,20367,2026-09-13 15:49:37,Cash Withdrawal,295.55,United Kingdom,Online
TX011446,20162,2026-10-13 04:07:11,Card Purchase,61.04,United Kingdom,Card
TX011447,20548,2026-02-08 17:45:46,Card Purchase,263.82,United States,Branch
TX011448,20475,2026-03-28 23:28:35,Card Purchase,54.59,United Kingdom,Online
TX011449,20123,2026-12-29 00:19:22,Deposit,49.15,United Kingdom,Branch
TX011450,20389,2026-06-02 03:27:06,Bank Transfer,114.95,Nigeria,Mobile
TX011451,20412,2026-08-14 20:22:51,Card Purchase,33.2,United Kingdom,Card
TX011452,20503,2026-05-18 14:45:19,Direct Debit,172.83,United Kingdom,Online
TX011453,20644,2026-06-04 04:19:10,Bank Transfer,14.12,United Kingdom,ATM
TX011454,20623,2026-07-13 05:47:59,Deposit,128.58,United Kingdom,Card
TX011455,20629,2026-11-17 02:33:57,Card Purchase,20.21,United States,Online
TX011456,20035,2026-02-04 14:08:19,Card Purchase,180.77,France,Card
TX011457,20017,2026-11-18 16:17:38,Deposit,54.56,United Kingdom,Card
TX011458,20226,2026-02-24 12:08:22,Card Purchase,61.77,Nigeria,Branch
TX011459,20335,2026-07-28 16:34:46,Card Purchase,8.4,United Kingdom,Mobile
TX011460,20520,2026-12-09 00:57:54,Card Purchase,81.03,Netherlands,Card
TX011461,20249,2026-09-23 07:34:26,Card Purchase,77.62,United Kingdom,Mobile
TX011462,20352,2026-07-20 10:00:56,Deposit,1021.52,United Kingdom,Card
TX011463,20525,2026-01-26 02:16:31,Direct Debit,31.54,UAE,Branch
TX011464,20369,2026-03-21 01:45:07,Card Purchase,274.67,United Kingdom,Mobile
TX011465,20571,2026-05-23 14:28:50,Card Purchase,942.19,France,Online
TX011466,20250,2026-04-12 04:34:39,Bank Transfer,56.39,United Kingdom,Online
TX011467,20572,2026-07-19 13:16:46,Bank Transfer,86.39,United Kingdom,Branch
TX011468,20046,2026-03-13 16:23:48,Card Purchase,68.56,United Kingdom,Mobile
TX011469,20104,2026-02-08 18:00:18,Bank Transfer,127.78,United Kingdom,Card
TX011470,20140,2026-05-30 01:32:59,Card Purchase,96.66,United Kingdom,Online
TX011471,20430,2026-11-15 09:35:11,Card Purchase,23.35,France,Online
TX011472,20663,2026-02-20 12:35:26,Direct Debit,142.76,United Kingdom,Mobile
TX011473,20580,2026-04-26 02:03:17,Direct Debit,60.39,United States,Mobile
TX011474,20462,2026-09-19 21:36:45,Bank Transfer,131.01,United Kingdom,ATM
TX011475,20609,2026-03-26 17:15:56,Card Purchase,120.8,United States,Mobile
TX011476,20425,2026-05-25 21:30:15,Direct Debit,142.49,United Kingdom,Online
TX011477,20138,2026-03-30 05:21:00,Bank Transfer,629.85,United Kingdom,ATM
TX011478,20483,2026-01-26 18:36:21,Bank Transfer,599.7,France,Mobile
TX011479,20434,2026-03-03 18:22:01,Card Purchase,70.68,United States,Mobile
TX011480,20505,2026-03-12 01:18:41,Card Purchase,1025.98,United Kingdom,ATM
TX011481,20059,2026-10-12 05:40:30,Card Purchase,237.82,United Kingdom,Branch
TX011482,20363,2026-07-01 08:50:26,Direct Debit,48.49,Germany,Card
TX011483,20625,2026-09-07 09:17:26,Card Purchase,18.29,United Kingdom,Card
TX011484,20469,2026-10-28 08:11:08,Card Purchase,17.86,United Kingdom,Mobile
TX011485,20494,2026-11-24 03:06:11,Deposit,167.91,Singapore,Card
TX011486,20665,2026-08-21 20:22:19,Cash Withdrawal,1304.3,Nigeria,Mobile
TX011487,20165,2026-03-29 14:29:12,Card Purchase,301.94,United Kingdom,ATM
TX011488,20657,2026-09-08 21:03:24,Bank Transfer,30.81,United Kingdom,Mobile
TX011489,20092,2026-04-24 23:09:44,Bank Transfer,15.95,United Kingdom,Online
TX011490,20623,2026-04-18 04:10:19,Cash Withdrawal,292.94,United Kingdom,Online
TX011491,20005,2026-12-07 10:24:07,Bank Transfer,219.3,United Kingdom,Online
TX011492,20479,2026-07-29 18:02:23,Card Purchase,213.2,United Kingdom,Card
TX011493,20239,2026-05-04 13:35:02,Cash Withdrawal,43.13,United Kingdom,Online
TX011494,20090,2026-02-04 00:59:12,Bank Transfer,290.09,Germany,Card
TX011495,20040,2026-12-06 15:00:46,Direct Debit,154.53,Singapore,Mobile
TX011496,20154,2026-05-26 11:09:12,Direct Debit,22.73,United Kingdom,Online
TX011497,20204,2026-12-31 23:03:44,Card Purchase,108.15,UAE,Mobile
TX011498,20513,2026-01-01 22:52:35,Direct Debit,27.8,United Kingdom,Online
TX011499,20340,2026-09-18 06:38:23,Card Purchase,23.83,United Kingdom,Card
TX011500,20662,2026-10-24 00:29:40,Deposit,41.02,United Kingdom,Mobile
TX011501,20274,2026-10-18 20:02:55,Bank Transfer,37.58,United Kingdom,Branch
TX011502,20146,2026-06-18 08:00:09,Bank Transfer,55.56,Germany,Card
TX011503,20360,2026-09-20 07:59:33,Card Purchase,32.83,United States,ATM
TX011504,20189,2026-01-18 18:32:02,Direct Debit,122.91,United Kingdom,ATM
TX011505,20250,2026-03-01 13:48:59,Direct Debit,118.6,United Kingdom,Card
TX011506,20158,2026-11-30 06:06:31,Card Purchase,292.52,United Kingdom,Branch
TX011507,20379,2026-06-17 09:49:03,Cash Withdrawal,133.49,Nigeria,Card
TX011508,20421,2026-07-29 13:22:25,Card Purchase,44.41,Netherlands,Card
TX011509,20179,2026-10-16 04:26:47,Deposit,58.31,United Kingdom,Card
TX011510,20662,2026-11-01 05:13:35,Deposit,157.47,United Kingdom,Mobile
TX011511,20341,2026-07-09 11:23:04,Card Purchase,448.92,Spain,Mobile
TX011512,20598,2026-07-23 11:56:52,Bank Transfer,23.45,Singapore,Online
TX011513,20134,2026-12-16 18:47:39,Bank Transfer,420.61,United Kingdom,Mobile
TX011514,20652,2026-07-30 15:44:45,Direct Debit,71.85,United Kingdom,Online
TX011515,20574,2026-03-06 09:40:09,Bank Transfer,139.02,United Kingdom,Card
TX011516,20450,2026-11-16 08:21:51,Bank Transfer,242.23,United Kingdom,Online
TX011517,20216,2026-12-25 01:01:46,Card Purchase,309.72,United Kingdom,Branch
TX011518,20276,2026-08-01 04:27:18,Cash Withdrawal,67.07,Ireland,Mobile
TX011519,20563,2026-09-16 16:29:20,Card Purchase,78.43,Ireland,ATM
TX011520,20154,2026-02-25 19:37:17,Bank Transfer,161.35,Germany,Card
TX011521,20570,2026-04-23 06:18:35,Cash Withdrawal,62.14,United Kingdom,Online
TX011522,20152,2026-04-08 01:51:14,Bank Transfer,74.19,United Kingdom,ATM
TX011523,20361,2026-07-23 13:38:56,Card Purchase,76.7,United Kingdom,Branch
TX011524,20172,2026-04-14 12:58:47,Card Purchase,65.99,United Kingdom,Card
TX011525,20047,2026-09-13 07:30:30,Card Purchase,101.77,Nigeria,Mobile
TX011526,20327,2026-12-05 16:54:46,Bank Transfer,279.58,Netherlands,Card
TX011527,20088,2026-01-14 17:57:09,Card Purchase,76.75,Netherlands,Mobile
TX011528,20299,2026-09-25 00:16:55,Direct Debit,415.35,United Kingdom,Online
TX011529,20559,2026-03-14 21:20:33,Bank Transfer,141.76,United Kingdom,Card
TX011530,20538,2026-09-25 16:33:31,Bank Transfer,55.44,Nigeria,Online
TX011531,20324,2026-10-17 01:08:12,Cash Withdrawal,219.21,United Kingdom,Branch
TX011532,20576,2026-03-22 18:04:55,Deposit,15.55,United Kingdom,Online
TX011533,20514,2026-03-28 23:03:21,Cash Withdrawal,846.51,United States,Mobile
TX011534,20009,2026-11-27 11:21:22,Card Purchase,153.41,United Kingdom,Mobile
TX011535,20173,2026-11-05 17:57:58,Bank Transfer,90.11,United Kingdom,Online
TX011536,20370,2026-07-12 04:05:10,Bank Transfer,626.28,Spain,Mobile
TX011537,20512,2026-12-09 09:03:50,Cash Withdrawal,38.07,Spain,Mobile
TX011538,20421,2026-02-26 22:57:29,Bank Transfer,296.16,Netherlands,Mobile
TX011539,20364,2026-04-10 02:09:13,Direct Debit,263.6,United Kingdom,Mobile
TX011540,20040,2026-10-23 05:58:31,Direct Debit,38.38,United Kingdom,Branch
TX011541,20320,2026-03-25 02:29:16,Deposit,15.36,United States,Online
TX011542,20334,2026-02-21 23:37:55,Card Purchase,140.88,Nigeria,Online
TX011543,20583,2026-10-13 03:42:11,Cash Withdrawal,26.81,United Kingdom,ATM
TX011544,20261,2026-01-18 16:25:08,Bank Transfer,42.42,United Kingdom,Card
TX011545,20463,2026-12-16 09:43:23,Cash Withdrawal,112.61,Spain,Mobile
TX011546,20192,2026-05-18 20:07:35,Bank Transfer,38.34,Singapore,Mobile
TX011547,20116,2026-02-20 19:13:46,Deposit,40.81,Germany,Online
TX011548,20041,2026-05-10 20:25:26,Card Purchase,242.35,France,Online
TX011549,20193,2026-09-28 15:58:45,Bank Transfer,38.73,United Kingdom,Mobile
TX011550,20199,2026-10-22 12:59:54,Card Purchase,65.66,United Kingdom,Mobile
TX011551,20046,2026-01-17 12:04:45,Card Purchase,37.01,Ireland,Mobile
TX011552,20654,2026-01-29 11:47:42,Card Purchase,143.15,United Kingdom,Online
TX011553,20586,2026-01-07 22:40:50,Card Purchase,28.67,United Kingdom,Online
TX011554,20596,2026-12-06 10:50:59,Card Purchase,30.03,United Kingdom,Branch
TX011555,20490,2026-09-01 09:26:12,Direct Debit,497.63,United Kingdom,Card
TX011556,20519,2026-06-30 02:07:06,Direct Debit,137.55,United Kingdom,Online
TX011557,20613,2026-11-17 05:48:25,Card Purchase,148.27,United Kingdom,Mobile
TX011558,20300,2026-05-23 01:08:42,Card Purchase,65.56,Ireland,Card
TX011559,20231,2026-03-15 17:04:47,Card Purchase,30.12,United Kingdom,Online
TX011560,20564,2026-07-19 18:36:03,Bank Transfer,541.75,United Kingdom,Card
TX011561,20316,2026-04-01 06:20:43,Card Purchase,49.48,United Kingdom,Mobile
TX011562,20312,2026-05-23 03:13:36,Card Purchase,48.51,Singapore,Online
TX011563,20261,2026-04-07 13:35:25,Deposit,81.49,United States,Online
TX011564,20657,2026-09-26 18:21:41,Card Purchase,59.61,Netherlands,Card
TX011565,20269,2026-02-02 21:52:26,Direct Debit,108.76,United Kingdom,Mobile
TX011566,20242,2026-08-08 20:31:07,Card Purchase,62.87,United Kingdom,Online
TX011567,20559,2026-10-25 09:32:23,Card Purchase,293.85,Germany,ATM
TX011568,20515,2026-12-12 07:09:39,Card Purchase,1228.5,United Kingdom,Card
TX011569,20380,2026-07-11 14:00:08,Bank Transfer,112.06,United Kingdom,Branch
TX011570,20517,2026-11-25 20:50:57,Card Purchase,45.75,UAE,Mobile
TX011571,20167,2026-11-12 03:46:36,Direct Debit,114.52,United Kingdom,Mobile
TX011572,20461,2026-06-30 03:01:38,Direct Debit,159.96,United Kingdom,Mobile
TX011573,20521,2026-01-17 04:22:44,Bank Transfer,80.73,United Kingdom,Online
TX011574,20191,2026-12-10 03:14:09,Bank Transfer,46.72,United Kingdom,ATM
TX011575,20063,2026-11-25 16:33:38,Card Purchase,29.2,United Kingdom,Online
TX011576,20044,2026-09-08 00:42:04,Card Purchase,99.98,United Kingdom,Online
TX011577,20047,2026-09-05 05:39:18,Bank Transfer,98.06,United Kingdom,Mobile
TX011578,20584,2026-12-05 13:29:45,Card Purchase,41.16,Singapore,Online
TX011579,20102,2026-05-14 20:09:00,Deposit,19.1,United Kingdom,Online
TX011580,20420,2026-08-26 21:10:13,Direct Debit,116.63,Germany,Mobile
TX011581,20549,2026-06-23 10:42:06,Bank Transfer,66.03,United Kingdom,Card
TX011582,20548,2026-02-17 19:43:27,Card Purchase,302.24,United Kingdom,Online
TX011583,20105,2026-12-09 10:45:14,Deposit,57.29,United Kingdom,Mobile
TX011584,20222,2026-03-15 14:08:21,Card Purchase,108.09,United Kingdom,Card
TX011585,20050,2026-02-04 15:18:40,Card Purchase,341.54,Nigeria,Mobile
TX011586,20261,2026-08-27 04:53:54,Cash Withdrawal,52.51,United Kingdom,Online
TX011587,20565,2026-09-01 15:44:28,Deposit,317.09,United States,Mobile
TX011588,20389,2026-06-29 01:35:52,Card Purchase,59.86,United Kingdom,Mobile
TX011589,20124,2026-10-30 07:35:04,Cash Withdrawal,53.47,UAE,Mobile
TX011590,20606,2026-05-12 07:03:12,Card Purchase,123.52,UAE,Mobile
TX011591,20102,2026-03-23 21:54:22,Cash Withdrawal,146.41,Nigeria,Online
TX011592,20239,2026-07-27 11:23:49,Bank Transfer,26.33,United Kingdom,Online
TX011593,20656,2026-07-03 20:39:53,Bank Transfer,41.44,United Kingdom,Online
TX011594,20665,2026-01-23 02:07:08,Deposit,35.26,France,ATM
TX011595,20661,2026-04-16 08:53:43,Bank Transfer,25.12,United Kingdom,Mobile
TX011596,20208,2026-08-01 01:36:11,Bank Transfer,392.36,Nigeria,Online
TX011597,20239,2026-04-06 00:49:34,Card Purchase,105.21,United Kingdom,Card
TX011598,20582,2026-03-14 12:33:36,Direct Debit,384.49,United Kingdom,Card
TX011599,20110,2026-03-25 05:41:25,Direct Debit,27.76,Ireland,Mobile
TX011600,20410,2026-07-08 21:57:57,Card Purchase,139.74,United Kingdom,Online
TX011601,20095,2026-05-14 00:01:05,Card Purchase,294.93,United Kingdom,ATM
TX011602,20489,2026-04-17 05:39:16,Bank Transfer,112.14,United Kingdom,Card
TX011603,20458,2026-12-19 23:54:10,Bank Transfer,83.34,UAE,Mobile
TX011604,20143,2026-07-18 14:35:28,Card Purchase,15.94,United Kingdom,Mobile
TX011605,20556,2026-06-02 18:54:59,Card Purchase,274.41,United Kingdom,Card
TX011606,20650,2026-05-02 04:38:46,Card Purchase,70.09,Ireland,Mobile
TX011607,20630,2026-07-13 13:55:50,Direct Debit,72.09,United Kingdom,Online
TX011608,20316,2026-07-02 07:16:13,Card Purchase,134.96,United Kingdom,Mobile
TX011609,20470,2026-09-24 18:01:50,Bank Transfer,293.26,United Kingdom,Card
TX011610,20534,2026-11-16 12:07:51,Card Purchase,433.28,United Kingdom,Mobile
TX011611,20156,2026-09-20 00:55:36,Bank Transfer,4.44,United Kingdom,Online
TX011612,20438,2026-01-08 01:23:16,Bank Transfer,69.88,United Kingdom,Online
TX011613,20044,2026-05-21 21:57:56,Card Purchase,40.33,UAE,Mobile
TX011614,20584,2026-08-21 13:54:21,Deposit,25.13,United Kingdom,ATM
TX011615,20037,2026-08-09 18:51:37,Bank Transfer,21.09,United Kingdom,Mobile
TX011616,20301,2026-10-05 21:10:44,Direct Debit,438.84,France,Mobile
TX011617,20026,2026-10-08 17:38:35,Direct Debit,63.57,United Kingdom,Mobile
TX011618,20380,2026-10-16 03:20:48,Card Purchase,81.62,United States,Card
TX011619,20601,2026-02-09 22:48:00,Direct Debit,227.98,United Kingdom,Card
TX011620,20354,2026-11-14 21:12:36,Card Purchase,98.17,United Kingdom,Mobile
TX011621,20290,2026-02-21 15:48:40,Card Purchase,27.34,United Kingdom,Branch
TX011622,20361,2026-08-26 21:21:00,Card Purchase,29.95,Ireland,Mobile
TX011623,20206,2026-01-06 15:08:52,Card Purchase,27.66,United Kingdom,Card
TX011624,20159,2026-03-21 01:57:23,Bank Transfer,38.68,United Kingdom,ATM
TX011625,20290,2026-04-23 03:30:45,Bank Transfer,110.81,UAE,ATM
TX011626,20393,2026-12-08 03:20:30,Card Purchase,496.72,Ireland,Mobile
TX011627,20038,2026-11-29 02:19:10,Card Purchase,335.48,United Kingdom,Online
TX011628,20337,2026-03-28 02:31:29,Card Purchase,46.43,United Kingdom,ATM
TX011629,20328,2026-02-26 13:09:03,Deposit,65.4,UAE,Card
TX011630,20620,2026-06-21 22:13:28,Cash Withdrawal,149.95,France,Mobile
TX011631,20368,2026-05-18 01:25:31,Card Purchase,95.13,United Kingdom,Card
TX011632,20283,2026-01-31 10:31:10,Card Purchase,246.67,United Kingdom,Mobile
TX011633,20042,2026-05-27 22:23:11,Direct Debit,217.27,Singapore,Online
TX011634,20250,2026-11-18 20:15:56,Direct Debit,227.63,Netherlands,Mobile
TX011635,20539,2026-07-06 15:03:16,Cash Withdrawal,53.45,Germany,ATM
TX011636,20456,2026-12-05 01:40:47,Direct Debit,30.98,United Kingdom,Online
TX011637,20269,2026-10-17 05:22:15,Card Purchase,51.82,Singapore,Mobile
TX011638,20666,2026-03-25 17:39:33,Card Purchase,35.86,United Kingdom,Branch
TX011639,20175,2026-05-22 01:59:03,Cash Withdrawal,30.66,United Kingdom,Online
TX011640,20019,2026-06-29 06:18:06,Card Purchase,112.48,Germany,ATM
TX011641,20624,2026-04-30 06:34:34,Deposit,115.24,Nigeria,Mobile
TX011642,20435,2026-08-10 18:19:29,Direct Debit,59.99,Ireland,Card
TX011643,20261,2026-03-06 21:27:31,Card Purchase,500.76,United Kingdom,Card
TX011644,20262,2026-03-30 08:55:35,Card Purchase,250.59,United Kingdom,Card
TX011645,20642,2026-09-24 15:42:40,Card Purchase,28.26,Singapore,Mobile
TX011646,20486,2026-11-10 02:46:55,Card Purchase,64.88,United Kingdom,Online
TX011647,20563,2026-03-18 15:29:14,Card Purchase,86.02,United Kingdom,ATM
TX011648,20312,2026-11-04 06:33:43,Bank Transfer,55.27,United Kingdom,Card
TX011649,20267,2026-09-11 05:29:35,Card Purchase,210.91,France,Online
TX011650,20568,2026-12-14 09:49:12,Bank Transfer,56.19,UAE,Card
TX011651,20165,2026-01-09 07:06:47,Bank Transfer,48.71,United Kingdom,Mobile
TX011652,20032,2026-12-26 19:01:44,Card Purchase,42.64,United Kingdom,ATM
TX011653,20069,2026-06-04 12:42:11,Card Purchase,26.39,France,Online
TX011654,20544,2026-08-05 06:38:07,Cash Withdrawal,231.0,Ireland,Mobile
TX011655,20476,2026-07-07 18:50:45,Card Purchase,205.16,United Kingdom,Card
TX011656,20439,2026-11-21 00:58:19,Cash Withdrawal,269.61,Singapore,ATM
TX011657,20208,2026-04-19 17:34:51,Bank Transfer,50.7,France,ATM
TX011658,20412,2026-06-26 20:50:07,Bank Transfer,73.35,United Kingdom,ATM
TX011659,20106,2026-02-16 23:47:38,Card Purchase,46.55,Spain,Card
TX011660,20022,2026-04-23 13:31:18,Card Purchase,65.45,United Kingdom,Mobile
TX011661,20015,2026-05-05 18:18:04,Direct Debit,50.38,United Kingdom,Card
TX011662,20259,2026-12-07 10:43:19,Bank Transfer,24326.16,United Kingdom,Online
TX011663,20258,2026-02-05 10:30:47,Card Purchase,30.5,United Kingdom,Mobile
TX011664,20524,2026-08-02 03:35:54,Card Purchase,338.94,United Kingdom,ATM
TX011665,20652,2026-02-01 20:15:12,Card Purchase,15.14,United States,Mobile
TX011666,20148,2026-08-05 22:35:32,Card Purchase,112.16,United Kingdom,Card
TX011667,20270,2026-05-08 18:01:05,Direct Debit,105.32,United Kingdom,Card
TX011668,20419,2026-09-29 20:57:21,Deposit,77.86,United Kingdom,ATM
TX011669,20418,2026-04-22 00:26:51,Card Purchase,183.24,France,Online
TX011670,20155,2026-04-01 11:48:55,Bank Transfer,231.21,United Kingdom,Online
TX011671,20300,2026-01-29 04:53:32,Card Purchase,7592.29,United Kingdom,ATM
TX011672,20367,2026-08-16 20:10:22,Cash Withdrawal,564.31,United Kingdom,Online
TX011673,20106,2026-04-29 17:07:28,Bank Transfer,71.97,United Kingdom,Card
TX011674,20327,2026-06-07 00:19:56,Direct Debit,77.17,Singapore,ATM
TX011675,20222,2026-12-25 21:00:00,Card Purchase,311.13,United Kingdom,Card
TX011676,20534,2026-07-03 05:12:02,Deposit,313.47,France,Card
TX011677,20044,2026-07-11 20:02:27,Card Purchase,82.36,Ireland,Card
TX011678,20356,2026-04-28 21:13:22,Bank Transfer,149.54,United Kingdom,Mobile
TX011679,20004,2026-06-01 12:11:08,Deposit,381.8,Nigeria,ATM
TX011680,20061,2026-03-07 02:26:24,Card Purchase,43.89,United Kingdom,Online
TX011681,20389,2026-10-08 18:35:48,Card Purchase,58.54,Nigeria,Mobile
TX011682,20367,2026-07-13 08:28:42,Direct Debit,24.64,United Kingdom,Mobile
TX011683,20175,2026-10-27 22:41:25,Card Purchase,188.93,United Kingdom,Mobile
TX011684,20601,2026-07-18 17:35:41,Card Purchase,29.25,United Kingdom,Card
TX011685,20651,2026-05-10 16:26:48,Card Purchase,320.12,United Kingdom,Mobile
TX011686,20223,2026-04-10 21:15:57,Bank Transfer,55.73,France,Mobile
TX011687,20271,2026-10-25 14:29:44,Bank Transfer,439.85,United Kingdom,ATM
TX011688,20062,2026-02-11 22:04:38,Card Purchase,34.34,Ireland,ATM
TX011689,20611,2026-01-20 04:23:52,Card Purchase,99.78,United Kingdom,Mobile
TX011690,20508,2026-02-07 00:01:57,Bank Transfer,122.22,Germany,Card
TX011691,20547,2026-12-16 06:58:50,Card Purchase,79.53,United Kingdom,Online
TX011692,20636,2026-01-17 06:08:48,Deposit,45.1,Netherlands,Online
TX011693,20249,2026-12-22 10:50:33,Card Purchase,81.18,United Kingdom,Mobile
TX011694,20248,2026-04-09 00:22:39,Card Purchase,60.68,Germany,Card
TX011695,20376,2026-07-12 07:21:06,Card Purchase,194.29,Nigeria,Online
TX011696,20178,2026-05-09 21:59:57,Direct Debit,30.56,United Kingdom,Mobile
TX011697,20117,2026-01-25 00:56:13,Card Purchase,385.53,United States,Card
TX011698,20239,2026-08-25 15:17:21,Direct Debit,28.14,United Kingdom,Online
TX011699,20472,2026-11-26 07:42:12,Cash Withdrawal,81.34,United Kingdom,Online
TX011700,20332,2026-12-29 18:19:00,Card Purchase,76.24,United Kingdom,Mobile
TX011701,20382,2026-01-08 03:16:08,Card Purchase,53.18,United Kingdom,Card
TX011702,20263,2026-02-28 12:52:23,Direct Debit,502.53,France,Mobile
TX011703,20162,2026-09-21 05:59:46,Card Purchase,100.95,United Kingdom,Online
TX011704,20195,2026-06-20 01:47:12,Card Purchase,175.15,United Kingdom,Card
TX011705,20529,2026-07-21 19:52:28,Bank Transfer,293.93,United Kingdom,ATM
TX011706,20659,2026-09-05 04:57:53,Deposit,190.2,France,Online
TX011707,20056,2026-07-22 11:09:35,Cash Withdrawal,192.77,Nigeria,ATM
TX011708,20356,2026-07-16 08:18:20,Card Purchase,49.48,Spain,Mobile
TX011709,20142,2026-12-23 22:14:49,Bank Transfer,13052.85,United States,ATM
TX011710,20087,2026-08-15 01:29:28,Bank Transfer,432.86,United Kingdom,Mobile
TX011711,20494,2026-02-14 08:57:13,Cash Withdrawal,177.21,United Kingdom,Mobile
TX011712,20648,2026-03-28 18:03:30,Bank Transfer,222.84,UAE,ATM
TX011713,20103,2026-01-23 21:44:59,Direct Debit,145.29,Ireland,ATM
TX011714,20063,2026-08-09 08:48:59,Card Purchase,19.72,United Kingdom,Card
TX011715,20565,2026-11-19 10:21:04,Direct Debit,15.6,United Kingdom,Online
TX011716,20389,2026-09-15 21:58:36,Card Purchase,423.45,United Kingdom,Online
TX011717,20214,2026-09-19 07:56:28,Bank Transfer,98.02,Ireland,Mobile
TX011718,20333,2026-04-20 01:53:15,Bank Transfer,253.37,United Kingdom,Mobile
TX011719,20458,2026-04-14 03:29:48,Cash Withdrawal,158.98,United Kingdom,Online
TX011720,20271,2026-01-03 03:13:22,Card Purchase,50.73,Netherlands,Branch
TX011721,20647,2026-03-23 02:05:13,Card Purchase,288.41,Germany,Card
TX011722,20663,2026-10-15 11:02:59,Card Purchase,26.49,Ireland,Online
TX011723,20401,2026-07-04 07:55:34,Direct Debit,210.25,France,Card
TX011724,20238,2026-10-17 19:52:54,Deposit,117.09,United Kingdom,Online
TX011725,20254,2026-01-20 10:29:26,Card Purchase,49.45,United Kingdom,Card
TX011726,20200,2026-08-15 00:28:07,Direct Debit,35.08,United Kingdom,Mobile
TX011727,20012,2026-10-10 13:53:04,Card Purchase,70.61,France,Card
TX011728,20128,2026-08-14 01:55:20,Direct Debit,1057.23,United Kingdom,Card
TX011729,20131,2026-05-03 06:55:01,Direct Debit,17.01,Germany,Online
TX011730,20303,2026-10-01 15:11:28,Deposit,160.6,United Kingdom,Online
TX011731,20119,2026-10-17 06:18:23,Card Purchase,33.18,United Kingdom,Online
TX011732,20441,2026-12-22 22:44:20,Card Purchase,74.62,United Kingdom,Mobile
TX011733,20574,2026-03-29 11:55:16,Card Purchase,322.17,United Kingdom,Online
TX011734,20649,2026-12-30 07:39:14,Direct Debit,83.99,United Kingdom,Mobile
TX011735,20310,2026-07-02 20:59:19,Card Purchase,52.38,United Kingdom,Branch
TX011736,20472,2026-07-19 07:44:00,Direct Debit,102.23,Germany,Mobile
TX011737,20534,2026-09-24 05:17:14,Card Purchase,171.93,United Kingdom,Online
TX011738,20479,2026-10-29 20:24:32,Card Purchase,26.88,United Kingdom,Mobile
TX011739,20290,2026-07-21 07:11:21,Cash Withdrawal,34.79,Singapore,Online
TX011740,20666,2026-11-07 03:55:01,Card Purchase,30.85,United Kingdom,Online
TX011741,20659,2026-11-25 08:42:11,Bank Transfer,160.33,Nigeria,Online
TX011742,20633,2026-02-21 05:01:00,Direct Debit,328.0,United Kingdom,Online
TX011743,20383,2026-08-16 10:02:59,Deposit,92.64,Netherlands,Card
TX011744,20154,2026-10-01 13:35:46,Direct Debit,543.17,United States,Mobile
TX011745,20216,2026-09-08 07:19:38,Card Purchase,26.78,United Kingdom,Mobile
TX011746,20599,2026-06-05 04:02:59,Cash Withdrawal,13.28,United Kingdom,Mobile
TX011747,20620,2026-04-02 20:37:28,Bank Transfer,41.5,Germany,Online
TX011748,20442,2026-06-05 18:12:18,Card Purchase,152.84,United Kingdom,Mobile
TX011749,20242,2026-01-10 05:48:49,Card Purchase,43.44,United Kingdom,Card
TX011750,20451,2026-04-23 20:53:02,Card Purchase,193.2,United States,Card
TX011751,20527,2026-09-07 14:08:08,Cash Withdrawal,34.78,United Kingdom,Card
TX011752,20514,2026-07-11 17:39:26,Direct Debit,43.09,Netherlands,Mobile
TX011753,20353,2026-06-27 22:14:06,Bank Transfer,153.15,United Kingdom,ATM
TX011754,20376,2026-08-11 04:11:31,Card Purchase,26.2,France,Online
TX011755,20283,2026-09-06 11:11:54,Bank Transfer,74.74,United Kingdom,ATM
TX011756,20461,2026-06-09 01:05:50,Bank Transfer,156.1,Netherlands,ATM
TX011757,20105,2026-04-07 17:02:56,Card Purchase,15.54,United Kingdom,Mobile
TX011758,20146,2026-02-20 14:46:12,Card Purchase,75.39,United Kingdom,Online
TX011759,20672,2026-03-26 01:41:30,Card Purchase,46.89,UAE,Online
TX011760,20215,2026-05-15 07:03:44,Cash Withdrawal,170.47,United Kingdom,Mobile
TX011761,20425,2026-06-03 07:23:54,Card Purchase,288.78,Netherlands,Card
TX011762,20078,2026-11-10 10:32:00,Cash Withdrawal,29.57,United States,Card
TX011763,20641,2026-12-01 09:36:42,Direct Debit,20.82,United Kingdom,Mobile
TX011764,20572,2026-02-18 00:58:32,Direct Debit,118.28,United Kingdom,Branch
TX011765,20530,2026-09-09 04:20:04,Card Purchase,92.08,United Kingdom,Card
TX011766,20547,2026-10-21 17:06:38,Direct Debit,246.66,United Kingdom,ATM
TX011767,20594,2026-12-23 18:31:50,Direct Debit,178.48,Germany,Mobile
TX011768,20370,2026-04-05 18:38:43,Bank Transfer,60.93,UAE,Online
TX011769,20135,2026-08-04 07:18:05,Card Purchase,84.87,United Kingdom,ATM
TX011770,20655,2026-06-28 17:07:21,Card Purchase,125.97,United Kingdom,Mobile
TX011771,20101,2026-01-12 09:17:35,Deposit,8.33,United Kingdom,Online
TX011772,20380,2026-03-05 19:04:31,Card Purchase,60.22,Singapore,Card
TX011773,20099,2026-06-03 13:32:18,Card Purchase,122.44,United Kingdom,Card
TX011774,20333,2026-06-29 14:30:05,Card Purchase,50.11,United Kingdom,Online
TX011775,20208,2026-05-17 22:19:49,Deposit,192.92,United Kingdom,Mobile
TX011776,20031,2026-06-15 11:33:00,Deposit,343.59,Singapore,Mobile
TX011777,20123,2026-04-29 08:10:17,Deposit,21.27,United Kingdom,Card
TX011778,20279,2026-09-07 04:33:21,Bank Transfer,23.58,Spain,Online
TX011779,20046,2026-06-05 03:32:01,Card Purchase,102.75,United Kingdom,Online
TX011780,20268,2026-03-03 01:16:37,Deposit,43.29,Nigeria,Branch
TX011781,20422,2026-07-19 00:25:33,Card Purchase,81.89,United States,Card
TX011782,20466,2026-11-02 00:14:31,Direct Debit,87.39,Germany,Online
TX011783,20212,2026-05-11 03:53:36,Card Purchase,221.01,United Kingdom,Mobile
TX011784,20580,2026-01-06 06:28:31,Bank Transfer,55.6,Germany,Card
TX011785,20674,2026-06-12 04:54:59,Bank Transfer,32.47,United Kingdom,Branch
TX011786,20075,2026-02-07 05:18:26,Bank Transfer,301.76,United Kingdom,Card
TX011787,20328,2026-07-12 01:23:51,Bank Transfer,79.98,United Kingdom,ATM
TX011788,20615,2026-07-22 18:10:34,Cash Withdrawal,72.52,United Kingdom,ATM
TX011789,20034,2026-09-08 23:49:23,Card Purchase,130.91,United States,Card
TX011790,20130,2026-12-21 18:55:23,Card Purchase,65.85,Singapore,Online
TX011791,20395,2026-10-27 06:58:27,Card Purchase,119.47,United Kingdom,Online
TX011792,20058,2026-04-17 21:31:14,Card Purchase,51.64,United Kingdom,Mobile
TX011793,20609,2026-10-17 09:20:39,Card Purchase,5.65,Spain,Online
TX011794,20061,2026-02-13 17:46:00,Card Purchase,232.37,United Kingdom,ATM
TX011795,20299,2026-08-07 16:16:44,Direct Debit,28.4,Ireland,Mobile
TX011796,20609,2026-03-22 07:26:13,Card Purchase,43.18,Netherlands,Mobile
TX011797,20506,2026-03-29 22:38:56,Cash Withdrawal,53.52,United Kingdom,Online
TX011798,20270,2026-10-11 13:41:47,Direct Debit,229.13,United Kingdom,Online
TX011799,20137,2026-02-17 19:53:54,Card Purchase,1635.22,Netherlands,Mobile
TX011800,20173,2026-04-19 02:10:58,Card Purchase,139.06,Ireland,Card
TX011801,20479,2026-09-22 18:17:44,Card Purchase,212.04,Netherlands,Card
TX011802,20350,2026-09-19 03:25:10,Card Purchase,9.22,United Kingdom,Online
TX011803,20457,2026-06-13 17:49:28,Deposit,57.45,United Kingdom,Card
TX011804,20112,2026-08-16 08:19:59,Card Purchase,74.47,United Kingdom,Online
TX011805,20336,2026-11-14 20:57:56,Card Purchase,391.05,Spain,Mobile
TX011806,20317,2026-06-22 12:02:24,Deposit,51.12,Singapore,Mobile
TX011807,20661,2026-03-01 02:58:44,Bank Transfer,309.9,United Kingdom,Mobile
TX011808,20274,2026-09-23 15:24:18,Bank Transfer,526.84,United Kingdom,Mobile
TX011809,20329,2026-11-28 23:04:53,Deposit,27.5,United Kingdom,ATM
TX011810,20603,2026-10-23 11:11:54,Card Purchase,104.23,United States,Card
TX011811,20466,2026-10-23 17:57:37,Card Purchase,148.01,United Kingdom,ATM
TX011812,20328,2026-12-05 20:36:05,Bank Transfer,131.81,United Kingdom,Card
TX011813,20347,2026-06-20 03:11:45,Direct Debit,10.14,United Kingdom,Branch
TX011814,20396,2026-07-02 23:58:57,Deposit,52.39,UAE,Mobile
TX011815,20423,2026-03-30 03:35:16,Card Purchase,355.17,United Kingdom,Online
TX011816,20088,2026-07-19 22:36:03,Cash Withdrawal,219.46,France,Card
TX011817,20122,2026-04-28 16:36:53,Deposit,663.17,France,Branch
TX011818,20633,2026-07-20 12:24:17,Card Purchase,35.74,Spain,Card
TX011819,20288,2026-07-20 07:37:35,Deposit,870.32,Singapore,Online
TX011820,20442,2026-06-26 05:09:51,Deposit,41.49,Spain,Mobile
TX011821,20172,2026-06-07 10:44:50,Card Purchase,36.63,Ireland,Mobile
TX011822,20158,2026-11-12 22:35:37,Deposit,45.79,Spain,Card
TX011823,20223,2026-04-18 17:04:01,Cash Withdrawal,171.27,United Kingdom,ATM
TX011824,20113,2026-05-12 19:36:42,Cash Withdrawal,553.05,United Kingdom,Mobile
TX011825,20006,2026-07-27 22:16:15,Card Purchase,265.49,Germany,Online
TX011826,20567,2026-03-30 12:05:23,Deposit,85.5,United Kingdom,Branch
TX011827,20156,2026-01-09 12:48:42,Direct Debit,55.74,United Kingdom,Branch
TX011828,20366,2026-01-05 17:38:58,Card Purchase,93.6,Ireland,Card
TX011829,20059,2026-02-27 09:43:02,Direct Debit,397.73,United Kingdom,ATM
TX011830,20313,2026-07-22 01:26:11,Card Purchase,17.53,United Kingdom,Mobile
TX011831,20365,2026-10-30 01:08:00,Card Purchase,55.87,United States,Mobile
TX011832,20041,2026-02-28 17:18:11,Bank Transfer,71.11,United Kingdom,ATM
TX011833,20641,2026-05-04 21:11:26,Card Purchase,122.11,Ireland,Mobile
TX011834,20575,2026-12-31 04:17:30,Card Purchase,29.31,United Kingdom,Mobile
TX011835,20408,2026-08-02 09:17:13,Cash Withdrawal,125.64,United Kingdom,Card
TX011836,20103,2026-03-12 08:49:04,Card Purchase,170.71,United Kingdom,Online
TX011837,20179,2026-11-18 22:01:03,Card Purchase,221.28,UAE,Card
TX011838,20461,2026-01-31 01:25:01,Card Purchase,113.39,Singapore,Card
TX011839,20155,2026-06-08 23:25:36,Deposit,118.96,United Kingdom,Branch
TX011840,20365,2026-06-18 04:40:35,Bank Transfer,187.67,United Kingdom,Card
TX011841,20595,2026-01-29 07:51:12,Cash Withdrawal,70.33,Nigeria,Mobile
TX011842,20213,2026-12-17 12:27:12,Card Purchase,65.14,United Kingdom,Mobile
TX011843,20598,2026-12-19 04:24:57,Direct Debit,184.97,United Kingdom,Card
TX011844,20662,2026-10-10 19:57:24,Card Purchase,163.36,United States,Mobile
TX011845,20215,2026-07-12 12:39:22,Direct Debit,13.45,United Kingdom,Card
TX011846,20452,2026-06-23 00:58:13,Deposit,374.93,United Kingdom,Card
TX011847,20557,2026-08-17 11:06:37,Deposit,95.8,France,Online
TX011848,20652,2026-07-13 21:45:05,Card Purchase,73.92,United Kingdom,Online
TX011849,20024,2026-04-17 14:29:15,Bank Transfer,179.21,United Kingdom,Card
TX011850,20024,2026-04-18 01:04:08,Cash Withdrawal,218.4,United Kingdom,Mobile
TX011851,20021,2026-04-23 19:12:14,Card Purchase,10.35,France,Mobile
TX011852,20285,2026-04-05 04:26:41,Card Purchase,123.37,United States,Card
TX011853,20421,2026-08-31 13:31:45,Direct Debit,389.57,United Kingdom,Mobile
TX011854,20485,2026-10-03 17:41:14,Deposit,32.11,United Kingdom,Online
TX011855,20006,2026-07-15 10:55:09,Direct Debit,120.86,United Kingdom,Online
TX011856,20563,2026-10-29 16:04:19,Direct Debit,99.18,United Kingdom,Mobile
TX011857,20585,2026-05-24 03:45:52,Bank Transfer,110.14,Spain,Card
TX011858,20307,2026-01-01 08:29:01,Card Purchase,61.44,France,ATM
TX011859,20083,2026-11-21 05:07:31,Bank Transfer,85.05,Netherlands,ATM
TX011860,20284,2026-10-02 13:56:45,Card Purchase,400.81,Netherlands,ATM
TX011861,20264,2026-04-25 04:08:47,Card Purchase,372.65,United Kingdom,Card
TX011862,20168,2026-08-29 17:52:44,Bank Transfer,102.69,United Kingdom,Online
TX011863,20459,2026-05-26 20:52:04,Card Purchase,37.06,United Kingdom,Online
TX011864,20362,2026-07-24 18:55:12,Card Purchase,180.13,United Kingdom,Online
TX011865,20280,2026-06-30 19:14:59,Direct Debit,31.52,United Kingdom,Online
TX011866,20092,2026-05-30 13:24:47,Card Purchase,763.83,United Kingdom,ATM
TX011867,20340,2026-11-16 21:28:52,Deposit,249.14,United Kingdom,Online
TX011868,20224,2026-08-14 03:04:29,Bank Transfer,82.61,France,Mobile
TX011869,20184,2026-02-12 20:24:06,Card Purchase,17.49,United Kingdom,Card
TX011870,20554,2026-09-14 19:43:45,Direct Debit,96.28,United Kingdom,Mobile
TX011871,20186,2026-03-31 17:51:03,Bank Transfer,39.49,UAE,ATM
TX011872,20591,2026-07-31 09:43:56,Card Purchase,367.91,United Kingdom,Mobile
TX011873,20254,2026-09-16 20:58:43,Bank Transfer,208.48,United States,Online
TX011874,20324,2026-09-28 16:39:18,Cash Withdrawal,114.7,United Kingdom,ATM
TX011875,20557,2026-05-12 00:13:43,Cash Withdrawal,13.75,Singapore,Mobile
TX011876,20215,2026-07-18 09:18:19,Card Purchase,22.09,United Kingdom,ATM
TX011877,20333,2026-04-07 04:51:54,Bank Transfer,336.15,Ireland,Card
TX011878,20502,2026-07-20 04:30:34,Card Purchase,29.34,United Kingdom,Online
TX011879,20510,2026-01-12 14:31:27,Card Purchase,214.77,United Kingdom,ATM
TX011880,20506,2026-05-14 13:24:33,Card Purchase,38.83,France,Online
TX011881,20447,2026-08-19 13:07:47,Card Purchase,555.79,Spain,ATM
TX011882,20367,2026-12-14 08:13:53,Card Purchase,121.48,United Kingdom,Mobile
TX011883,20214,2026-11-20 01:07:52,Card Purchase,60.08,Spain,ATM
TX011884,20139,2026-07-10 08:10:44,Bank Transfer,199.11,United Kingdom,Card
TX011885,20042,2026-02-27 11:50:03,Bank Transfer,269.52,United Kingdom,Mobile
TX011886,20338,2026-11-13 11:55:01,Card Purchase,108.65,United Kingdom,ATM
TX011887,20261,2026-02-22 22:47:10,Card Purchase,33.67,United Kingdom,Mobile
TX011888,20099,2026-07-02 09:17:37,Bank Transfer,72.27,United Kingdom,Online
TX011889,20572,2026-01-31 09:15:00,Bank Transfer,57.11,Singapore,Mobile
TX011890,20369,2026-11-08 13:22:04,Card Purchase,43.78,United Kingdom,ATM
TX011891,20250,2026-01-02 13:45:41,Card Purchase,80.87,United Kingdom,Card
TX011892,20274,2026-02-15 19:46:18,Card Purchase,492.59,United States,Mobile
TX011893,20289,2026-08-15 14:05:18,Cash Withdrawal,225.02,Nigeria,Card
TX011894,20069,2026-06-13 14:58:47,Bank Transfer,369.06,United Kingdom,Branch
TX011895,20443,2026-07-02 01:00:58,Deposit,24.96,Singapore,ATM
TX011896,20473,2026-04-23 00:50:30,Card Purchase,74.98,United Kingdom,ATM
TX011897,20031,2026-12-09 07:40:36,Card Purchase,84.71,United Kingdom,Mobile
TX011898,20341,2026-11-13 22:55:15,Card Purchase,3.39,United Kingdom,Mobile
TX011899,20633,2026-12-26 03:06:46,Bank Transfer,57.29,United States,Mobile
TX011900,20581,2026-10-20 17:49:07,Deposit,63.19,United Kingdom,Online
TX011901,20615,2026-04-04 18:02:32,Card Purchase,27.38,United Kingdom,Online
TX011902,20578,2026-05-23 19:46:03,Deposit,158.22,Nigeria,Card
TX011903,20672,2026-05-21 16:40:03,Card Purchase,115.75,United Kingdom,Online
TX011904,20338,2026-03-22 01:46:54,Direct Debit,260.15,Nigeria,Card
TX011905,20625,2026-11-17 05:11:24,Card Purchase,53.21,Netherlands,Branch
TX011906,20304,2026-09-04 07:59:05,Card Purchase,61.98,France,ATM
TX011907,20051,2026-12-03 14:26:11,Card Purchase,105.5,United Kingdom,ATM
TX011908,20603,2026-03-12 10:07:33,Card Purchase,139.89,United Kingdom,Card
TX011909,20135,2026-06-04 16:08:44,Bank Transfer,79.23,United Kingdom,ATM
TX011910,20667,2026-02-14 01:36:09,Direct Debit,15.84,United Kingdom,Branch
TX011911,20587,2026-11-26 13:28:46,Cash Withdrawal,144.78,France,Mobile
TX011912,20222,2026-05-05 10:19:40,Card Purchase,218.17,Nigeria,Mobile
TX011913,20425,2026-06-04 18:36:22,Deposit,69.52,Netherlands,Online
TX011914,20055,2026-04-20 04:05:48,Bank Transfer,36.4,United Kingdom,Mobile
TX011915,20325,2026-12-11 22:45:10,Card Purchase,124.67,United Kingdom,Card
TX011916,20496,2026-10-14 22:07:51,Direct Debit,164.77,Ireland,Online
TX011917,20342,2026-09-30 22:17:22,Deposit,11.92,Ireland,Mobile
TX011918,20200,2026-08-28 10:34:31,Cash Withdrawal,41.33,Germany,Online
TX011919,20169,2026-02-18 02:27:17,Bank Transfer,190.53,United Kingdom,Branch
TX011920,20202,2026-10-18 19:08:16,Deposit,189.93,United States,Card
TX011921,20399,2026-12-16 16:48:21,Card Purchase,26.7,United Kingdom,Mobile
TX011922,20285,2026-08-15 08:12:53,Card Purchase,119.68,United Kingdom,ATM
TX011923,20521,2026-02-22 00:50:08,Bank Transfer,22.86,UAE,Online
TX011924,20587,2026-04-06 20:57:42,Bank Transfer,100.7,France,Card
TX011925,20407,2026-02-12 03:37:16,Card Purchase,639.63,Spain,Mobile
TX011926,20549,2026-09-17 09:58:07,Bank Transfer,307.76,United Kingdom,Mobile
TX011927,20146,2026-08-28 15:59:26,Card Purchase,53.99,France,Mobile
TX011928,20125,2026-08-29 03:33:07,Bank Transfer,287.31,Ireland,Mobile
TX011929,20304,2026-01-14 01:03:39,Card Purchase,96.04,United Kingdom,Card
TX011930,20082,2026-03-23 17:43:45,Bank Transfer,60.34,United Kingdom,Online
TX011931,20305,2026-12-26 20:06:23,Direct Debit,41.13,Nigeria,ATM
TX011932,20484,2026-02-23 22:06:11,Bank Transfer,204.17,United Kingdom,Mobile
TX011933,20279,2026-03-27 13:14:18,Card Purchase,77.95,Ireland,Card
TX011934,20216,2026-09-30 20:26:06,Card Purchase,30.35,United Kingdom,Mobile
TX011935,20260,2026-10-02 18:59:49,Card Purchase,399.73,Nigeria,Online
TX011936,20541,2026-10-04 22:17:09,Bank Transfer,201.34,United Kingdom,Online
TX011937,20024,2026-11-02 17:01:00,Direct Debit,169.76,United Kingdom,Card
TX011938,20660,2026-06-19 20:49:30,Bank Transfer,195.88,United Kingdom,Mobile
TX011939,20488,2026-03-19 02:46:54,Direct Debit,71.35,United Kingdom,Card
TX011940,20003,2026-02-19 21:25:26,Card Purchase,291.19,United Kingdom,Online
TX011941,20437,2026-07-06 06:39:29,Deposit,119.69,France,ATM
TX011942,20427,2026-11-05 02:00:14,Card Purchase,28.08,United Kingdom,Card
TX011943,20139,2026-02-23 06:50:21,Card Purchase,22.98,Netherlands,Card
TX011944,20245,2026-03-08 05:12:31,Card Purchase,64.51,Spain,Mobile
TX011945,20012,2026-01-25 06:26:26,Card Purchase,95.27,Spain,Mobile
TX011946,20002,2026-01-22 03:14:58,Bank Transfer,803.96,United Kingdom,Card
TX011947,20219,2026-03-12 06:45:46,Card Purchase,247.93,United Kingdom,Card
TX011948,20464,2026-07-16 14:58:29,Bank Transfer,28.79,United Kingdom,Mobile
TX011949,20646,2026-06-14 07:53:34,Direct Debit,49.95,United Kingdom,Online
TX011950,20339,2026-11-25 01:14:00,Card Purchase,25.16,United Kingdom,ATM
TX011951,20575,2026-08-24 04:17:18,Bank Transfer,93.78,United Kingdom,Card
TX011952,20163,2026-07-27 23:07:07,Card Purchase,154.2,United Kingdom,ATM
TX011953,20256,2026-06-14 12:50:20,Deposit,168.02,United Kingdom,ATM
TX011954,20590,2026-05-05 11:12:05,Card Purchase,205.23,France,Mobile
TX011955,20205,2026-12-26 21:26:44,Direct Debit,96.35,United Kingdom,Card
TX011956,20138,2026-12-16 18:00:56,Card Purchase,306.12,United Kingdom,Card
TX011957,20196,2026-02-24 15:20:35,Card Purchase,128.79,United Kingdom,Branch
TX011958,20587,2026-12-26 08:25:20,Card Purchase,186.7,France,Mobile
TX011959,20525,2026-08-29 18:52:01,Card Purchase,65.48,United Kingdom,Card
TX011960,20390,2026-02-04 10:36:45,Bank Transfer,103.43,United Kingdom,Card
TX011961,20409,2026-12-08 12:34:43,Bank Transfer,40.35,United Kingdom,Online
TX011962,20381,2026-08-31 03:23:30,Cash Withdrawal,35.24,United States,Card
TX011963,20148,2026-05-14 09:39:18,Bank Transfer,95.15,United Kingdom,Online
TX011964,20027,2026-04-17 18:38:47,Card Purchase,28.54,Germany,Mobile
TX011965,20336,2026-01-28 05:17:19,Card Purchase,35.02,UAE,Online
TX011966,20376,2026-01-13 02:50:41,Card Purchase,476.12,United Kingdom,Mobile
TX011967,20581,2026-06-09 23:26:10,Card Purchase,797.72,France,Online
TX011968,20042,2026-08-11 07:28:02,Deposit,64.23,United Kingdom,Mobile
TX011969,20235,2026-12-08 03:07:51,Bank Transfer,137.45,Singapore,Mobile
TX011970,20273,2026-11-30 07:35:52,Bank Transfer,766.94,United Kingdom,ATM
TX011971,20032,2026-02-15 07:09:32,Card Purchase,402.42,United Kingdom,Online
TX011972,20037,2026-03-06 07:18:56,Card Purchase,187.75,United Kingdom,Branch
TX011973,20571,2026-08-15 07:17:22,Card Purchase,115.8,Germany,Mobile
TX011974,20589,2026-01-07 09:46:21,Direct Debit,165.95,France,Mobile
TX011975,20142,2026-01-26 10:51:34,Card Purchase,555.43,United Kingdom,Branch
TX011976,20403,2026-09-19 08:28:21,Card Purchase,85.23,United Kingdom,Card
TX011977,20260,2026-09-04 11:14:52,Card Purchase,225.75,United Kingdom,Online
TX011978,20147,2026-08-27 02:04:18,Bank Transfer,271.3,Spain,Mobile
TX011979,20142,2026-06-14 09:11:15,Cash Withdrawal,76.05,Spain,Online
TX011980,20613,2026-06-15 04:47:54,Card Purchase,169.9,Nigeria,Online
TX011981,20611,2026-11-27 01:29:41,Card Purchase,42.95,United Kingdom,ATM
TX011982,20515,2026-10-22 14:48:29,Direct Debit,69.95,United Kingdom,Online
TX011983,20657,2026-08-16 04:19:18,Direct Debit,159.87,United Kingdom,Mobile
TX011984,20291,2026-08-21 19:07:14,Bank Transfer,84.19,United Kingdom,Online
TX011985,20430,2026-09-04 16:22:15,Deposit,10.57,Spain,Mobile
TX011986,20086,2026-08-21 13:35:55,Cash Withdrawal,100.19,United Kingdom,ATM
TX011987,20620,2026-06-28 20:33:53,Card Purchase,85.18,United Kingdom,Online
TX011988,20351,2026-08-20 18:27:43,Card Purchase,70.14,UAE,Mobile
TX011989,20520,2026-04-03 05:00:37,Card Purchase,86.87,Singapore,Mobile
TX011990,20201,2026-08-04 13:53:13,Card Purchase,301.85,United Kingdom,ATM
TX011991,20463,2026-11-08 12:08:55,Card Purchase,476.22,United Kingdom,Online
TX011992,20507,2026-02-23 18:17:32,Card Purchase,40.4,United Kingdom,Card
TX011993,20044,2026-03-03 07:29:28,Bank Transfer,19.31,United Kingdom,Online
TX011994,20379,2026-08-17 15:56:31,Deposit,578.51,United Kingdom,Card
TX011995,20633,2026-11-12 20:26:23,Bank Transfer,36.26,United Kingdom,Online
TX011996,20245,2026-08-20 12:23:06,Deposit,81.04,United States,Online
TX011997,20151,2026-07-31 20:34:38,Bank Transfer,198.92,Nigeria,ATM
TX011998,20529,2026-03-22 17:41:01,Bank Transfer,90.27,United Kingdom,Online
TX011999,20573,2026-11-15 09:00:37,Bank Transfer,75.64,United Kingdom,Online
TX012000,20327,2026-09-17 14:18:20,Card Purchase,43.66,Ireland,Online
TX012001,20036,2026-11-11 09:00:00,Bank Transfer,3837.37,United States,Online
TX012002,20036,2026-11-11 09:04:00,Bank Transfer,2787.44,United States,Online
TX012003,20036,2026-11-11 09:08:00,Bank Transfer,3764.43,Singapore,Online
TX012004,20036,2026-11-11 09:12:00,Bank Transfer,2866.54,UAE,Online
TX012005,20036,2026-11-11 09:16:00,Bank Transfer,3053.91,United States,Online
TX012006,20036,2026-11-11 09:20:00,Bank Transfer,2998.61,UAE,Online
TX012007,20024,2026-10-24 09:00:00,Bank Transfer,3190.85,UAE,Online
TX012008,20024,2026-10-24 09:04:00,Bank Transfer,4438.67,UAE,Online
TX012009,20024,2026-10-24 09:08:00,Bank Transfer,2550.24,UAE,Online
TX012010,20024,2026-10-24 09:12:00,Bank Transfer,3975.7,Nigeria,Online
TX012011,20024,2026-10-24 09:16:00,Bank Transfer,4113.9,Nigeria,Online
TX012012,20024,2026-10-24 09:20:00,Bank Transfer,3051.17,Nigeria,Online
TX012013,20511,2026-11-08 09:00:00,Bank Transfer,3468.08,Singapore,Online
TX012014,20511,2026-11-08 09:04:00,Bank Transfer,4133.04,Nigeria,Online
TX012015,20511,2026-11-08 09:08:00,Bank Transfer,3174.96,United States,Online
TX012016,20511,2026-11-08 09:12:00,Bank Transfer,3839.48,UAE,Online
TX012017,20511,2026-11-08 09:16:00,Bank Transfer,4002.93,United States,Online
TX012018,20511,2026-11-08 09:20:00,Bank Transfer,2132.41,UAE,Online
TX012019,20673,2026-11-12 09:00:00,Bank Transfer,2211.81,Singapore,Online
TX012020,20673,2026-11-12 09:04:00,Bank Transfer,3816.77,United States,Online
TX012021,20673,2026-11-12 09:08:00,Bank Transfer,4058.9,Singapore,Online
TX012022,20673,2026-11-12 09:12:00,Bank Transfer,2478.88,UAE,Online
TX012023,20673,2026-11-12 09:16:00,Bank Transfer,2866.82,Nigeria,Online
TX012024,20673,2026-11-12 09:20:00,Bank Transfer,2585.95,United States,Online
TX012025,20597,2026-11-06 09:00:00,Bank Transfer,2540.73,Nigeria,Online
TX012026,20597,2026-11-06 09:04:00,Bank Transfer,4217.49,UAE,Online
TX012027,20597,2026-11-06 09:08:00,Bank Transfer,2325.39,United States,Online
TX012028,20597,2026-11-06 09:12:00,Bank Transfer,1887.88,United States,Online
TX012029,20597,2026-11-06 09:16:00,Bank Transfer,2956.17,Nigeria,Online
TX012030,20597,2026-11-06 09:20:00,Bank Transfer,3624.95,UAE,Online
TX012031,20251,2026-11-12 09:00:00,Bank Transfer,3327.21,United States,Online
TX012032,20251,2026-11-12 09:04:00,Bank Transfer,2704.96,United States,Online
TX012033,20251,2026-11-12 09:08:00,Bank Transfer,4436.22,UAE,Online
TX012034,20251,2026-11-12 09:12:00,Bank Transfer,3133.31,UAE,Online
TX012035,20251,2026-11-12 09:16:00,Bank Transfer,3913.09,UAE,Online
TX012036,20251,2026-11-12 09:20:00,Bank Transfer,2573.13,Singapore,Online
